#{"t_start": 1709745596.1652262, "env_id": "PhyRMSA-v0"}
r,l,t,episode_service_blocking_rate,service_blocking_rate,episode_bit_rate_blocking_rate,number_cuts_total,rss_total_metric,C_BVTs,L_BVTs,S_BVTs,total_path_length
179.0,179,36.865024,0.0,0.0,0.0,1.7798507462686568,0.8464355837561522,0.7944444444444444,0.0,0.0,116408
179.0,179,103.625936,0.0,0.0,0.0,2.2276119402985075,0.7881424478620498,0.6406685236768802,0.06406685236768803,0.0,203194
179.0,179,189.283511,0.0,0.0,0.0,2.626865671641791,0.7313683541381772,0.5074349442379182,0.12453531598513011,0.0,276971
179.0,179,277.487794,0.0,0.0,0.0,2.9888059701492535,0.6824466021377936,0.4421199442119944,0.1101813110181311,0.022315202231520222,316188
179.0,179,373.67219,0.0,0.0,0.0,2.996268656716418,0.6787742874136914,0.3716517857142857,0.09263392857142858,0.025669642857142856,332278
179.0,179,468.871482,0.0,0.0,0.0,3.3507462686567164,0.6308568762970651,0.34232558139534885,0.06697674418604652,0.052093023255813956,380044
178.0,179,549.388437,0.00558659217877095,0.0007980845969672786,0.009060955518945634,4.115671641791045,0.5357260571118974,0.3224261771747805,0.05666400638467677,0.10614525139664804,451637
175.0,179,601.509035,0.0223463687150838,0.0034916201117318434,0.030402629416598194,4.018656716417911,0.5415865177587765,0.30602240896358546,0.04341736694677871,0.11274509803921569,475147
165.0,179,657.144477,0.0782122905027933,0.011793916821849782,0.10918544194107452,3.9813432835820897,0.5431638602145522,0.2962962962962963,0.032015065913371,0.10922787193973635,488318
177.0,179,720.462674,0.0111731843575419,0.011731843575418994,0.0047984644913627635,3.958955223880597,0.5431250149528674,0.28135593220338984,0.023728813559322035,0.11073446327683616,498163
172.0,179,775.906339,0.03910614525139665,0.014220416455053326,0.051647373107747106,3.970149253731343,0.5408943783070134,0.2698249227600412,0.01956745623069001,0.10092687950566426,511880
175.0,179,841.883703,0.0223463687150838,0.0148975791433892,0.03324348607367475,3.9776119402985075,0.5378311004907245,0.26547000472366555,0.014643363249881908,0.0930562116202173,538631
170.0,179,892.682373,0.05027932960893855,0.017619252256123763,0.07801418439716312,4.041044776119403,0.5309037980673825,0.2610406646261478,0.006558810668998688,0.0905115872321819,557445
176.0,179,945.972336,0.01675977653631285,0.017557861133280128,0.023809523809523808,3.8097014925373136,0.5505882536788819,0.24847746650426308,0.0028420625253755584,0.08607389362565976,553630
169.0,179,1027.63607,0.055865921787709494,0.02011173184357542,0.07206405693950178,3.9291044776119404,0.5322860426581346,0.24354103343465044,0.0,0.0885258358662614,574799
167.0,179,1089.980907,0.0670391061452514,0.023044692737430168,0.07871198568872988,3.9141791044776117,0.5279293491544613,0.24080028581636298,0.0,0.08395855662736691,594998
171.0,179,1155.700553,0.0446927374301676,0.024318107131120606,0.06206896551724138,4.003731343283582,0.5188348355089012,0.22996632996632996,-0.00202020202020202,0.08350168350168351,608551
174.0,179,1216.888086,0.027932960893854747,0.02451893234016139,0.0420017873100983,3.996268656716418,0.5177487947638215,0.21882951653944022,0.002544529262086514,0.07665394402035623,632585
171.0,179,1261.255452,0.0446927374301676,0.025580711555424875,0.0673076923076923,4.067164179104478,0.5057251475930992,0.20874811463046758,0.0027149321266968325,0.0784313725490196,636553
170.0,179,1310.453512,0.05027932960893855,0.026815642458100558,0.08007448789571694,3.9888059701492535,0.5144446570037049,0.20258249641319942,0.0028694404591104736,0.0746054519368723,631030
168.0,179,1363.392188,0.061452513966480445,0.028465017291832935,0.07648026315789473,3.955223880597015,0.5212691046889043,0.19901450862304954,0.0010949904188338351,0.07007938680536545,625588
176.0,179,1415.524172,0.01675977653631285,0.027932960893854747,0.01818181818181818,3.9291044776119404,0.5187951089299155,0.19456777226429878,0.0005223295899712719,0.06920867067119352,643595
174.0,179,1460.635288,0.027932960893854747,0.027932960893854747,0.04111986001749781,3.8992537313432836,0.5236653723711434,0.1871096677491881,-0.0002498126405196103,0.06620034973769673,644771
170.0,179,1510.160911,0.05027932960893855,0.028864059590316574,0.06802120141342756,4.029850746268656,0.5115548921038593,0.1806853582554517,-0.0011981787682722263,0.06326383896477354,648948
169.0,179,1558.705333,0.055865921787709494,0.02994413407821229,0.07030527289546716,3.9477611940298507,0.5216025600308017,0.17411331183786274,-0.003454629203132197,0.0589590050667895,648675
167.0,179,1597.209447,0.0670391061452514,0.03137086377309841,0.0958904109589041,4.085820895522388,0.508867778050664,0.16633399866932802,-0.003992015968063872,0.05500110889332446,641983
169.0,179,1643.73107,0.055865921787709494,0.03227808814400993,0.08198198198198198,4.059701492537314,0.5134456293851518,0.1616075245831552,-0.0036340316374519027,0.05536554082941428,644008
169.0,179,1697.80607,0.055865921787709494,0.03312051077414206,0.07872696817420435,4.041044776119403,0.5166718408044513,0.1563853930266144,-0.0006189395502372602,0.055498246337940996,647617
171.0,179,1750.108383,0.0446927374301676,0.0335195530726257,0.060862214708368556,3.962686567164179,0.5200197182532704,0.1556396970904743,-0.00039856516540454366,0.055201275408529295,649222
169.0,179,1796.709183,0.055865921787709494,0.03426443202979516,0.08259325044404973,3.917910447761194,0.5257828165103838,0.15268941584731058,-0.002699055330634278,0.05166763061499904,649944
171.0,179,1844.204261,0.0446927374301676,0.03460082897819427,0.05932932072226999,3.91044776119403,0.5224949991008494,0.1530421799178798,-0.003919372900335946,0.05412467338559164,664806
170.0,179,1878.835639,0.05027932960893855,0.03509078212290503,0.06615776081424936,3.9365671641791047,0.51674437787244,0.14924023154848046,-0.003979739507959479,0.05137481910274964,649100
170.0,179,1923.331424,0.05027932960893855,0.03555104113763331,0.059931506849315065,3.9291044776119404,0.5154223384170921,0.1440856440856441,-0.004914004914004914,0.05177255177255177,654366
169.0,179,1974.764885,0.055865921787709494,0.03614853762734144,0.07855251544571933,4.0335820895522385,0.5086979209648949,0.14385546275779784,-0.004942900971535708,0.04976989943753196,671094
162.0,179,2010.771623,0.09497206703910614,0.037829209896249,0.1170651277823578,4.052238805970149,0.5026951446684409,0.14247802288936806,-0.004975949577044286,0.04677392602421629,685866
165.0,179,2041.507751,0.0782122905027933,0.03895096213531968,0.0936532507739938,4.052238805970149,0.5083866138445157,0.14045850823377462,-0.0056506296415886345,0.0463351630610268,671852
171.0,179,2079.742329,0.0446927374301676,0.03910614525139665,0.05032467532467533,4.044776119402985,0.50553440870355,0.13652788688138257,-0.005341712490180676,0.04760408483896308,653879
174.0,179,2110.441497,0.027932960893854747,0.038812114084092915,0.0372940156114484,3.9888059701492535,0.5192474147515498,0.1348830096345007,-0.005658357547025539,0.04129071723505123,648091
168.0,179,2147.542829,0.061452513966480445,0.03939263715800029,0.0819081908190819,4.026119402985074,0.5163758889986055,0.13165349634710005,-0.006709408081109289,0.038914566870433875,639334
175.0,179,2196.666816,0.0223463687150838,0.038966480446927375,0.028469750889679714,3.9402985074626864,0.5290174247303342,0.12903225806451613,-0.006974716652136007,0.03865155478058704,628055
172.0,179,2252.185823,0.03910614525139665,0.038969886905572966,0.06621392190152801,3.9402985074626864,0.5270113706126519,0.12872129288347037,-0.005954068613552594,0.0389849730649277,638574
168.0,179,2298.290259,0.061452513966480445,0.039505187549880284,0.06301369863013699,3.9365671641791047,0.5247446641296502,0.1282193298255331,-0.006369426751592357,0.03572417612849626,632442
166.0,179,2355.996846,0.07262569832402235,0.04027543198648824,0.09634255129348795,4.052238805970149,0.514868400400466,0.1254737412019491,-0.005955603681645912,0.035327558202490526,630779
161.0,179,2415.247247,0.1005586592178771,0.04164550533265617,0.1437282229965157,3.985074626865672,0.5191997884848107,0.1247847397006226,-0.006358458073917075,0.03430918002384422,632248
170.0,179,2454.629116,0.05027932960893855,0.04183736809435133,0.06976744186046512,3.8992537313432836,0.5243631104991667,0.12397979012825495,-0.007254825754631429,0.03225806451612903,615449
176.0,179,2513.291128,0.01675977653631285,0.04129220306048093,0.028070175438596492,4.100746268656716,0.5045438447733475,0.12222925902469918,-0.007599746675110829,0.031158961367954402,630880
170.0,179,2552.920207,0.05027932960893855,0.04148341851895875,0.06514382402707276,4.119402985074627,0.5032452834856748,0.12101673899566026,-0.009051456912585245,0.03248605083694978,620446
161.0,179,2598.680469,0.1005586592178771,0.04271415270018622,0.12564543889845095,4.08955223880597,0.5028228504787207,0.12035010940919037,-0.009482129832239242,0.032944322878677365,643488
165.0,179,2629.018624,0.0782122905027933,0.04343860449207616,0.10798946444249341,3.917910447761194,0.5187433994171702,0.11822190442140389,-0.011321654153259446,0.03193898224287928,632696
167.0,179,2674.91577,0.0670391061452514,0.04391061452513966,0.07043478260869565,3.8507462686567164,0.522530823517489,0.11825192802056556,-0.012035522318298669,0.030497779855106332,658840
166.0,179,2716.011616,0.07262569832402235,0.04447365538394129,0.09292412617220801,3.9291044776119404,0.5188755499273133,0.11806510774873911,-0.013067400275103164,0.030261348005502064,669426
169.0,179,2759.829878,0.055865921787709494,0.0446927374301676,0.08006535947712418,3.832089552238806,0.5281818960233037,0.11762060047228157,-0.012819071179579445,0.029573822107275386,676987
160.0,179,2810.669345,0.10614525139664804,0.04585221882576157,0.12554112554112554,3.8656716417910446,0.5275766215653553,0.11786148238153099,-0.014470341323318238,0.030155749475312053,677495
175.0,179,2857.288369,0.0223463687150838,0.045416925305193465,0.03587443946188341,3.783582089552239,0.5412235560008282,0.11681837884698743,-0.015604681404421327,0.03012570437798006,650306
172.0,179,2888.988387,0.03910614525139665,0.045302183849669886,0.05603448275862069,3.843283582089552,0.5385978337748866,0.1151063829787234,-0.01680851063829787,0.029361702127659574,642397
166.0,179,2955.012745,0.07262569832402235,0.0457901037509976,0.10732538330494037,3.753731343283582,0.5379248675562199,0.11582688689107255,-0.016725904244198203,0.031047459753292914,666572
174.0,179,3004.739271,0.027932960893854747,0.04547682054297755,0.03516295025728988,3.656716417910448,0.5478222646710171,0.11519507186858316,-0.017043121149897332,0.02915811088295688,648974
172.0,179,3065.880771,0.03910614525139665,0.045366981313812366,0.0462882096069869,3.6305970149253732,0.547908987164542,0.11602098466505247,-0.01765536723163842,0.029055690072639227,665494
172.0,179,3126.089644,0.03910614525139665,0.0452608654483477,0.03819444444444445,3.6940298507462686,0.5430173533650676,0.11354621182070607,-0.016957556525188416,0.029849266164220546,654279
174.0,179,3161.935311,0.027932960893854747,0.044972067039106146,0.04096989966555184,3.735074626865672,0.5395903104468273,0.11249756287775395,-0.017059855722363033,0.029342951842464417,653051
175.0,179,3204.572913,0.0223463687150838,0.044601153951827094,0.03796376186367558,3.8917910447761193,0.5308168695172745,0.11089811176075913,-0.016773698840218537,0.026933767852008052,645868
172.0,179,3243.727742,0.03910614525139665,0.044512524779239504,0.053772766695576756,3.861940298507463,0.5337621306311069,0.11013672795851014,-0.01735030645921735,0.023668081093823668,633903
168.0,179,3293.367991,0.061452513966480445,0.044781413496497294,0.08862876254180602,3.906716417910448,0.5308901997777831,0.11073981249419845,-0.017543859649122806,0.02292768959435626,649371
171.0,179,3351.525064,0.0446927374301676,0.044780027932960896,0.06465517241379311,3.962686567164179,0.5210652549085696,0.11065423976608187,-0.017269736842105265,0.02266081871345029,654289
172.0,179,3390.119888,0.03910614525139665,0.0446927374301676,0.058118081180811805,3.8134328358208953,0.5394275684492681,0.11002159050017993,-0.018711766822598057,0.022759985606333213,637440
168.0,179,3442.532435,0.061452513966480445,0.04494667343829355,0.0827129859387924,3.791044776119403,0.5401720596368829,0.11059907834101383,-0.020028358738036156,0.02339595887982985,629820
168.0,179,3494.669781,0.061452513966480445,0.04519302926707246,0.08469055374592833,3.7425373134328357,0.5500307789400353,0.11072301781348236,-0.020695075096053093,0.023314704855047153,611516
167.0,179,3542.318549,0.0670391061452514,0.04551429510351627,0.0781786941580756,3.798507462686567,0.541166467606732,0.11076684740511232,-0.020827954212927102,0.023582063860917463,627183
170.0,179,3585.420804,0.05027932960893855,0.045583353574609346,0.07641196013289037,3.970149253731343,0.5261336930462417,0.10942403935872423,-0.02001866146407668,0.023581304605988635,611502
168.0,179,3643.476094,0.061452513966480445,0.04581005586592179,0.0840630472854641,4.003731343283582,0.5230926356764327,0.11022831814000167,-0.020322823450698337,0.02391904323827047,622285
171.0,179,3694.551497,0.0446927374301676,0.04579431898654497,0.06700593723494487,4.022388059701493,0.5211135989898973,0.10900395778364116,-0.020448548812664908,0.022015171503957785,627880
175.0,179,3730.08504,0.0223463687150838,0.04546865301055245,0.02972749793559042,4.018656716417911,0.5192695244621923,0.10859140047142973,-0.020970495001219214,0.020970495001219214,624722
170.0,179,3764.488702,0.05027932960893855,0.0455345526899824,0.06807131280388978,3.951492537313433,0.527674605332132,0.10919586306421872,-0.021566583821053475,0.021326064298885592,642085
173.0,179,3825.367913,0.0335195530726257,0.04537218783028839,0.04159132007233273,3.91044776119403,0.5240615906761555,0.10999525541673257,-0.021904159417997785,0.021034319152301122,649832
165.0,179,3875.47466,0.0782122905027933,0.04581005586592179,0.1078838174273859,3.955223880597015,0.5180617838135959,0.11029583951291859,-0.021309811880415266,0.019982827257825308,672149
166.0,179,3927.522259,0.07262569832402235,0.04616289326668627,0.1011433597185576,4.037313432835821,0.5096656533210467,0.10903906912229329,-0.019881328504276798,0.019650150265854975,680953
172.0,179,3979.672675,0.03910614525139665,0.046071247188565624,0.0405040504050405,4.119402985074627,0.4993223441530636,0.10738459198418131,-0.01924100692067838,0.02022967526047608,686877
171.0,179,4022.389999,0.0446927374301676,0.04605357398653488,0.05803571428571429,4.0559701492537314,0.5052729190916369,0.10683183183183183,-0.019894894894894894,0.01891891891891892,669450
171.0,179,4069.604557,0.0446927374301676,0.04603634820734036,0.06200873362445415,4.0111940298507465,0.5115589209201941,0.1071084426654807,-0.019568601289748723,0.01890148988214365,680776
162.0,179,4123.061129,0.09497206703910614,0.04664804469273743,0.10863757791629564,4.037313432835821,0.5047587418516375,0.1064234966673991,-0.01999560536145902,0.01940965355599502,691514
165.0,179,4162.02359,0.0782122905027933,0.04703772673977516,0.100418410041841,4.1716417910447765,0.49908672034190543,0.10529743812418585,-0.01997394702561876,0.01997394702561876,678334
171.0,179,4199.676033,0.0446927374301676,0.047009129309170186,0.05063291139240506,4.0111940298507465,0.5101307536922242,0.10486811065837444,-0.019729787690328116,0.018871970834226894,674024
155.0,179,4251.190175,0.1340782122905028,0.04805815440533082,0.1662551440329218,3.958955223880597,0.5137736684266669,0.10534502262443439,-0.01880656108597285,0.018735859728506787,700356
169.0,179,4297.511027,0.055865921787709494,0.048151104017025805,0.08399646330680813,3.9813432835820897,0.5094875824690759,0.10486969887514846,-0.019283169146929364,0.017885838049325788,705622
172.0,179,4324.124096,0.03910614525139665,0.048044692737430165,0.05728727885425442,3.966417910447761,0.5102563687915881,0.1052813255091474,-0.02036589575422851,0.018018639972385227,695330
168.0,179,4360.146554,0.061452513966480445,0.04820059763544238,0.09176672384219554,3.921641791044776,0.5136579696976706,0.10550740462703884,-0.020746604790827818,0.018767487886439636,701361
162.0,179,4402.774337,0.09497206703910614,0.04873820073203622,0.11794439764111204,3.9402985074626864,0.5214156637695184,0.10475869051636855,-0.02173472831589605,0.01653729328383395,678878
170.0,179,4447.387955,0.05027932960893855,0.04875571356018284,0.06060606060606061,3.91044776119403,0.5217081116219595,0.10537203870537204,-0.022088755422088754,0.016616616616616616,683820
175.0,179,4477.125902,0.0223463687150838,0.04845897934844015,0.02177700348432056,3.917910447761194,0.5246857373948807,0.10474934036939314,-0.02150395778364116,0.01642480211081794,678629
177.0,179,4515.254,0.0111731843575419,0.048044692737430165,0.017873941674506115,3.9925373134328357,0.5199683993474375,0.10438808111103866,-0.023016235248092848,0.017539284084240724,676213
172.0,179,4548.207319,0.03910614525139665,0.047946466940880346,0.05871886120996441,4.029850746268656,0.5170219756541761,0.10323038235863047,-0.023599200464246566,0.017344767554323296,660555
176.0,179,4580.269279,0.01675977653631285,0.04760748117561331,0.020157756354075372,4.0335820895522385,0.5147824516470098,0.10270959515460631,-0.02378068218042716,0.01721389862926363,665869
168.0,179,4629.060253,0.061452513966480445,0.04775635249594522,0.07723577235772358,4.014925373134329,0.5170303793902833,0.10294581467230177,-0.024285624172080994,0.015896044912634834,661809
171.0,179,4667.978966,0.0446927374301676,0.047723760846309284,0.05945499587118084,4.0,0.5193714188502154,0.10340738891662506,-0.024837743384922617,0.015664003994008985,654493
170.0,179,4716.663408,0.05027932960893855,0.04775066157012643,0.0677361853832442,4.0559701492537314,0.513169933321568,0.10386562924539954,-0.025750277880696556,0.0157465728047425,652314
172.0,179,4771.315897,0.03910614525139665,0.047660614525139665,0.050818260120585705,4.149253731343284,0.5033886069013004,0.10436270316509838,-0.02615177807650006,0.016314310155199803,651049
168.0,179,4808.19236,0.061452513966480445,0.047802799055462766,0.0818260120585702,4.126865671641791,0.498958406142208,0.10348373049473812,-0.02564412725293335,0.016209023829684286,649292
174.0,179,4854.032428,0.027932960893854747,0.047600045604834114,0.04,4.048507462686567,0.5163668743522533,0.10270529087862101,-0.026095283696432846,0.01526214986832655,620380
171.0,179,4901.307039,0.0446927374301676,0.04757067885559506,0.06684256816182937,4.134328358208955,0.5036610927451604,0.10213875229575212,-0.02547544285798922,0.015463001362639967,619356
170.0,179,4947.145684,0.05027932960893855,0.04759776536312849,0.06058091286307054,3.966417910447761,0.5173825622331393,0.10188280837585782,-0.02445891254619039,0.01577805149862162,632391
177.0,179,4981.792032,0.0111731843575419,0.0472371259472316,0.01751459549624687,3.966417910447761,0.5123074205438757,0.10130035992104958,-0.024439800301869267,0.01637060257749913,626062
174.0,179,5030.972215,0.027932960893854747,0.04704786942710045,0.03604358759430008,3.917910447761194,0.5162659169341158,0.1003448275862069,-0.02413793103448276,0.016839080459770114,631975
169.0,179,5070.255704,0.055865921787709494,0.047133481585941314,0.06694915254237288,3.8843283582089554,0.5102746843236854,0.10114406056121578,-0.023734987762536287,0.01633559109795663,664871
174.0,179,5110.133439,0.027932960893854747,0.04694886119467125,0.03200692041522491,3.9477611940298507,0.5070391802531626,0.10015217268782055,-0.024009468522797724,0.015386349546299949,643846
168.0,179,5146.376415,0.061452513966480445,0.047086991221069435,0.0713128038897893,3.9365671641791047,0.5145379082916474,0.09949193233208643,-0.024398414382223215,0.015800346155993523,640289
174.0,179,5182.113393,0.027932960893854747,0.04690629282175609,0.02643573381950775,4.097014925373134,0.5048140414032222,0.09881116947746751,-0.024384849322643076,0.01537185512855958,632508
164.0,179,5226.440708,0.08379888268156424,0.04725108338119355,0.10820559062218214,3.9776119402985075,0.5165753819813298,0.09934790947449175,-0.02438489780261932,0.015617294098306757,644545
168.0,179,5272.110084,0.061452513966480445,0.047382578108835095,0.08318739054290718,3.9813432835820897,0.5166692648504398,0.09876744312320139,-0.02437964923711788,0.014768963457674974,646535
173.0,179,5313.730463,0.0335195530726257,0.04725539439290657,0.04692832764505119,4.029850746268656,0.507418020989865,0.09838622915545993,-0.02431414739107047,0.014308768154922002,634384
171.0,179,5351.16656,0.0446927374301676,0.047232097511427124,0.061461794019933555,3.9813432835820897,0.5094889799839823,0.09903523266350407,-0.024518948883321786,0.01391183838814562,644642
169.0,179,5380.265898,0.055865921787709494,0.047309879712114346,0.0769927536231884,3.951492537313433,0.5150105677474552,0.09894347596407818,-0.024933967247754887,0.013523507659799261,634345
173.0,179,5397.504035,0.0335195530726257,0.047186751795690346,0.049413735343383586,3.9477611940298507,0.517195563447771,0.09898968748364131,-0.0257027691985552,0.012982254096215255,630350
176.0,179,5437.927315,0.01675977653631285,0.04691748652790824,0.024,3.8917910447761193,0.5146598794032082,0.0988640489651953,-0.025312516209346957,0.01317495720732403,624048
173.0,179,5471.216526,0.0335195530726257,0.04679996079584436,0.04329004329004329,3.832089552238806,0.5283397369326033,0.09752210569607238,-0.025344437589965043,0.012132428542052232,615113
167.0,179,5516.866867,0.0670391061452514,0.04697595336410007,0.08430717863105175,3.6977611940298507,0.5453069395120694,0.0977114022121413,-0.025638411743717823,0.011978184413068964,605463
172.0,179,5563.928817,0.03910614525139665,0.0469081101907147,0.04719501335707925,3.6828358208955225,0.5504150560673182,0.09777171441564347,-0.025769289070789753,0.011722500126320045,603018
173.0,179,5602.498812,0.0335195530726257,0.04679367807859428,0.03985828166519043,3.8022388059701493,0.5363524165719918,0.09752554598276898,-0.025946704067321177,0.012823081546784212,602884
170.0,179,5633.688996,0.05027932960893855,0.04682321749834296,0.056255247691015954,3.8507462686567164,0.5333641177361061,0.09764577331876428,-0.027068640111254594,0.013161815833912785,593815
176.0,179,5669.128275,0.01675977653631285,0.04657058354067884,0.02477291494632535,3.966417910447761,0.5234202158006908,0.09739044805514525,-0.026834071885770555,0.012604628261939931,590992
177.0,179,5719.257222,0.0111731843575419,0.0462756052141527,0.016736401673640166,4.100746268656716,0.5039162047683007,0.09659784253429003,-0.026211744032801288,0.014496998096353785,611792
161.0,179,5770.36161,0.1005586592178771,0.046724225495175215,0.09695973705834018,4.044776119402985,0.5120585806645974,0.09686168151879117,-0.02566834560247966,0.0131731886865556,614918
172.0,179,5814.844683,0.03910614525139665,0.04666178221448851,0.055507372072853424,3.958955223880597,0.5218385455942303,0.09697406340057636,-0.025504322766570605,0.012968299711815562,608153
163.0,179,5870.12381,0.0893854748603352,0.047009129309170186,0.13878676470588236,3.955223880597015,0.5200239910995026,0.09684029928990134,-0.024638993470905018,0.01320116284611352,641163
175.0,179,5901.605451,0.0223463687150838,0.046810236078572716,0.02943650126156434,4.0,0.5108464823973533,0.09499952736553549,-0.024293411475564797,0.013706399470649399,629172
170.0,179,5939.5062,0.05027932960893855,0.04683798882681564,0.06964746345657781,3.8694029850746268,0.5244658922601758,0.09471117779444861,-0.023677794448612153,0.01308139534883721,622774
160.0,179,5996.420046,0.10614525139664804,0.047308681386893675,0.14,3.8805970149253732,0.5254677146701446,0.09447133283693224,-0.023268801191362622,0.01251861504095309,642588
168.0,179,6037.826076,0.061452513966480445,0.04742005014736286,0.0784789644012945,3.8955223880597014,0.5291490257191722,0.0948928703361655,-0.02350387883265608,0.012606206132249723,665594
176.0,179,6064.207226,0.01675977653631285,0.04718051675977654,0.028745644599303136,4.067164179104478,0.5113411796207166,0.0944943202638329,-0.024184683034078416,0.01277940637596189,654229
171.0,179,6092.407478,0.0446927374301676,0.0471612316486943,0.06542056074766354,4.100746268656716,0.5032852519053228,0.094532563741308,-0.02431486615461528,0.01299822751442985,652729
176.0,179,6119.504286,0.01675977653631285,0.04692737430167598,0.022123893805309734,4.063432835820896,0.5144973951267959,0.09319626673880697,-0.02461788178006222,0.012849993236845665,627108
177.0,179,6159.198403,0.0111731843575419,0.046654441554010835,0.0158311345646438,4.07089552238806,0.5102850175419131,0.09339774557165861,-0.02500447307210592,0.013061370549293254,620797
176.0,179,6211.958427,0.01675977653631285,0.04642796681902827,0.03058623619371283,4.041044776119403,0.5135031487670261,0.09351145038167939,-0.02485354162968223,0.012648677436534706,632416
176.0,179,6251.661059,0.01675977653631285,0.04620489771915823,0.02531645569620253,4.082089552238806,0.5147903626791799,0.09331513123128413,-0.02554165932710939,0.011757970759203805,612613
177.0,179,6293.041936,0.0111731843575419,0.04594346702242975,0.016100178890876567,3.966417910447761,0.525262321794813,0.09355473017260214,-0.02534411186366616,0.010749399169761852,610478
166.0,179,6342.900232,0.07262569832402235,0.04614111318021932,0.121131741821397,3.9888059701492535,0.5212364306917153,0.09322805952019435,-0.025335126458721963,0.0111925729903258,618479
173.0,179,6409.999816,0.0335195530726257,0.046048307591192904,0.04695652173913043,3.9328358208955225,0.5326008806205533,0.09309335170513262,-0.025878401653461936,0.010807785049948329,609048
173.0,179,6468.016687,0.0335195530726257,0.045956856828283654,0.055762081784386616,3.91044776119403,0.5342756674909224,0.09296063597897167,-0.025858015984955338,0.010813352139163141,621730
169.0,179,6525.636961,0.055865921787709494,0.04602866164683021,0.07961504811898512,3.798507462686567,0.5501375215612896,0.09280319103793601,-0.026351523381142324,0.010608503776627344,610358
175.0,179,6572.688233,0.0223463687150838,0.045858285438688154,0.03177124702144559,3.9291044776119404,0.5377452735254831,0.09304578577145023,-0.026494250452803167,0.010825154795501453,622414
171.0,179,6623.652659,0.0446927374301676,0.04584996009577015,0.061932287365813375,3.9813432835820897,0.5237116818675084,0.09317497490799599,-0.02617932418869187,0.010705921712947474,618275
170.0,179,6661.49963,0.05027932960893855,0.04588137406394865,0.06382978723404255,3.9738805970149254,0.5319556662980469,0.09338925338427041,-0.02665891537247737,0.010132048833153393,598946
171.0,179,6705.55911,0.0446927374301676,0.04587300338342907,0.049301561216105176,3.906716417910448,0.5370348604272259,0.09310188430297282,-0.026099863934358637,0.010101843070960294,593665
173.0,179,6752.169411,0.0335195530726257,0.045786615619017854,0.04513888888888889,3.7611940298507465,0.5504492625090324,0.09354785883894211,-0.026324408417260296,0.009948415622697125,595468
174.0,179,6790.595482,0.027932960893854747,0.04566263190564866,0.03125,3.888059701492537,0.5349170468814668,0.09345528455284553,-0.026585365853658536,0.010772357723577236,596792
171.0,179,6832.188402,0.0446927374301676,0.045655942978231556,0.06326034063260341,3.824626865671642,0.5388776891150654,0.09385975535908926,-0.027007387671066974,0.010496144685317508,592278
173.0,179,6885.728896,0.0335195530726257,0.04557281701997398,0.04419410745233969,3.705223880597015,0.5507322384064857,0.09429121231558692,-0.02710070558050032,0.010703976908274534,586947
171.0,179,6944.026803,0.0446927374301676,0.0455668300839889,0.0563265306122449,3.958955223880597,0.5245274799796609,0.09364921361736014,-0.026358749751144734,0.011387616961974916,602943
172.0,179,6982.920846,0.03910614525139665,0.04552317680809301,0.05148342059336824,3.873134328358209,0.5292930047196591,0.09364495590619686,-0.026456281883972,0.011389251393996916,596586
174.0,179,7015.723263,0.027932960893854747,0.045405121667729,0.03950834064969271,3.8805970149253732,0.5319972724566482,0.09367267585719335,-0.02655041043164055,0.01166489925768823,600390
175.0,179,7044.17014,0.0223463687150838,0.045251396648044694,0.029694323144104803,3.8134328358208953,0.54346268555916,0.0924871274769855,-0.026525198938992044,0.010415041348104228,576981
173.0,179,7085.787763,0.0335195530726257,0.04517370231973066,0.03690685413005272,3.9888059701492535,0.520051062530185,0.09221589368049905,-0.026463636715874306,0.01081018249447867,573866
173.0,179,7132.626369,0.0335195530726257,0.045097030285210234,0.04583333333333333,3.921641791044776,0.5265946430840669,0.09283350011546455,-0.026672311600338696,0.010776691555692403,588928
169.0,179,7187.311744,0.055865921787709494,0.04516741519699127,0.07771135781383433,3.832089552238806,0.536165897760218,0.09299835570341479,-0.027150013383809415,0.010592329165232688,583259
168.0,179,7238.213409,0.061452513966480445,0.045273162591598345,0.0838272650296359,3.921641791044776,0.5297330306036021,0.09289866636270375,-0.027204681028914473,0.010752688172043012,600641
169.0,179,7289.671307,0.055865921787709494,0.04534150297350874,0.06896551724137931,3.917910447761194,0.5248572685425917,0.09317426759287224,-0.027333131984294774,0.010646330413772274,608188
167.0,179,7341.728783,0.0670391061452514,0.045480590173327604,0.06988352745424292,3.9291044776119404,0.5235648498836576,0.09337835302945038,-0.02761208028512474,0.010767210654661415,612612
162.0,179,7408.749079,0.09497206703910614,0.045795822510052306,0.13360655737704918,3.8843283582089554,0.5284757867593997,0.09359734496774434,-0.02770630570160719,0.010590297199537607,615387
164.0,179,7459.86372,0.08379888268156424,0.04603634820734036,0.12404418011894647,3.9925373134328357,0.520768055984934,0.09358437418924428,-0.02794559134205552,0.011341314258181684,625470
169.0,179,7515.157038,0.055865921787709494,0.04609816942482695,0.07346938775510205,4.007462686567164,0.5204013511341999,0.09384898710865562,-0.02825046040515654,0.011012891344383057,618696
168.0,179,7566.307029,0.061452513966480445,0.04619413407821229,0.07678883071553229,4.0111940298507465,0.5170118149822713,0.09411377113990775,-0.027893696463869976,0.010396075847426606,634178
175.0,179,7617.864798,0.0223463687150838,0.04604601131198168,0.029053420805998126,4.007462686567164,0.5185651333048876,0.09333284836140109,-0.027788891717891825,0.010366275051831375,626873
170.0,179,7674.675769,0.05027932960893855,0.04607214290640734,0.07360406091370558,4.152985074626866,0.5034859512708865,0.09301232693489499,-0.027798864909807323,0.011314752557567871,630638
178.0,179,7722.52472,0.00558659217877095,0.04582376529458135,0.009009009009009009,4.138059701492537,0.5097813613701531,0.09227398441147948,-0.027585216048274127,0.011565676520239933,631364
173.0,179,7786.741632,0.0335195530726257,0.04574873961030113,0.05680868838763575,4.223880597014926,0.4919396433468842,0.09198971942600129,-0.027343471121582065,0.012136788748482901,635660
177.0,179,7813.462502,0.0111731843575419,0.045539190790587436,0.020257826887661142,4.276119402985074,0.49086244297267406,0.0907736511652655,-0.027349153985314463,0.01195416977049413,640601
172.0,179,7857.948409,0.03910614525139665,0.04550043750420677,0.055790363482671176,4.257462686567164,0.49163173144581346,0.09061100729824066,-0.02735958819588901,0.011000246800408984,645781
177.0,179,7895.672742,0.0111731843575419,0.045294885090154884,0.012998266897746967,3.9888059701492535,0.5112039254563879,0.09078486334968465,-0.027049754730203223,0.010616678346180798,651974
172.0,179,7939.30577,0.03910614525139665,0.04525804735301942,0.04329725228975854,4.104477611940299,0.49585042674825136,0.0905196433546949,-0.027061855670103094,0.01124965171356924,658705
172.0,179,7968.522289,0.03910614525139665,0.045221645565435856,0.059027777777777776,4.007462686567164,0.5024925280089172,0.09043068827032268,-0.02672760005539399,0.01135576789918294,673276
171.0,179,8002.217466,0.0446927374301676,0.04521853434111075,0.06271186440677966,3.9776119402985075,0.5041336797619862,0.09031147823094132,-0.02694889003613836,0.010531750129065565,674087
166.0,179,8043.984488,0.07262569832402235,0.04537881015387631,0.08807829181494661,3.9402985074626864,0.5111690851609392,0.09041442797987749,-0.027206461106738303,0.010437698915163753,666216
167.0,179,8089.678202,0.0670391061452514,0.04550474210731454,0.08449477351916376,4.085820895522388,0.49660906768691415,0.09061521709541309,-0.027392132843337417,0.010106165781951818,679993
172.0,179,8138.750207,0.03910614525139665,0.04546775599832079,0.06542056074766354,4.007462686567164,0.5059748580195,0.09059539918809202,-0.02740189445196211,0.009709066305818673,671719
170.0,179,8187.301159,0.05027932960893855,0.0454954087202209,0.07149321266968325,3.9328358208955225,0.5020976141495336,0.09048099562731247,-0.027009754456777665,0.010023545240497814,687048
176.0,179,8225.570168,0.01675977653631285,0.04533120510774142,0.025261324041811847,3.8582089552238807,0.508437679274911,0.09034976258944694,-0.026650170534340933,0.00916204106199425,698295
173.0,179,8263.31905,0.0335195530726257,0.04526409344845099,0.04607508532423208,3.8582089552238807,0.5052302350820352,0.0900960803218192,-0.02636390837461352,0.00930882010705143,692553
168.0,179,8286.944514,0.061452513966480445,0.04535555345137771,0.08614564831261101,3.8582089552238807,0.5131067035910737,0.08982709028994611,-0.026382781763480675,0.009257116408238834,675058
168.0,179,8318.744152,0.061452513966480445,0.04544598581382211,0.0852372583479789,3.8582089552238807,0.5120729226596507,0.09035015617294098,-0.0265329607101759,0.009436133486766397,676516
172.0,179,8348.852648,0.03910614525139665,0.045410567710121405,0.053642914331465175,3.9440298507462686,0.5058163446782291,0.09033249419688102,-0.026874162225782195,0.009644620263510642,665202
176.0,179,8382.787742,0.01675977653631285,0.045251396648044694,0.022603978300180832,3.8582089552238807,0.5194194706895289,0.09072587198907779,-0.027273022787114392,0.009947014270389755,674167
174.0,179,8430.62984,0.027932960893854747,0.04515571468255193,0.03986710963455149,3.9813432835820897,0.5036008089759282,0.0908620745385784,-0.027313572744610014,0.00966480266347739,672826
177.0,179,8458.986582,0.0111731843575419,0.044968997482963964,0.020462633451957295,4.067164179104478,0.5062072054731415,0.09040946197853056,-0.027479591180818923,0.010059780163270554,660170
173.0,179,8492.010077,0.0335195530726257,0.044906432212962116,0.042682926829268296,4.1716417910447765,0.49935272792826985,0.08987758493943171,-0.027871000735129606,0.009588647041902388,653611
167.0,179,8535.089664,0.0670391061452514,0.045026718484333254,0.08505154639175258,4.25,0.48359624532829154,0.0898454886500922,-0.027945571310485154,0.009760284860431106,666858
171.0,179,8579.956008,0.0446927374301676,0.045024913181337764,0.07204116638078903,4.2164179104477615,0.48618200391081,0.08967588932806324,-0.02782608695652174,0.009770750988142292,660775
165.0,179,8634.028172,0.0782122905027933,0.04520333994113054,0.10615521855486174,4.141791044776119,0.4942250361319001,0.08955646429694873,-0.027744573765335012,0.008776344762503932,658641
173.0,179,8673.109617,0.0335195530726257,0.04514085979744869,0.04781533388293487,4.152985074626866,0.49559432985317886,0.08969746269123674,-0.027938553953008167,0.009072990645433782,646106
176.0,179,8705.733411,0.01675977653631285,0.04498989658861286,0.024496937882764653,4.085820895522388,0.5016740819291662,0.08908180092722237,-0.02815893462771088,0.009334453467749464,641415
177.0,179,8745.910001,0.0111731843575419,0.04481097218527386,0.019691780821917807,4.0783582089552235,0.5074313879312913,0.08868671865329868,-0.02828320336675331,0.009407104839707884,644577
173.0,179,8787.594667,0.0335195530726257,0.044751543663628345,0.04351610095735422,3.996268656716418,0.512066588010413,0.08873772661516205,-0.02810181907722614,0.008649081227492382,653986
172.0,179,8822.64559,0.03910614525139665,0.04472198660387844,0.0546448087431694,4.0559701492537314,0.5008516055539678,0.08796423869446741,-0.027892593613177797,0.008848473714828083,655526
175.0,179,8856.392125,0.0223463687150838,0.0446054469273743,0.02895927601809955,3.9029850746268657,0.5211105851066882,0.08776952125715679,-0.028292118406626873,0.009075405043245218,639717
175.0,179,8890.196828,0.0223463687150838,0.044490114915911656,0.028144239226033423,3.8843283582089554,0.5170643039481523,0.08736481778801006,-0.028263306170670383,0.009481687922207748,633060
174.0,179,8927.133909,0.027932960893854747,0.044404768761158786,0.030837004405286344,3.9291044776119404,0.5148311871509272,0.0868766008738888,-0.02805484405604942,0.008738888051830646,627241
172.0,179,8967.234283,0.03910614525139665,0.0443775963329036,0.05008210180623974,3.955223880597015,0.5127735360931934,0.08678838025002249,-0.02803009862997272,0.008453997661660221,631982
167.0,179,9009.708791,0.0670391061452514,0.04449321628092578,0.06438467807660962,3.91044776119403,0.5159739597762749,0.08704211907886887,-0.027860637155470706,0.008053931511752774,638683
171.0,179,9063.216996,0.0446927374301676,0.04449422907863766,0.05981465880370682,3.9813432835820897,0.5044949325387974,0.08710491170796854,-0.02768956818519068,0.00839887223623683,655449
175.0,179,9093.979399,0.0223463687150838,0.04438237119801366,0.032714412024756855,3.8507462686567164,0.5227609865121717,0.08730439917330972,-0.028196043696486567,0.007853557720696782,659702
167.0,179,9135.873796,0.0670391061452514,0.04449622413744701,0.09515418502202644,3.888059701492537,0.5255328949989786,0.08708170520316126,-0.028233980668096483,0.007844404618503394,647966
170.0,179,9178.151497,0.05027932960893855,0.04452513966480447,0.05866900175131348,3.8059701492537314,0.5293715170328558,0.0874967111994621,-0.028210600169555938,0.007600783465372585,665045
177.0,179,9230.535193,0.0111731843575419,0.04435920953889769,0.02009132420091324,3.9477611940298507,0.5114993819612208,0.08727896696137738,-0.02821079571893904,0.007823406235458352,657505
177.0,179,9265.666584,0.0111731843575419,0.04419492228552464,0.013061224489795919,3.9738805970149254,0.5144514720607384,0.08700558432915714,-0.028471398397037124,0.007841208298370997,646069
167.0,179,9306.950342,0.0670391061452514,0.044307455210942016,0.07557117750439367,3.9291044776119404,0.51607974962725,0.08701912001842893,-0.028248099516240497,0.007285187744759272,664351
164.0,179,9353.910147,0.08379888268156424,0.044501040639719575,0.11217391304347826,3.91044776119403,0.5208833159529986,0.08712598876533303,-0.028287286484007794,0.007365585234437693,676066
177.0,179,9387.893697,0.0111731843575419,0.044338465731026025,0.016597510373443983,4.022388059701493,0.5106634880951106,0.08685733839003108,-0.027944908608742765,0.00732840970657846,666750
170.0,179,9442.501712,0.05027932960893855,0.04436730487606443,0.07348837209302325,3.996268656716418,0.5125251491380911,0.08658020942705526,-0.0277533414682596,0.007463321887681262,675535
167.0,179,9483.891201,0.0670391061452514,0.044476830486060506,0.07960644007155634,3.906716417910448,0.525307504054592,0.08634129808507032,-0.02793311868044964,0.007597582330678416,657437
168.0,179,9530.638935,0.061452513966480445,0.044558444348947145,0.0979020979020979,3.8656716417910446,0.5327969911838046,0.08655197616236578,-0.02825096980941137,0.007449260696013943,665594
164.0,179,9584.508122,0.08379888268156424,0.04474619764240464,0.1067463706233988,3.7276119402985075,0.545964740147839,0.08668644020370474,-0.027981420336896302,0.007443057809614416,663751
171.0,179,9623.620625,0.0446927374301676,0.04474594306996542,0.06506849315068493,3.7686567164179103,0.5341217429054286,0.08669135871230053,-0.0280152607981286,0.007713943579603999,651531
161.0,179,9679.667442,0.1005586592178771,0.04501045831237258,0.14335060449050085,3.794776119402985,0.5287447263626068,0.08683116163016356,-0.028250623787080677,0.0073468256168561135,655143
173.0,179,9706.473008,0.0335195530726257,0.04495625592916623,0.04591368227731864,3.798507462686567,0.5350082996560286,0.0865270534999862,-0.0285572386391855,0.00775322131170157,642829
174.0,179,9750.196634,0.027932960893854747,0.04487633435623049,0.03754266211604096,3.783582089552239,0.5349851777994226,0.08682758052557871,-0.028832688030315513,0.007743636213856166,640441
176.0,179,9791.428298,0.01675977653631285,0.04474494857202527,0.02278481012658228,3.873134328358209,0.5268458303788789,0.08679255595332441,-0.028694012516054985,0.00754242614707731,645048
176.0,179,9835.693857,0.01675977653631285,0.04461478498116149,0.029386343993085567,4.085820895522388,0.5115158246429085,0.08694824444504883,-0.029100601049797385,0.007315945497565884,633021
170.0,179,9905.308054,0.05027932960893855,0.044641009724808604,0.06968325791855204,3.9925373134328357,0.5174274281141358,0.08736024256206178,-0.029210319716289016,0.00747177779582555,650258
172.0,179,9946.242784,0.03910614525139665,0.0446155034369127,0.04939271255060729,3.951492537313433,0.518088661442219,0.0868475654118725,-0.028940206407803617,0.007652717523106357,648125
168.0,179,9990.720686,0.061452513966480445,0.0446927374301676,0.08200836820083682,3.951492537313433,0.5148460446830059,0.08734139864266745,-0.02918533222457684,0.007349982563909976,660667
160.0,179,10037.368521,0.10614525139664804,0.044973342516772534,0.13778162911611785,3.9440298507462686,0.5139485711504937,0.08744891690483186,-0.0292742861721734,0.00731857154304335,666548
168.0,179,10081.45807,0.061452513966480445,0.04504824784154393,0.08395677472984206,4.007462686567164,0.5088910643300196,0.08727098678437525,-0.029329646076528305,0.007392240806232882,664719
170.0,179,10130.312137,0.05027932960893855,0.04507191789479006,0.06643356643356643,4.074626865671642,0.5015336120910906,0.08714297059057098,-0.029382957884427033,0.007253090504804511,655737
170.0,179,10187.877102,0.05027932960893855,0.045095374704313254,0.05147679324894515,4.0111940298507465,0.5079669178039541,0.08733233193664848,-0.02925132421535299,0.00761588531372704,671133
178.0,179,10232.879114,0.00558659217877095,0.044918205275947594,0.0034965034965034965,4.0111940298507465,0.5110048070099161,0.08674098360655738,-0.0291672131147541,0.007580327868852459,650493
173.0,179,10273.556239,0.0335195530726257,0.04486731843575419,0.043220338983050846,4.0783582089552235,0.5032768010395593,0.08608804637317875,-0.029218235939213535,0.00827719463157345,647252
172.0,179,10335.26321,0.03910614525139665,0.04484171322160149,0.048034934497816595,4.0783582089552235,0.5005016899507032,0.08565115674551599,-0.029321549259162985,0.008370158565115674,636965
167.0,179,10378.874631,0.0670391061452514,0.044939931774361,0.09225413402959094,4.085820895522388,0.5007839696418152,0.08559153143359992,-0.029453632528405414,0.008359862308150218,640657
168.0,179,10428.644359,0.061452513966480445,0.045012674427189724,0.07253886010362694,4.0783582089552235,0.5009400849871012,0.08547867542842418,-0.029403427393377143,0.007988661254992913,649646
176.0,179,10475.280133,0.01675977653631285,0.044888758208370086,0.023875114784205693,3.8022388059701493,0.5373689317848324,0.08509273748749391,-0.029475898514660988,0.007901285241527924,642413
171.0,179,10535.574763,0.0446927374301676,0.044887902222439074,0.057188244638602066,3.8992537313432836,0.5191140513532376,0.08518083367388639,-0.0291683694319575,0.008352063751532489,647906
162.0,179,10595.268804,0.09497206703910614,0.045105659460772406,0.12330009066183137,3.7276119402985075,0.5377391157234461,0.08513506638856387,-0.029353410998626442,0.007656305641756117,639218
166.0,179,10634.058095,0.07262569832402235,0.04522479382814578,0.07264957264957266,3.8582089552238807,0.5254675965415437,0.08480243161094225,-0.029331306990881458,0.00732016210739615,629743
167.0,179,10684.21219,0.0670391061452514,0.04531882103640917,0.06367713004484304,3.8059701492537314,0.5335734556254376,0.08510101647035084,-0.02933387141523949,0.0062047569803516025,641186
178.0,179,10719.307241,0.00558659217877095,0.04514829644903733,0.004541326067211626,3.9291044776119404,0.5165026091034363,0.0848210922787194,-0.02937853107344633,0.006177024482109228,632567
176.0,179,10756.126988,0.01675977653631285,0.04502697798787184,0.020145044319097503,3.9402985074626864,0.5181417267436655,0.08409789755256118,-0.029599260018499537,0.006149846253843654,616666
175.0,179,10799.10307,0.0223463687150838,0.04493046475692381,0.03350083752093802,3.9925373134328357,0.5186147575175092,0.08363201911589008,-0.029420549581839903,0.006098168060533652,614362
173.0,179,10852.077495,0.0335195530726257,0.04488211343622763,0.037703513281919454,4.048507462686567,0.5082333483751261,0.08352127685940172,-0.029145703734912886,0.006394210513271705,627778
171.0,179,10901.352574,0.0446927374301676,0.04488131438134974,0.04611443210930828,3.9440298507462686,0.5261244067608779,0.08336623889437315,-0.029047384007897335,0.005923000987166831,623064
177.0,179,10943.128814,0.0111731843575419,0.04473968358293038,0.01697792869269949,4.037313432835821,0.5140296947685348,0.08344595424724181,-0.028945622527459025,0.006093815268938743,624614
175.0,179,10995.17869,0.0223463687150838,0.04464598770482223,0.02800658978583196,4.17910447761194,0.492616450892264,0.08352906635349383,-0.02852808768839303,0.00641025641025641,647520
172.0,179,11029.673392,0.03910614525139665,0.04462290502793296,0.05301204819277108,4.149253731343284,0.49575853073930015,0.08310593509404542,-0.028408537179612125,0.006700126693304746,666934
170.0,179,11072.695304,0.05027932960893855,0.04464637566934792,0.08098271155595996,4.074626865671642,0.5072035871911056,0.0827388751395157,-0.028170039307031592,0.0065754355316154705,662741
165.0,179,11104.364153,0.0782122905027933,0.04478507779675885,0.09721115537848606,4.018656716417911,0.5148763849433163,0.0826506198796491,-0.028323545759926533,0.0067667174170472945,655746
173.0,179,11152.27291,0.0335195530726257,0.04473871761270892,0.042444821731748725,3.925373134328358,0.5192669187835645,0.08290816326530612,-0.02849441663457836,0.0069551405467847514,665577
169.0,179,11203.516756,0.055865921787709494,0.044784320908508105,0.07352941176470588,3.9813432835820897,0.5138607601473347,0.08300376309292683,-0.028642649984420315,0.0072145921718079625,668834
175.0,179,11249.567888,0.0223463687150838,0.0446927374301676,0.03489361702127659,3.985074626865672,0.524913125606052,0.08272866144739355,-0.028952644643880084,0.007112850868818026,656910
174.0,179,11302.927915,0.027932960893854747,0.044624608257255755,0.03793103448275862,4.0559701492537314,0.5116756025123588,0.08321844544806276,-0.028951747088186357,0.006821963394342762,683992
170.0,179,11355.425375,0.05027932960893855,0.044647501865967026,0.06504770164787511,4.0335820895522385,0.5075834673997225,0.08349905303030303,-0.029000946969696968,0.006605113636363636,682277
169.0,179,11391.251955,0.055865921787709494,0.0446927374301676,0.07914893617021276,3.9776119402985075,0.5113572819019591,0.08347284774458252,-0.02919191681011106,0.006885330943903417,678238
172.0,179,11425.170322,0.03910614525139665,0.044670301316999846,0.0479394449116905,3.9776119402985075,0.5112849236739161,0.08362884854747422,-0.02933233132148141,0.006974941875484371,668850
175.0,179,11467.590236,0.0223463687150838,0.04458100558659218,0.02936241610738255,4.048507462686567,0.49770073853500335,0.08373093834783422,-0.029188885770418185,0.007273832912339789,691715
171.0,179,11508.992692,0.0446927374301676,0.04458145073337933,0.06382978723404255,4.022388059701493,0.506197529124514,0.08349057702611411,-0.029468632795210472,0.007198266825075127,668521
174.0,179,11552.119436,0.027932960893854747,0.0445153852975082,0.03274087932647334,4.0335820895522385,0.5041837715830347,0.08373355606598455,-0.0295816802394376,0.007099603257465024,673791
169.0,179,11593.525961,0.055865921787709494,0.04456024907810188,0.07711651299245599,4.029850746268656,0.5100208489970338,0.08338340651721747,-0.029604807025652876,0.007279870580078576,634670
167.0,179,11646.334108,0.0670391061452514,0.04464874851537413,0.1036846615252785,4.044776119402985,0.5060004782094046,0.0834311761862007,-0.029583074337546332,0.007044685406450721,655145
177.0,179,11672.538323,0.0111731843575419,0.04451747179318655,0.016666666666666666,4.093283582089552,0.5037771628182929,0.08297794286238364,-0.029463016462603752,0.006465813729536387,632652
174.0,179,11717.721957,0.027932960893854747,0.04445268854748603,0.03386960203217612,4.197761194029851,0.49151764620723015,0.08312779757011053,-0.029482963368959534,0.006394445966931579,646399
175.0,179,11756.810199,0.0223463687150838,0.04436667173879964,0.02553191489361702,4.190298507462686,0.4938025783284335,0.08304710779519141,-0.029729545299456362,0.005982303300502695,631790
174.0,179,11798.786494,0.027932960893854747,0.04430297518513707,0.02888086642599278,4.186567164179104,0.49254065315129225,0.08281034053062057,-0.02952171647370687,0.006275913632553187,646881
175.0,179,11840.341658,0.0223463687150838,0.044218200642781647,0.03062117235345582,4.156716417910448,0.49833005481251536,0.0826864054883553,-0.029608232532948187,0.006048023108864416,641719
178.0,179,11875.250239,0.00558659217877095,0.044069617533304684,0.005106382978723404,4.093283582089552,0.5088598738745299,0.0825354012137559,-0.029467296021577882,0.005956394695437177,631094
167.0,179,11925.957536,0.0670391061452514,0.04415762323679873,0.08813559322033898,4.093283582089552,0.5072126911745877,0.08271939449582372,-0.029469064200461293,0.005822155541124572,641712
173.0,179,11974.371098,0.0335195530726257,0.04411701991556143,0.045454545454545456,4.167910447761194,0.5025940774437553,0.08282400178451929,-0.029556100825340173,0.005911220165068035,643530
162.0,179,12029.548424,0.09497206703910614,0.044310385113749816,0.1212624584717608,4.0783582089552235,0.5078478433843703,0.08279249644381223,-0.02927187055476529,0.006023293029871977,650436
176.0,179,12072.039347,0.01675977653631285,0.04420602674792619,0.023169601482854494,4.175373134328358,0.5020324344500031,0.08242561105207226,-0.029312787814381864,0.005712008501594049,629884
168.0,179,12115.408391,0.061452513966480445,0.04427110783176979,0.06893617021276596,4.100746268656716,0.5024344234723193,0.08258337744838538,-0.029512969825304394,0.005492323980942297,637382
166.0,179,12153.660091,0.07262569832402235,0.044377704036627885,0.10221465076660988,4.063432835820896,0.5132353085237961,0.08287547800096699,-0.02958111731352468,0.004790998197881412,652914
175.0,179,12199.558861,0.0223463687150838,0.04429518967212772,0.02461033634126333,3.9328358208955225,0.5152249659751864,0.08317096131532281,-0.029423998949142896,0.0050791426757449045,672145
171.0,179,12243.602217,0.0446927374301676,0.044296673059284586,0.05254901960784314,4.07089552238806,0.5000338352372016,0.08329698132961089,-0.029597801430814866,0.00527831094049904,669215
173.0,179,12274.073925,0.0335195530726257,0.0442566094162115,0.04844290657439446,4.07089552238806,0.5022498980057812,0.08309250124942962,-0.029660372438669303,0.00523673974924491,657857
175.0,179,12318.525623,0.0223463687150838,0.04417546037657769,0.03135593220338983,4.007462686567164,0.5075554959071881,0.08321066759026756,-0.029699541085808294,0.00526019568793835,643902
165.0,179,12373.481102,0.0782122905027933,0.04430105753571502,0.0980720871751886,4.0111940298507465,0.504728054031745,0.08308707750048532,-0.02946442052587304,0.005219904661245443,650756
174.0,179,12411.841978,0.027932960893854747,0.044240880709825826,0.026248941574936496,4.048507462686567,0.5064267014080469,0.08290534006661653,-0.029504673901364565,0.004964005587192436,640952
170.0,179,12459.486449,0.05027932960893855,0.04426299957026214,0.05849802371541502,4.022388059701493,0.5009122022359532,0.08324590514934162,-0.02950433572422653,0.0050529921849909,655919
170.0,179,12498.760093,0.05027932960893855,0.04428495697916242,0.06938421509106678,4.044776119402985,0.5147632136087202,0.08296533333333334,-0.030016,0.005376,644238
177.0,179,12540.454729,0.0111731843575419,0.044164550533265616,0.018867924528301886,4.104477611940299,0.5080012780472143,0.08280200629091218,-0.029945592110856074,0.005525801241179971,643442
171.0,179,12591.009869,0.0446927374301676,0.044166464253906565,0.06974552309142319,3.996268656716418,0.5225311992574946,0.08271393177053554,-0.029921860110539357,0.00556932003472884,654682
176.0,179,12643.542787,0.01675977653631285,0.044067523143012724,0.028469750889679714,3.9925373134328357,0.518047503198926,0.08261777674634486,-0.030021730416253507,0.005865102639296188,661076
177.0,179,12686.287108,0.0111731843575419,0.04394919818335276,0.018025751072961373,3.9813432835820897,0.5200355499913109,0.0827097696317471,-0.030204304691441062,0.005906339330755002,663348
162.0,179,12735.184665,0.09497206703910614,0.04413207584950241,0.11853619729514718,4.037313432835821,0.515114967071144,0.08293183627299007,-0.030164648707528594,0.005676819305375173,666336
166.0,179,12785.407605,0.07262569832402235,0.044233838786911416,0.10135746606334842,3.906716417910448,0.5286283888818469,0.08281145624582498,-0.03003924515698063,0.005552772211088844,662227
172.0,179,12831.922652,0.03910614525139665,0.04421559076721207,0.04118173679498657,3.970149253731343,0.5185630065568648,0.08266078708711207,-0.029973375488809385,0.005907313420417672,675808
176.0,179,12852.359487,0.01675977653631285,0.04411822972384009,0.018333333333333333,4.029850746268656,0.5146733518055994,0.08275304650584432,-0.030340711265854265,0.0057821437453369805,674179
173.0,179,12905.576862,0.0335195530726257,0.04408077856959552,0.03409090909090909,4.0783582089552235,0.5084941434195035,0.08289106866288075,-0.030604026845637584,0.005720185854414042,664189
169.0,179,12970.344653,0.055865921787709494,0.04412227555275789,0.07875307629204266,4.07089552238806,0.5108148366107176,0.08315841461908878,-0.030579906984401366,0.005823764250730543,666894
174.0,179,13009.422039,0.027932960893854747,0.04406547093991963,0.03298774740810556,4.029850746268656,0.5156499765828394,0.0829232283464567,-0.030716863517060367,0.005618438320209974,659623
174.0,179,13051.122344,0.027932960893854747,0.044009063562136186,0.041777777777777775,4.029850746268656,0.510705317460937,0.08258755261329737,-0.030791549180662826,0.005189816517510523,637703
174.0,179,13093.763907,0.027932960893854747,0.043953049267124754,0.02877070619006103,4.063432835820896,0.5108672929437044,0.08266145451584005,-0.030865705676358008,0.0051917908624480825,636709
171.0,179,13146.728691,0.0446927374301676,0.043955617628801985,0.05812897366030881,3.970149253731343,0.5165415097792677,0.08284131718303,-0.03075861789112748,0.005457828636354414,644611
169.0,179,13186.140985,0.055865921787709494,0.04399682975391931,0.07571801566579635,4.07089552238806,0.5079595701389954,0.08245713361371725,-0.030734390164995146,0.005681818181818182,633074
175.0,179,13231.939801,0.0223463687150838,0.043922172991716434,0.0290846877673225,4.037313432835821,0.5109420481344766,0.08244846970643348,-0.030626020027805203,0.005762527452600189,641050
174.0,179,13264.894037,0.027932960893854747,0.04386722724567567,0.03459915611814346,4.08955223880597,0.505376376665234,0.08222066057624737,-0.030780042164441322,0.006103804838871599,642279
170.0,179,13300.303093,0.05027932960893855,0.04388918650034438,0.07136929460580912,4.07089552238806,0.507107429540354,0.08230115057528764,-0.03067533766883442,0.006263131565782892,651232
168.0,179,13336.810363,0.061452513966480445,0.04394912959749843,0.07423208191126279,4.059701492537314,0.5146963318680984,0.08198552140877091,-0.03053267654508107,0.0056837444907564365,652252
172.0,179,13383.659292,0.03910614525139665,0.04393265686162733,0.05517241379310345,4.07089552238806,0.5123273011578958,0.08226175096889596,-0.03068667395408924,0.005723939183146179,646204
166.0,179,13436.954143,0.07262569832402235,0.044029921408957486,0.10331230283911672,4.085820895522388,0.5062395792836786,0.08222895742952795,-0.03076404984053406,0.005823973376121709,655177
162.0,179,13483.944152,0.09497206703910614,0.04420202325230258,0.10405083399523431,4.08955223880597,0.5011053288016548,0.08243982386509488,-0.03074462413364137,0.006062042138103982,679089
168.0,179,13527.338883,0.061452513966480445,0.04426010571261968,0.06397896581945661,3.996268656716418,0.5086388921457898,0.08252150124972939,-0.030642971010214324,0.006061679557576115,696320
167.0,179,13566.66928,0.0670391061452514,0.0443365453113869,0.09484873262469337,3.9291044776119404,0.5172360409104536,0.08282004001726234,-0.030719133743967987,0.005767193691396289,687134
169.0,179,13617.130384,0.055865921787709494,0.04437510509893313,0.06442831215970962,3.9141791044776117,0.5192186157154906,0.0828201067511291,-0.030461219621874206,0.0060805130310673155,694443
169.0,179,13670.941433,0.055865921787709494,0.04441340782122905,0.07878787878787878,3.9328358208955225,0.5152622775954021,0.08283966014498402,-0.030594746277963988,0.0059630524592719615,685819
