#{"t_start": 1709894535.1397018, "env_id": "PhyRMSA-v0"}
r,l,t,episode_service_blocking_rate,service_blocking_rate,episode_bit_rate_blocking_rate,number_cuts_total,rss_total_metric,C_BVTs,L_BVTs,S_BVTs,total_path_length,num_moves,num_defrag_cycle
209.0,209,45.379804,0.0,0.0,0.0,1.585820895522388,0.8657636534138694,0.7285714285714285,0.0,0.0,145156,189,20
209.0,209,125.629091,0.0,0.0,0.0,1.9253731343283582,0.8204682207922416,0.6109785202863962,0.00477326968973747,0.0,247180,215,20
209.0,209,207.711807,0.0,0.0,0.0,2.1007462686567164,0.7941968282521409,0.517515923566879,0.025477707006369428,0.0,313970,231,21
209.0,209,264.828333,0.0,0.0,0.0,2.283582089552239,0.7695261308097224,0.43966547192353644,0.019115890083632018,0.0,342816,231,21
209.0,209,318.769774,0.0,0.0,0.0,2.417910447761194,0.7530420440962159,0.4005736137667304,0.004780114722753346,0.0,386834,231,21
209.0,209,387.816105,0.0,0.0,0.0,2.7686567164179103,0.7125484907573547,0.38645418326693226,0.0,0.004780876494023904,451676,231,21
209.0,209,436.48997,0.0,0.0,0.0,2.9141791044776117,0.6962475133844628,0.3620218579234973,-0.015027322404371584,0.00819672131147541,473739,231,21
209.0,209,486.29674,0.0,0.0,0.0,3.0671641791044775,0.6770735700989807,0.34907352062163777,-0.02869097429766886,0.02092050209205021,515294,231,21
209.0,209,526.183681,0.0,0.0,0.0,3.048507462686567,0.6768487008880941,0.34006376195536664,-0.03825717321997875,0.02709883103081828,522870,231,21
209.0,209,566.272594,0.0,0.0,0.0,3.201492537313433,0.6607667498461365,0.32568149210903874,-0.042085126733620276,0.02965088474414156,539280,231,21
209.0,209,603.259559,0.0,0.0,0.0,3.4738805970149254,0.632743483493196,0.3173913043478261,-0.04608695652173913,0.035217391304347825,557567,220,20
209.0,209,635.916345,0.0,0.0,0.0,3.3507462686567164,0.6391832597052737,0.3176564368274213,-0.053806297329613395,0.038262255878836186,573799,220,20
209.0,209,666.398711,0.0,0.0,0.0,3.582089552238806,0.6197305583683546,0.3138337012509198,-0.05739514348785872,0.04415011037527594,600403,231,21
209.0,209,695.555502,0.0,0.0,0.0,3.4328358208955225,0.6258138161223326,0.3119234711308507,-0.06047147249743765,0.044414075845575676,607364,231,21
209.0,209,726.467625,0.0,0.0,0.0,3.5522388059701493,0.6135969679688932,0.30580357142857145,-0.06377551020408163,0.04751275510204082,626887,231,21
209.0,209,756.390117,0.0,0.0,0.0,3.4776119402985075,0.6208394634977817,0.30014947683109117,-0.06666666666666667,0.04783258594917788,613362,231,21
209.0,209,788.464916,0.0,0.0,0.0,3.548507462686567,0.6138397750416836,0.3019133370849747,-0.06809229037703995,0.04811480022509848,637405,231,21
209.0,209,813.771843,0.0,0.0,0.0,3.8097014925373136,0.5884559307344606,0.3016210470369386,-0.07015678979537603,0.049162901939941536,652242,231,21
209.0,209,833.674142,0.0,0.0,0.0,3.574626865671642,0.6090930679751538,0.29556898288016115,-0.07401812688821752,0.04582074521651561,622859,231,21
209.0,209,856.739865,0.0,0.0,0.0,3.7425373134328357,0.5925369575009883,0.2958622339153313,-0.07486247309256158,0.04544367376225783,654327,231,21
206.0,209,875.520089,0.014354066985645933,0.000683526999316473,0.01904036557501904,3.8507462686567164,0.5833962812143132,0.29085935719170275,-0.07704581718714383,0.04376567130157283,647488,220,20
209.0,209,893.42075,0.0,0.0006524575902566333,0.0,3.8992537313432836,0.5813982423562134,0.2878590078328982,-0.08028720626631854,0.04003481288076589,632634,220,20
209.0,209,914.257521,0.0,0.0006240898689411275,0.0,3.906716417910448,0.5779396326384041,0.28428720083246617,-0.0809573361082206,0.04328824141519251,638985,231,21
206.0,209,932.74332,0.014354066985645933,0.0011961722488038277,0.023222060957910014,3.791044776119403,0.5856639146276457,0.28038315705448014,-0.08082219117940531,0.04090999800439034,649335,231,21
209.0,209,955.796249,0.0,0.0011483253588516747,0.0,3.7611940298507465,0.5791741281109917,0.2810344827586207,-0.08007662835249042,0.03946360153256705,658974,231,21
209.0,209,974.799865,0.0,0.001104158998895841,0.0,3.8097014925373136,0.5808087805578585,0.27979370049732916,-0.08141462516117148,0.037023392890035,655657,231,21
207.0,209,992.566848,0.009569377990430622,0.001417685628211944,0.016874541452677916,3.638059701492537,0.59692074171426,0.27945351312987937,-0.08552164655784245,0.03495386799148332,630429,231,21
209.0,209,1019.359331,0.0,0.001367053998632946,0.0,3.861940298507463,0.5750206592623093,0.2800684345594525,-0.0853721129170231,0.03524379811804962,660003,231,21
209.0,209,1038.922828,0.0,0.0013199142055766375,0.0,3.8582089552238807,0.5790028293116778,0.2766765774694417,-0.08589362405021474,0.033201189296333006,643876,231,21
199.0,209,1059.857136,0.04784688995215311,0.0028708133971291866,0.06473829201101929,3.966417910447761,0.5628874104282616,0.2776267391652007,-0.0858787781864705,0.032944186790340634,667375,231,21
203.0,209,1078.089404,0.028708133971291867,0.0037042753511344344,0.03253652058432935,3.8694029850746268,0.5716121509310426,0.27695167286245354,-0.08643122676579926,0.031753407682775715,658934,220,20
206.0,209,1097.060364,0.014354066985645933,0.004037081339712919,0.021137026239067054,3.798507462686567,0.5789831320485047,0.2760432302611828,-0.08901230861603122,0.030621435004503154,633193,220,20
209.0,209,1114.975469,0.0,0.0039147455415398,0.0,3.764925373134328,0.5840001215397786,0.2766700625818658,-0.09008877892592053,0.03099985446077718,624182,231,21
209.0,209,1137.460841,0.0,0.0037996059667886294,0.0,3.6343283582089554,0.5958197835636873,0.27429378531073445,-0.0902542372881356,0.031638418079096044,620730,231,21
209.0,209,1160.816621,0.0,0.003691045796308954,0.0,3.7313432835820897,0.5859843607800412,0.2769927287693785,-0.09068459322266428,0.03018246673069008,637893,231,21
204.0,209,1187.971632,0.023923444976076555,0.004253056884635832,0.026113671274961597,3.720149253731343,0.5834730493531856,0.27732550380355,-0.0900840784732417,0.02869344721740291,651303,231,21
209.0,209,1208.435703,0.0,0.004138109401267296,0.0,3.720149253731343,0.5845897420084225,0.27629187224097634,-0.08984679304076863,0.026746299662425345,645218,231,21
209.0,209,1227.542701,0.0,0.004029211785444472,0.0,3.6194029850746268,0.5913240780055884,0.27354316774112,-0.08924282644419163,0.027303754266211604,624784,231,21
209.0,209,1246.478269,0.0,0.003925898662740768,0.0,3.6865671641791047,0.5885458929286953,0.2706896551724138,-0.08990147783251232,0.027463054187192117,621009,231,21
209.0,209,1267.94089,0.0,0.003827751196172249,0.0,3.6305970149253732,0.5929614124452893,0.26917997358626483,-0.09064713651098572,0.026053547844879336,618924,231,21
209.0,209,1285.843602,0.0,0.003734391410899755,0.0,3.9328358208955225,0.559893394888486,0.26903256031857575,-0.09053642539236355,0.024595924104005622,646132,220,20
205.0,209,1304.545349,0.019138755980861243,0.004101161995898838,0.020089285714285716,3.9738805970149254,0.5601772282732445,0.26615578176827176,-0.08967173738991192,0.021617293835068056,632243,220,20
199.0,209,1320.829762,0.04784688995215311,0.005118504506509402,0.04617713853141559,3.925373134328358,0.5675086463653092,0.26381122791321854,-0.08823529411764706,0.021248042943413106,648472,231,21
207.0,209,1337.145515,0.009569377990430622,0.005219660722053067,0.0136986301369863,3.8955223880597014,0.5750194812806406,0.263088862170729,-0.08711334572084381,0.021095201661383758,656127,231,21
206.0,209,1354.951767,0.014354066985645933,0.005422647527910686,0.02112676056338028,3.962686567164179,0.5635879140234149,0.26285408872260824,-0.08669160876536612,0.021058257616247997,658025,231,21
204.0,209,1374.842184,0.023923444976076555,0.005824838776783857,0.03659447348767737,3.9776119402985075,0.5656969317062486,0.26216131394497333,-0.08766607385709803,0.020085783031697876,647912,231,21
209.0,209,1398.326471,0.0,0.0057009060368522855,0.0,3.83955223880597,0.5787654274291398,0.26095413595413597,-0.08804258804258805,0.019246519246519246,636475,231,21
209.0,209,1418.741224,0.0,0.005582137161084529,0.0,3.7686567164179103,0.5795359204547845,0.26120076175202966,-0.08740102235140824,0.019745414453242457,652683,231,21
209.0,209,1441.703631,0.0,0.005468215994531784,0.0,3.7723880597014925,0.5771547980602186,0.2606518751227175,-0.08649126251718045,0.020125662674258787,657994,231,21
209.0,209,1461.982587,0.0,0.005358851674641148,0.0,3.705223880597015,0.5815752092743238,0.2586820586820587,-0.08494468494468495,0.01924001924001924,653833,231,21
209.0,209,1480.35685,0.0,0.005253776151608969,0.0,3.638059701492537,0.5881692100465669,0.25745001886080726,-0.08591097698981516,0.016220294228592985,643981,220,20
209.0,209,1503.752874,0.0,0.005152741994847258,0.0,3.656716417910448,0.5895479251574031,0.2560806436696569,-0.08582262091926385,0.01618422269490428,643855,220,20
209.0,209,1524.820408,0.0,0.005055520447774668,0.0,3.7313432835820897,0.5799431260874219,0.2546724732353475,-0.08600979858464888,0.016966067864271458,639346,231,21
209.0,209,1545.982989,0.0,0.004961899698741804,0.0,3.746268656716418,0.5823272162860191,0.25385094826818627,-0.08627904906063574,0.017095539132757544,631350,231,21
209.0,209,1568.239686,0.0,0.004871683340582862,0.0,3.58955223880597,0.6073812015651193,0.251486013986014,-0.08671328671328671,0.01765734265734266,621498,231,21
208.0,209,1593.443561,0.004784688995215311,0.00487012987012987,0.005856515373352855,3.712686567164179,0.594229620241779,0.25206043956043955,-0.08765453296703296,0.018372252747252748,627224,231,21
205.0,209,1617.845438,0.019138755980861243,0.00512045664400235,0.02920723226703755,3.7611940298507465,0.5896788425959223,0.2524255462752046,-0.08757276638825613,0.01645153125790939,626675,231,21
208.0,209,1641.047394,0.004784688995215311,0.00511466754660947,0.005113221329437546,3.6455223880597014,0.5923808994647525,0.2512229500041456,-0.08796948843379487,0.015587430561313323,630199,231,21
209.0,209,1664.038645,0.0,0.005027978266158462,0.0,3.861940298507463,0.5753303430234041,0.25126324368378156,-0.08818255908720457,0.01589242053789731,636823,231,21
209.0,209,1688.885388,0.0,0.0049441786283891545,0.0,3.6455223880597014,0.5948105572379137,0.25138232230146645,-0.0883884926676817,0.015065309720330154,636519,231,21
209.0,209,1711.414096,0.0,0.004863126519727037,0.0,3.716417910447761,0.5854744587011166,0.2494482976040353,-0.08850882723833543,0.015211223203026482,634020,220,20
209.0,209,1734.112033,0.0,0.004784688995215311,0.0,3.611940298507463,0.5964890488575146,0.24905016670543537,-0.08885787392416841,0.01465457083042568,631911,220,20
209.0,209,1757.612561,0.0,0.004708741550846814,0.0,3.529850746268657,0.6097565024904956,0.24942774301846482,-0.08904318632687319,0.012360750801159774,646213,231,21
209.0,209,1788.843399,0.0,0.0046351674641148324,0.0,3.6044776119402986,0.6012023120843737,0.24911753661284267,-0.0890724746526474,0.012241832519714608,658897,231,21
209.0,209,1811.758119,0.0,0.004563857195436143,0.0,3.7313432835820897,0.5841766505085005,0.2494824016563147,-0.08969239869860988,0.013531499556344277,676696,231,21
209.0,209,1830.90232,0.0,0.0044947078439901405,0.0,3.783582089552239,0.574528229712037,0.24910798805796258,-0.0905119056287774,0.013107114250345882,695824,231,21
209.0,209,1852.126423,0.0,0.004427622652288795,0.0,3.8805970149253732,0.568968208188286,0.24860134844355186,-0.09066131114617702,0.013054081193515995,692943,231,21
202.0,209,1876.369792,0.03349282296650718,0.00485505206867436,0.04675716440422323,4.041044776119403,0.5502298814375843,0.24908088235294118,-0.09099264705882353,0.01223133484162896,712882,231,21
205.0,209,1895.949883,0.019138755980861243,0.005062062270300257,0.02972560975609756,3.876865671641791,0.5664908474563468,0.24858875182939577,-0.09171370827235348,0.011568750435570423,692038,231,21
208.0,209,1915.616536,0.004784688995215311,0.0050580997949419,0.0044609665427509295,3.8917910447761193,0.5697887871205559,0.247097616267088,-0.09129628357491242,0.01140344851274301,691097,231,21
194.0,209,1937.552318,0.07177033492822966,0.005997708740481164,0.096028880866426,3.8097014925373136,0.5719078440947045,0.2483221476510067,-0.0912480509795946,0.011117890312521184,719603,220,20
201.0,209,1957.728149,0.03827751196172249,0.006446039340776183,0.05493689680772086,3.7238805970149254,0.5830650932066708,0.2483948635634029,-0.09209470304975922,0.010567148207597646,691702,220,20
208.0,209,1978.407231,0.004784688995215311,0.00642328111686439,0.005046863734679163,3.7611940298507465,0.5779041199379489,0.2478891820580475,-0.09155672823218998,0.011015831134564644,687739,231,21
206.0,209,1995.988836,0.014354066985645933,0.006530453898874951,0.022354694485842028,3.7761194029850746,0.580274816890197,0.2472341533255239,-0.09202134582845242,0.01145385916959521,673746,231,21
201.0,209,2016.314588,0.03827751196172249,0.006953748006379585,0.047860768672951415,3.675373134328358,0.5919408124110046,0.24712532922207234,-0.09276032633134194,0.01111325239288238,660580,231,21
208.0,209,2038.800395,0.004784688995215311,0.006925207756232687,0.005759539236861051,3.6828358208955225,0.5891761272210722,0.2482408874801902,-0.09299524564183835,0.010776545166402536,691644,231,21
209.0,209,2060.826452,0.0,0.00683526999316473,0.0,3.5970149253731343,0.5996943491623137,0.24793543543543545,-0.09353103103103103,0.010510510510510511,677165,231,21
209.0,209,2087.13168,0.0,0.006747638326585695,0.0,3.701492537313433,0.5902112684765287,0.247267337738529,-0.09380596554066573,0.011301179522015686,680425,231,21
209.0,209,2106.977608,0.0,0.006662225183211193,0.0,3.6492537313432836,0.5953277790670287,0.2463723936105353,-0.09395195707840508,0.010547494208023412,662980,231,21
208.0,209,2127.953353,0.004784688995215311,0.006638755980861244,0.005598320503848845,3.7388059701492535,0.5856724765096661,0.24659843467790488,-0.09428055388320289,0.010716435881998797,657000,231,21
201.0,209,2150.287936,0.03827751196172249,0.007029357906550889,0.0508100147275405,3.7313432835820897,0.5916932093468431,0.2465052644102076,-0.09499732318125037,0.010350365831895782,632756,220,20
209.0,209,2170.64569,0.0,0.0069436340296417315,0.0,3.9402985074626864,0.5724256390958582,0.2471210340775558,-0.09494712103407756,0.009870740305522914,655244,220,20
208.0,209,2194.938838,0.004784688995215311,0.006917622643684787,0.0073964497041420114,3.828358208955224,0.5828832603898928,0.2465172974228001,-0.0951358254005108,0.009867657302066403,627174,231,21
209.0,209,2217.400819,0.0,0.00683526999316473,0.0,3.8358208955223883,0.5834515004894657,0.2465447037907897,-0.09554395824969891,0.010380225956299822,623445,231,21
204.0,209,2240.18365,0.023923444976076555,0.007036307345904869,0.030395136778115502,3.7388059701492535,0.5894582827758819,0.2469814636358483,-0.095459441074769,0.010430247718383311,626083,231,21
209.0,209,2263.127564,0.0,0.006954489818626905,0.0,3.544776119402985,0.6032955675768478,0.2472829131652661,-0.09574229691876751,0.009747899159663866,625474,231,21
209.0,209,2289.142971,0.0,0.006874553154044987,0.0,3.7238805970149254,0.5885053575412831,0.2480757517027521,-0.09563098731934215,0.009358214740572567,649880,231,21
209.0,209,2310.773033,0.0,0.00679643323183993,0.0,3.779850746268657,0.5806545744002138,0.24819356251368513,-0.09601488942412963,0.009908035909787607,653126,231,21
209.0,209,2331.590317,0.0,0.00672006881350465,0.0,3.7686567164179103,0.5871641159288709,0.24803810142339125,-0.09568652919846296,0.00985008388807707,644714,231,21
209.0,209,2353.579321,0.0,0.006645401382243487,0.0,3.66044776119403,0.5981466820569205,0.2476185379428449,-0.0961682543080381,0.009632880231189125,621014,231,21
209.0,209,2385.002368,0.0,0.006572374993427625,0.0,3.5708955223880596,0.6087355187613358,0.24773749669224662,-0.09637470230219634,0.009473405662873776,608055,220,20
209.0,209,2417.217513,0.0,0.006500936134803412,0.0,3.6641791044776117,0.6008721964869735,0.2475397822445561,-0.09652428810720268,0.009317420435510888,618639,220,20
209.0,209,2442.620224,0.0,0.006431033595719504,0.0,3.9402985074626864,0.5664268589270172,0.24760523999378656,-0.09635996479055559,0.00937192564593797,648968,231,21
209.0,209,2468.684228,0.0,0.006362618344701212,0.0,3.9291044776119404,0.5669978574685164,0.24802786599733634,-0.09645528122118635,0.008656899907796332,664758,231,21
203.0,209,2490.557852,0.028708133971291867,0.006597834298665324,0.03183229813664596,3.8656716417910446,0.5760657005705626,0.24770595690747782,-0.09698352344740177,0.00861850443599493,655673,231,21
208.0,209,2509.375987,0.004784688995215311,0.006578947368421052,0.007741027445460943,3.6417910447761193,0.5980511577533274,0.24783023127477047,-0.09737621030452014,0.007625545577685245,632326,231,21
209.0,209,2532.681793,0.0,0.0065111231687466084,0.0,3.5597014925373136,0.6039241120211262,0.24709562109025915,-0.09750769536292324,0.007893952934167411,612663,231,21
209.0,209,2559.461729,0.0,0.00644468313641246,0.0,3.6194029850746268,0.6059849601056132,0.24730971451034348,-0.09778389268340622,0.008107709694855289,612868,231,21
209.0,209,2583.011037,0.0,0.006379585326953748,0.0,3.574626865671642,0.6086855675135333,0.24610894941634243,-0.09824902723735408,0.008560311284046693,581926,231,21
209.0,209,2612.726718,0.0,0.00631578947368421,0.0,3.716417910447761,0.6011844420035279,0.24575087871346718,-0.09827146227550676,0.008088978766430738,589540,231,21
209.0,209,2639.722591,0.0,0.006253256904637832,0.0,3.735074626865672,0.5967223610749451,0.24563828773000285,-0.09810277433501764,0.007865382781962055,598947,220,20
209.0,209,2667.841584,0.0,0.006191950464396285,0.0,3.6791044776119404,0.6006838988493289,0.2457167130787747,-0.09803181196016425,0.007834993156180676,606991,220,20
209.0,209,2695.805229,0.0,0.0061318344404701075,0.0,3.701492537313433,0.6010316329247767,0.24565339315759954,-0.0987567769676575,0.007618246401196485,594786,231,21
209.0,209,2724.289984,0.0,0.006072874493927126,0.0,3.8470149253731343,0.5838356836493536,0.24628558204119416,-0.09900485998611433,0.008007405693126591,621463,231,21
209.0,209,2749.933447,0.0,0.006015037593984963,0.0,3.9291044776119404,0.5746767069080093,0.246172183001742,-0.09920234711653067,0.008389107912349867,626791,231,21
209.0,209,2771.759706,0.0,0.005958291956305859,0.0,3.7388059701492535,0.5942958329689265,0.24551605140080823,-0.09907823638922944,0.008627344140217047,618423,231,21
209.0,209,2800.121249,0.0,0.005902606984751598,0.0,3.8694029850746268,0.5890529487851772,0.24518711766822598,-0.0989564591579705,0.008681180280676503,617079,231,21
205.0,209,2831.70109,0.019138755980861243,0.006025163919900762,0.0265210608424337,4.0559701492537314,0.5691765968888548,0.2449079645228863,-0.09889913981370059,0.008869278424031733,637455,231,21
204.0,209,2852.960736,0.023923444976076555,0.006189368333260173,0.032944406314344546,4.100746268656716,0.5626127566312363,0.24495384479484122,-0.0986705534207853,0.008082681860341858,663321,231,21
209.0,209,2875.091743,0.0,0.006133101348412353,0.0,3.966417910447761,0.5751160157607004,0.2448577680525164,-0.09921225382932167,0.007833698030634573,643955,231,21
209.0,209,2898.079759,0.0,0.006077848183111341,0.0,3.951492537313433,0.5729569830736319,0.24389609263194414,-0.09965740058111801,0.0070254564378333835,618070,220,20
209.0,209,2921.484876,0.0,0.006023581681476418,0.0,3.6455223880597014,0.5990638754171648,0.24406910778751933,-0.10018050541516245,0.006876396768093519,610190,220,20
209.0,209,2948.573189,0.0,0.005970275648896981,0.0,3.667910447761194,0.5935003189862745,0.24368530902585508,-0.09945904502278827,0.00724112961622013,629493,231,21
209.0,209,2972.222071,0.0,0.005917904809871569,0.0,3.533582089552239,0.6100206835699661,0.24288609305074726,-0.09959469728953813,0.007641644853499958,604677,231,21
209.0,209,3000.586788,0.0,0.005866444768046599,0.0,3.3022388059701493,0.6326463127387625,0.2427704540698891,-0.09993722536095417,0.007365557648043523,586712,231,21
209.0,209,3031.800789,0.0,0.005815871968322059,0.0,3.3656716417910446,0.6299647410979595,0.24224195154331232,-0.10006637902422834,0.0069697975439761035,584112,231,21
209.0,209,3059.661813,0.0,0.005766163660900503,0.0,3.544776119402985,0.6197668071924035,0.2418870563073253,-0.10011105170073623,0.007444576975280714,605024,231,21
209.0,209,3083.399698,0.0,0.005717297867164058,0.0,3.578358208955224,0.6178033421571771,0.2410488540902047,-0.10044042084658673,0.007748144523285213,592776,231,21
209.0,209,3110.059826,0.0,0.005669253347271923,0.0,3.5858208955223883,0.6165386246664075,0.24159961182321782,-0.10048117746957261,0.007035704176943916,600146,231,21
209.0,209,3136.108326,0.0,0.005622009569377991,0.0,3.5634328358208953,0.6153778568989818,0.24194065757818764,-0.10048115477145149,0.0073777064955894145,600094,231,21
209.0,209,3161.179024,0.0,0.0055755466803748665,0.0,3.593283582089552,0.6120526547601789,0.2417193526581574,-0.10048113245059445,0.007236868265139767,600315,220,20
207.0,209,3187.619884,0.009569377990430622,0.0056082830025884385,0.012381646030589949,3.7238805970149254,0.5968719906340003,0.24156018299416313,-0.0998974601672188,0.007690487458589683,625497,220,20
208.0,209,3212.251108,0.004784688995215311,0.005601587116349632,0.007902298850574713,3.5186567164179103,0.6158645556673085,0.2410420904396808,-0.09990611797840714,0.007510561727429197,600018,231,21
209.0,209,3236.111511,0.0,0.005556413026701652,0.0,3.578358208955224,0.6075013269612314,0.24091103092383503,-0.09948395607806619,0.007410856322508051,619167,231,21
209.0,209,3262.724889,0.0,0.005511961722488038,0.0,3.3544776119402986,0.6272301414695219,0.24066661534908784,-0.09960742052189978,0.007235778615964899,619264,231,21
209.0,209,3285.906477,0.0,0.005468215994531784,0.0,3.6865671641791047,0.5973085420297268,0.24073154900538352,-0.0995380092398152,0.0073689435302203045,634821,231,21
209.0,209,3306.121462,0.0,0.005425159175677203,0.0,3.5559701492537314,0.6141112753278151,0.24079545454545453,-0.09962121212121212,0.007007575757575758,616889,231,21
209.0,209,3327.235071,0.0,0.005382775119617225,0.0,3.6417910447761193,0.607021077713216,0.24033221842233832,-0.09981585177947311,0.006539140892179338,606341,231,21
209.0,209,3353.042683,0.0,0.005341048180705464,0.0,3.791044776119403,0.5941884509030505,0.23972704899694236,-0.0998210157356999,0.006376314415690954,603967,231,21
207.0,209,3374.552931,0.009569377990430622,0.005373573794626426,0.01696165191740413,3.888059701492537,0.5810825542689381,0.24018501387604071,-0.09990749306197964,0.0066604995374653095,637113,231,21
204.0,209,3394.865344,0.023923444976076555,0.0055151758647138316,0.03558191252779837,3.7686567164179103,0.5958475270668172,0.24022182232178926,-0.10015057475485696,0.005912813544382827,620053,220,20
205.0,209,3415.323352,0.019138755980861243,0.005618384804987676,0.024303073624017155,3.8171641791044775,0.590371626337257,0.24068673908288984,-0.10013122402857767,0.006378945833637093,640075,220,20
209.0,209,3438.152222,0.0,0.005576141310213332,0.0,3.708955223880597,0.5995987115219423,0.2409289874470933,-0.10067648229208118,0.006366892160764027,641824,231,21
201.0,209,3458.878296,0.03827751196172249,0.005820181389702207,0.056055363321799306,3.8955223880597014,0.583475454939199,0.2412009768711392,-0.10056026432983767,0.005854043959201264,661075,231,21
208.0,209,3482.463741,0.004784688995215311,0.0058125110756689705,0.008052708638360176,3.970149253731343,0.5720992101979786,0.24115927563097106,-0.10052759161557108,0.006274062455439897,660209,231,21
202.0,209,3503.293678,0.03349282296650718,0.006016042780748663,0.04286718200983837,3.9402985074626864,0.5752969612453692,0.24223118850428257,-0.10065831386706307,0.006264599702696963,672309,231,21
205.0,209,3523.866054,0.019138755980861243,0.006111829008486711,0.03254437869822485,4.007462686567164,0.5629995041467674,0.24210267402227767,-0.10035489651779754,0.005832952668751537,663450,231,21
209.0,209,3542.552355,0.0,0.006067540392483185,0.0,3.6865671641791047,0.5972715597307321,0.2416282963583089,-0.10018138691223664,0.005895074647690805,630663,231,21
209.0,209,3565.568201,0.0,0.0060238890227530895,0.0,3.6455223880597014,0.5974665413277667,0.24223430411746372,-0.100356685251238,0.005783149219101707,630158,231,21
209.0,209,3593.535918,0.0,0.005980861244019139,0.0,3.6343283582089554,0.5979681933206336,0.24228151000481332,-0.10035756033830709,0.00594787870453139,641765,231,21
209.0,209,3624.763216,0.0,0.005938443788387798,0.0,3.58955223880597,0.5942360815120888,0.24181600955794505,-0.10052910052910052,0.006110257723160949,633579,220,20
209.0,209,3649.326025,0.0,0.00589662376170901,0.0,3.611940298507463,0.5864728530341767,0.2418655097613883,-0.10029148590021691,0.005999186550976139,648947,220,20
209.0,209,3671.211963,0.0,0.005855388630508248,0.0,3.582089552238806,0.5921750972657643,0.2423181772288224,-0.10046107764278261,0.006158920337899236,653507,231,21
209.0,209,3691.920745,0.0,0.005814726209463051,0.0,3.6492537313432836,0.5835381663201709,0.24229663792527237,-0.10016041708441949,0.006416683376779627,669694,231,21
209.0,209,3710.054336,0.0,0.005774624649397789,0.0,3.798507462686567,0.5671654593689319,0.2420430785569679,-0.10012943480136736,0.006538116889582158,691444,231,21
206.0,209,3725.08555,0.014354066985645933,0.005833387953070722,0.020179372197309416,3.7313432835820897,0.5854431254838034,0.24135544055114216,-0.10010877805979497,0.005933348716089264,665070,231,21
209.0,209,3747.274537,0.0,0.005793705041825342,0.0,3.8134328358208953,0.5811411180143854,0.24124271590388266,-0.10017678255745432,0.0058927519151443725,674434,231,21
200.0,209,3771.118435,0.0430622009569378,0.00604551920341394,0.05525291828793774,3.7388059701492535,0.5826732232783451,0.24217784427242567,-0.0999479607103363,0.00565927275092695,699535,231,21
205.0,209,3790.103816,0.019138755980861243,0.006133393275745801,0.026234567901234566,3.735074626865672,0.5823558930716453,0.24189848470162514,-0.10035216955833415,0.005460243610868792,680945,231,21
209.0,209,3808.833715,0.0,0.006092503987240829,0.0,3.6865671641791047,0.5853570451828941,0.24265083440308088,-0.10057766367137355,0.005648267008985879,686772,231,21
209.0,209,3831.463711,0.0,0.006052156278716056,0.0,3.667910447761194,0.5855922902853573,0.24278746533201567,-0.10095954604864675,0.005196212821575441,678876,220,20
209.0,209,3854.038841,0.0,0.006012339461092924,0.0,3.75,0.5805316765459997,0.24241560580150737,-0.10114636772436507,0.005161821521312306,672127,220,20
209.0,209,3875.982758,0.0,0.0059730431247459114,0.0,3.779850746268657,0.5828578571724131,0.24267782426778242,-0.10148802969767515,0.005190801270959827,663482,231,21
209.0,209,3896.375231,0.0,0.005934257130429379,0.0,3.671641791044776,0.5893543442723678,0.243061632704088,-0.10157519689961245,0.005125640705088136,671655,231,21
208.0,209,3918.167928,0.004784688995215311,0.0059268405618150945,0.007194244604316547,3.7723880597014925,0.5821774608667071,0.24233014532356228,-0.10175754564650354,0.00558936778039995,645872,231,21
209.0,209,3940.868923,0.0,0.005888847994111152,0.0,3.9813432835820897,0.5617392727190342,0.24240273964150186,-0.10159503902755067,0.006016104649369081,643163,231,21
209.0,209,3959.90744,0.0,0.005851339408161399,0.0,3.9291044776119404,0.5654399012203566,0.2419532830605113,-0.1018944270737539,0.0059775611550487405,634227,231,21
209.0,209,3980.535983,0.0,0.005814305614438859,0.0,3.9440298507462686,0.5679215739428656,0.2417227620236971,-0.10151990496786574,0.006091803478419786,642155,231,21
209.0,209,4000.872849,0.0,0.005777737654599621,0.0,3.906716417910448,0.5650026266050433,0.24173728813559323,-0.10151331719128329,0.005932203389830509,658712,231,21
206.0,209,4021.065346,0.014354066985645933,0.00583133971291866,0.018452803406671398,3.623134328358209,0.5938964651599951,0.2416832100102268,-0.10178668110449378,0.005354027552186729,626007,231,21
209.0,209,4045.281422,0.0,0.005795120211596184,0.0,3.503731343283582,0.6025614329906744,0.2417874757136452,-0.10216709012105814,0.005021670901210582,627205,220,20
209.0,209,4071.442555,0.0,0.005759347864611022,0.0,3.5970149253731343,0.593060385498445,0.24150427756653992,-0.10215660646387832,0.005436074144486692,650455,220,20
209.0,209,4093.008532,0.0,0.005724014442128746,0.0,3.671641791044776,0.5880934974849925,0.2414607504502111,-0.10235290644466094,0.00563870929648983,657944,231,21
209.0,209,4115.732657,0.0,0.005689111915042596,0.0,3.720149253731343,0.5831929517412989,0.2414177571738748,-0.1023120708878587,0.005897541224106567,650128,231,21
209.0,209,4138.339318,0.0,0.005654632448890822,0.0,3.544776119402985,0.6052311651501754,0.24064623370563704,-0.10244670613280453,0.0054241637747513925,620228,231,21
209.0,209,4165.602677,0.0,0.00562056839799389,0.0,3.578358208955224,0.6003587557791868,0.24040579710144927,-0.10252173913043479,0.005333333333333333,618565,231,21
209.0,209,4195.787605,0.0,0.005586912299802309,0.0,3.6044776119402986,0.5978340612751631,0.24048517675530842,-0.10239419170820248,0.005416462588953874,637069,231,21
209.0,209,4220.005984,0.0,0.005553656869446343,0.0,3.623134328358209,0.5890345725220815,0.24064952173664012,-0.1023254481929091,0.005040380319605934,645558,231,21
209.0,209,4239.886306,0.0,0.005520794994479205,0.0,3.6455223880597014,0.5888303082305248,0.24052722976627666,-0.10257067213254761,0.005152731517066644,641313,231,21
209.0,209,4265.53097,0.0,0.005488319729805798,0.0,3.712686567164179,0.584470388822496,0.2410289789449853,-0.10244509848313335,0.005037355671270093,663555,231,21
209.0,209,4290.967948,0.0,0.00545622429278939,0.0,3.675373134328358,0.5890283494422748,0.24107469404979603,-0.10248980165986778,0.004979603319735546,666067,220,20
209.0,209,4312.342946,0.0,0.005424502058528987,0.0,3.6305970149253732,0.5966090509186024,0.24103596800358001,-0.1026458578061196,0.0052301840353526875,640028,220,20
209.0,209,4341.262522,0.0,0.005393146555300495,0.0,3.623134328358209,0.5951464888214387,0.2406362094374774,-0.10210494118955593,0.0051163696020910384,639194,231,21
209.0,209,4372.789957,0.0,0.00536215146015509,0.0,3.6417910447761193,0.5940138934942679,0.2404898816764348,-0.10206789782151941,0.005446201481809134,636524,231,21
209.0,209,4397.567123,0.0,0.005331510594668489,0.0,3.8097014925373136,0.5766142580201108,0.24026277452516423,-0.10167395068854622,0.005799730628624831,659281,231,21
209.0,209,4418.309351,0.0,0.0053012179208351455,0.0,3.888059701492537,0.5713583112549563,0.2403115605356655,-0.10163979229297622,0.005985241869363214,671649,231,21
202.0,209,4437.723968,0.03349282296650718,0.005460492525612954,0.04868624420401855,3.955223880597015,0.5709820036512314,0.23994346597086322,-0.10173407262448358,0.0054631441617742985,665193,231,21
206.0,209,4455.519804,0.014354066985645933,0.005510456427073813,0.019230769230769232,3.735074626865672,0.5937188609992889,0.2396886318179361,-0.10184334288339911,0.0054867830693551,646836,231,21
208.0,209,4483.922404,0.004784688995215311,0.005506401860415386,0.005094614264919942,3.843283582089552,0.5852663751819036,0.2399881739504381,-0.10159651669085631,0.005778637854109552,660961,231,21
201.0,209,4504.500152,0.03827751196172249,0.005688463583200425,0.06343283582089553,3.8059701492537314,0.5826422207242538,0.2397946908332665,-0.10147833293233886,0.004651535808805838,660631,231,21
207.0,209,4522.197122,0.009569377990430622,0.005709905099262471,0.015,3.83955223880597,0.5710155688181412,0.23983091402137502,-0.10123890040942202,0.004173977774232999,654246,220,20
209.0,209,4542.898262,0.0,0.005678531994321468,0.0,3.8022388059701493,0.5744944820346976,0.23972186235888215,-0.1011289427068186,0.0042302302831610395,657574,220,20
209.0,209,4565.458532,0.0,0.005647501764844302,0.0,3.638059701492537,0.5953435746463643,0.23969289019772824,-0.10133571729070256,0.004180689945309213,642113,231,21
209.0,209,4590.210365,0.0,0.005616808820470148,0.0,3.6156716417910446,0.5911509206596736,0.23982113438456107,-0.1012002824193928,0.004210140948196961,658128,231,21
209.0,209,4615.567145,0.0,0.00558644769171085,0.0,3.753731343283582,0.5803971721169995,0.23984395318595578,-0.10106631989596879,0.004369310793237971,668214,231,21
209.0,209,4639.942511,0.0,0.005556413026701652,0.0,3.8955223880597014,0.5595828600020571,0.2400993300395768,-0.10103727463203911,0.004759564396388939,688117,231,21
204.0,209,4657.754823,0.023923444976076555,0.005654632448890822,0.03473227206946455,3.8208955223880596,0.5697899394953921,0.24017703213853794,-0.10115019427218691,0.004708849033785349,690223,231,21
197.0,209,4678.441134,0.05741626794258373,0.005929960297261529,0.07228915662650602,3.9291044776119404,0.5599646649738479,0.2404505888376856,-0.10097286226318485,0.004941116231438812,693512,231,21
206.0,209,4698.67139,0.014354066985645933,0.005974532290321764,0.017477203647416412,3.7686567164179103,0.5804233061147027,0.2402078133754393,-0.10110528192329242,0.005017063108032394,672568,231,21
208.0,209,4720.661957,0.004784688995215311,0.0059682699571896244,0.0036737692872887582,3.832089552238806,0.5756912982689141,0.24038607691138472,-0.10120585701981051,0.004965293610984445,679026,231,21
209.0,209,4740.906067,0.0,0.005937022470502768,0.0,3.8134328358208953,0.5795536102349239,0.24012801451503163,-0.10125242547186453,0.004661945921427312,657244,220,20
209.0,209,4759.149544,0.0,0.005906100478468899,0.0,4.063432835820896,0.5518560371413356,0.2399478592198937,-0.10107289682141783,0.004787927403990775,659389,220,20
209.0,209,4777.984571,0.0,0.005875498921585641,0.0,4.115671641791045,0.5596856113650843,0.23976958180594,-0.10114460986010324,0.003890177302311663,645007,231,21
206.0,209,4798.95678,0.014354066985645933,0.005919202880678735,0.01757066462948816,4.041044776119403,0.5617504592624972,0.23963579527129283,-0.10119830302428859,0.003919914655022701,654447,231,21
208.0,209,4818.966864,0.004784688995215311,0.005913384860753282,0.00680786686838124,3.8917910447761193,0.5743563311743205,0.23976305072195483,-0.10141922744662471,0.003924472417623103,638337,231,21
206.0,209,4839.62932,0.014354066985645933,0.005956449565472122,0.02127659574468085,3.8134328358208953,0.5767784661548568,0.2403673780113455,-0.1014464281329044,0.004027406006728715,671789,231,21
197.0,209,4859.927535,0.05741626794258373,0.006217666917640201,0.07614607614607614,3.8470149253731343,0.5728974936374751,0.2401876924580869,-0.10134903954249963,0.004056894276357593,665474,231,21
207.0,209,4879.315748,0.009569377990430622,0.0062345947513411624,0.012648809523809524,3.7611940298507465,0.5847712803637556,0.23985410334346505,-0.10147112462006079,0.003987841945288754,646907,231,21
209.0,209,4900.553242,0.0,0.006203265129475127,0.0,3.5708955223880596,0.6034665174139144,0.23989935646199254,-0.1013935259108724,0.003943484782503508,647899,231,21
209.0,209,4924.955562,0.0,0.006172248803827751,0.0,3.6044776119402986,0.6085905559470691,0.23960715403317046,-0.10143706520954192,0.003899573935440387,624375,231,21
209.0,209,4947.209102,0.0,0.0061415410983360706,0.0,3.675373134328358,0.5967810645586589,0.23948553362713162,-0.10164782525388005,0.004071661237785016,618010,220,20
209.0,209,4971.433562,0.0,0.006111137429532427,0.0,3.5634328358208953,0.6078359265453279,0.23957960963752056,-0.10145134767998856,0.0035985796334691736,621850,220,20
209.0,209,5001.971575,0.0,0.006081033304263794,0.0,3.458955223880597,0.6163312537370196,0.23938819065686506,-0.10147023950675836,0.003651885226464311,614991,231,21
209.0,209,5031.173712,0.0,0.006051224317478188,0.0,3.4477611940298507,0.6154500342550955,0.23917506312088535,-0.10137096203308242,0.003421505934543052,613436,231,21
209.0,209,5055.780316,0.0,0.0060217061500758545,0.0,3.294776119402985,0.626394012743317,0.23936320090166244,-0.10141354372123602,0.0033812341504649195,616199,231,21
209.0,209,5086.547977,0.0,0.005992474566823059,0.0,3.3470149253731343,0.6228281900614324,0.23910554478117624,-0.10133887889338038,0.0034114540738836834,613114,231,21
209.0,209,5118.277511,0.0,0.00596352541432633,0.0,3.5186567164179103,0.6041718601572628,0.23938520206482816,-0.10140445519229875,0.0037204111054271495,635565,231,21
209.0,209,5141.116688,0.0,0.005934854619065145,0.0,3.6940298507462686,0.5852630340952362,0.23947703343746385,-0.1010991553858614,0.004026379729260674,653503,231,21
207.0,209,5160.161862,0.009569377990430622,0.005952244683042971,0.010541110330288124,3.4738805970149254,0.6058781320211798,0.23918750863617522,-0.10077840725899313,0.004237483303394593,644028,231,21
209.0,209,5180.820481,0.0,0.005923900660742766,0.0,3.485074626865672,0.6083386673603955,0.2391418945245353,-0.10061653411565172,0.004263023996699595,649627,231,21
209.0,209,5204.467151,0.0,0.0058958253021610466,0.0,3.458955223880597,0.6122181432960428,0.23848083941605838,-0.10038777372262774,0.0039917883211678835,655650,220,20
209.0,209,5231.429162,0.0,0.00586801480545274,0.0,3.533582089552239,0.5993201670200613,0.239051964857318,-0.10045631001838862,0.0039047424459125067,675679,220,20
209.0,209,5253.519336,0.0,0.005840465440168924,0.0,3.705223880597015,0.5845711429445087,0.23903023182249536,-0.10052419901486737,0.0039540873966288585,676248,231,21
209.0,209,5276.280932,0.0,0.005813173545588695,0.0,3.5858208955223883,0.5926016421910757,0.2393010547147323,-0.10063642701329076,0.0036431511008163356,664314,231,21
209.0,209,5294.953533,0.0,0.005786135529097586,0.0,3.503731343283582,0.6021984446484606,0.23939027665860865,-0.10094905542125526,0.0036261079774375505,640256,231,21
209.0,209,5319.222014,0.0,0.005759347864611022,0.0,3.4776119402985075,0.6084012935847518,0.2394118302328172,-0.10094686420853292,0.0036537818870446695,632519,231,21
209.0,209,5344.231861,0.0,0.005732807091041387,0.0,3.8059701492537314,0.5775201283567885,0.23918924912405198,-0.10103339690424447,0.004102541358052069,643663,231,21
205.0,209,5364.980761,0.019138755980861243,0.005794302269435055,0.02617801047120419,3.8656716417910446,0.5744297957528999,0.23918850305746264,-0.10128258901962515,0.004128126448707477,638129,231,21
208.0,209,5384.575855,0.004784688995215311,0.005789692163160079,0.0014534883720930232,3.8656716417910446,0.5743727594523921,0.23965543762498076,-0.10132507086821807,0.003669765091084888,634190,231,21
207.0,209,5404.974941,0.009569377990430622,0.005806872553284037,0.01448225923244026,3.6865671641791047,0.5981904112519758,0.23907336920855754,-0.10145688410552565,0.0035437721485759286,604034,231,21
209.0,209,5428.853099,0.0,0.005780597111866462,0.0,3.873134328358209,0.574729202203601,0.23922653136772423,-0.10147420682446705,0.003636522004224463,626028,220,20
209.0,209,5453.252151,0.0,0.005754558386137334,0.0,3.5858208955223883,0.5991507638885681,0.23913985953351252,-0.101448018728865,0.003685077603398942,623461,220,20
209.0,209,5479.529021,0.0,0.005728753191580664,0.0,3.6305970149253732,0.6039981282968204,0.2388165986923027,-0.10148680434172763,0.0036900369003690036,615803,231,21
209.0,209,5505.993052,0.0,0.005703178400546822,0.0,3.888059701492537,0.5773258643456453,0.2393340494092374,-0.10135338345864661,0.0037593984962406013,646888,231,21
205.0,209,5523.717768,0.019138755980861243,0.005762892078681552,0.026490066225165563,3.906716417910448,0.5742277918850603,0.239289915517057,-0.10135814351406267,0.004042348411934553,655379,231,21
203.0,209,5544.211935,0.028708133971291867,0.005864419697675404,0.045454545454545456,3.7238805970149254,0.590580707006662,0.23951190425486604,-0.10151624856254525,0.0038758039098769114,636367,231,21
205.0,209,5563.266596,0.019138755980861243,0.005922896950024239,0.029069767441860465,3.712686567164179,0.589453253461883,0.23965820664503953,-0.10177469626614083,0.003880160295146619,651859,231,21
204.0,209,5584.184955,0.023923444976076555,0.006001846722068329,0.03865425912670007,3.712686567164179,0.5888224701281984,0.23991386408258913,-0.1018219435471953,0.0035678848143222077,675995,231,21
209.0,209,5603.816256,0.0,0.0059756377844173755,0.0,3.712686567164179,0.5817595304232129,0.2402892214561964,-0.10168992769463595,0.0035732302001008913,684108,231,21
209.0,209,5621.939418,0.0,0.005949656750572082,0.0,3.6417910447761193,0.5921750011743004,0.24024275400230197,-0.10174741027519096,0.003494820550381919,665257,231,21
209.0,209,5644.905944,0.0,0.005923900660742766,0.0,3.5597014925373136,0.5950917668489333,0.24028003500437556,-0.10140850939700796,0.003583781305996583,657672,220,20
209.0,209,5669.656319,0.0,0.005898366606170599,0.0,3.5261194029850746,0.5984214658303131,0.2402132647345601,-0.10128000331929549,0.003588988237246644,655475,220,20
209.0,209,5691.693268,0.0,0.005873051728032527,0.0,3.425373134328358,0.6174145882060549,0.2402710071883004,-0.10152441543418987,0.0036767743534660826,642153,231,21
209.0,209,5715.773507,0.0,0.005847953216374269,0.0,3.4029850746268657,0.6221491377278301,0.24020484975627815,-0.10164332284403858,0.0035375660722732974,631527,231,21
209.0,209,5740.64261,0.0,0.0058230683090705485,0.0,3.2425373134328357,0.633864617377002,0.23987302887569117,-0.10165881630145403,0.0035224247388900265,614371,231,21
209.0,209,5766.1524,0.0,0.005798394290811775,0.0,3.3955223880597014,0.6173977354706198,0.24027814596545607,-0.10147025836579049,0.00356858826648178,650018,231,21
209.0,209,5792.037196,0.0,0.005773928492116367,0.0,3.485074626865672,0.6072653515689167,0.23998944119558155,-0.10154727095516569,0.0034316114359974007,655813,231,21
209.0,209,5816.335878,0.0,0.005749668288367979,0.0,3.4738805970149254,0.6090941730359738,0.24002668985179043,-0.10146187597306751,0.003255353135046606,655648,231,21
209.0,209,5841.877472,0.0,0.005725611098876899,0.0,3.514925373134328,0.6037687955907676,0.24022470100269802,-0.1014577376877542,0.0034027302379897716,674370,231,21
209.0,209,5860.240967,0.0,0.005701754385964913,0.0,3.7313432835820897,0.5846011019006317,0.24016040100250627,-0.10147368421052631,0.003729323308270677,674237,231,21
209.0,209,5881.239212,0.0,0.005678095654072942,0.0,3.6492537313432836,0.5951198418634278,0.2402364028432234,-0.10164922929478476,0.003334398211005511,659762,220,20
209.0,209,5901.592278,0.0,0.005654632448890822,0.0,3.6828358208955225,0.5949645457986065,0.240371423458533,-0.1015847135784304,0.0034796094883979877,664640,220,20
209.0,209,5923.375465,0.0,0.005631362356508555,0.0,3.6791044776119404,0.5928512351329689,0.2404459229337452,-0.10173854500811849,0.003465209298641638,659687,231,21
209.0,209,5946.46638,0.0,0.0056082830025884385,0.0,3.514925373134328,0.6153950150403139,0.2404409299757449,-0.10185166926307902,0.003450927806590286,640110,231,21
209.0,209,5972.414501,0.0,0.005585392051557465,0.0,3.451492537313433,0.6188993451275658,0.2402788688138256,-0.10194422623723488,0.003142183817753339,619913,231,21
209.0,209,6000.154152,0.0,0.005562687205819427,0.0,3.496268656716418,0.6110464025471697,0.24078311721332316,-0.10215337675291909,0.0031880146296622267,627691,231,21
209.0,209,6025.76337,0.0,0.00554016620498615,0.0,3.541044776119403,0.6043258337092541,0.24060150375939848,-0.10169854688534809,0.0032139935330554367,637429,231,21
209.0,209,6050.31407,0.0,0.0055178268251273345,0.0,3.544776119402985,0.6012402097544445,0.2405571614254952,-0.10171299978660252,0.003375560168390013,654307,231,21
203.0,209,6075.973653,0.028708133971291867,0.005610960588766549,0.03140613847251963,3.712686567164179,0.5879612642647916,0.24044444444444443,-0.10162318840579711,0.0033043478260869567,661206,231,21
205.0,209,6097.305099,0.019138755980861243,0.0056650717703349285,0.025510204081632654,3.794776119402985,0.5827940647551371,0.24016937734578,-0.10174189202194206,0.003272062361659128,643781,231,21
206.0,209,6119.379401,0.014354066985645933,0.0056996892811529,0.024799416484318017,3.861940298507463,0.5811318934596638,0.23998773029658174,-0.10160848143248788,0.003431682674795345,652610,220,20
206.0,209,6137.154709,0.014354066985645933,0.005734032049821524,0.020773638968481375,3.75,0.5861487768874479,0.24007485630263334,-0.10164798441766762,0.0031890312601447475,651031,220,20
205.0,209,6156.375381,0.019138755980861243,0.005787015148363182,0.027303754266211604,3.861940298507463,0.578691813889349,0.23986152324431256,-0.1016320474777448,0.0032336605036901774,657737,231,21
205.0,209,6178.981349,0.019138755980861243,0.005839581057152545,0.022582921665490474,3.873134328358209,0.5763583779847019,0.24004774807207685,-0.10150254845860886,0.003391628929268431,672213,231,21
195.0,209,6200.268665,0.06698564593301436,0.006079369546861807,0.0851063829787234,3.8694029850746268,0.5756018074013138,0.2401457373706864,-0.10137431095673186,0.0034735331873442573,691012,231,21
200.0,209,6225.336441,0.0430622009569378,0.006223833732057416,0.05447761194029851,3.9888059701492535,0.5679396906717448,0.24022041676070113,-0.10144436921688106,0.0035545023696682463,678594,231,21
207.0,209,6244.735461,0.009569377990430622,0.006236851413996612,0.014285714285714285,4.003731343283582,0.5662296584997784,0.23975720789074356,-0.10135071844732947,0.0035781861780850147,673868,231,21
209.0,209,6265.044948,0.0,0.006212677571306702,0.0,4.007462686567164,0.5648636417792939,0.23926998581772038,-0.10099275957303874,0.0033962827498693737,663120,231,21
209.0,209,6285.365431,0.0,0.006188690399216715,0.0,4.026119402985074,0.5645524461057381,0.23900961020131234,-0.10099076156663012,0.0034760302619105156,663428,231,21
209.0,209,6305.451981,0.0,0.006164887743835112,0.0,3.764925373134328,0.590358897284298,0.23888086508906417,-0.10072954856867755,0.0033329630041106545,641443,231,21
209.0,209,6334.009475,0.0,0.006141267484280189,0.0,3.824626865671642,0.5823402559195814,0.23860555196901226,-0.10047034953426173,0.003357004519044545,659768,220,20
209.0,209,6360.790967,0.0,0.006117827532050112,0.0,3.9440298507462686,0.566849474533806,0.2384609731001029,-0.10017639276789651,0.0034911068646185507,670672,220,20
209.0,209,6382.11472,0.0,0.0060945658304073355,0.0,3.9888059701492535,0.5592789841784024,0.2383907162337781,-0.10010433254626325,0.0034777515421082496,676116,231,21
205.0,209,6400.22361,0.019138755980861243,0.006143975641583297,0.024513338139870222,4.018656716417911,0.5581068452003184,0.23832014296655604,-0.10031365111783799,0.0034100441299828588,669783,231,21
209.0,209,6419.830482,0.0,0.006120790827841473,0.0,3.91044776119403,0.5701521596159598,0.2382146166003597,-0.10036877577342998,0.0033244318491470926,667871,231,21
209.0,209,6439.581085,0.0,0.006097780336007483,0.0,3.9365671641791047,0.5652428291949134,0.23821847401187202,-0.10044158100477776,0.003456638193137397,684351,231,21
203.0,209,6457.936549,0.028708133971291867,0.006182463308424278,0.044975404075895994,3.962686567164179,0.5620934280344407,0.23819398113921997,-0.10043455525703673,0.003299734939324546,680198,231,21
205.0,209,6480.127061,0.019138755980861243,0.0062308076840677,0.0351288056206089,3.7611940298507465,0.5869799926010535,0.23796349525725782,-0.10053176200057488,0.0032875826386892784,657727,231,21
209.0,209,6499.372087,0.0,0.006207644830223582,0.0,3.5634328358208953,0.6063203633224786,0.23782506756393965,-0.10065684677751328,0.003203694091958549,636907,231,21
209.0,209,6525.425182,0.0,0.006184653553074606,0.0,3.8358208955223883,0.5794865110520209,0.23763417852430369,-0.10058485788666595,0.00320958596341072,638570,231,21
209.0,209,6547.605252,0.0,0.006161831953247762,0.0,3.708955223880597,0.58967642408414,0.23753353111509834,-0.10067328702634525,0.0030022561333072784,626187,220,20
209.0,209,6571.038153,0.0,0.006139178159301998,0.0,3.783582089552239,0.5819990004278999,0.23771681415929202,-0.10084955752212389,0.003097345132743363,632184,220,20
209.0,209,6592.78384,0.0,0.006116690327216643,0.0,3.8694029850746268,0.5709039121626762,0.2377224073780176,-0.10086582376695057,0.002980126611296267,643069,231,21
209.0,209,6614.215336,0.0,0.006094366639891035,0.0,3.9365671641791047,0.5658163786440952,0.23781580519343617,-0.10075898661231948,0.003021891141642363,662084,231,21
209.0,209,6635.187259,0.0,0.0060722053066550674,0.0,3.8805970149253732,0.5753207972782743,0.23780349046860505,-0.10082797976438462,0.003045845222049119,670466,231,21
209.0,209,6655.646708,0.0,0.006050204562790375,0.0,3.9141791044776117,0.569748897745877,0.2376866192270127,-0.100826705734617,0.003174270964141203,651639,231,21
206.0,209,6675.556443,0.014354066985645933,0.0060801824054721645,0.02039329934450109,4.026119402985074,0.555907368349307,0.23768725452712802,-0.1006742900837649,0.0032671787563866394,676736,231,21
202.0,209,6694.081088,0.03349282296650718,0.006178789026195312,0.04086181277860327,4.156716417910448,0.5454236450619875,0.23766971460238293,-0.10072042116929897,0.00329038514824051,671793,231,21
209.0,209,6711.968508,0.0,0.006156642828968805,0.0,4.007462686567164,0.5620094010498949,0.23769261297948338,-0.10071954859972737,0.003088709816575501,668195,231,21
205.0,209,6729.31976,0.019138755980861243,0.006203007518796992,0.02363896848137536,4.052238805970149,0.5550085303996471,0.23755975102307508,-0.10069122046837924,0.003129406100622442,678149,231,21
197.0,209,6749.338906,0.05741626794258373,0.0063852611146111805,0.06920152091254753,3.9477611940298507,0.5614260558695072,0.23766600976780053,-0.10074543740896238,0.0029988861280095965,661065,220,20
200.0,209,6769.602101,0.0430622009569378,0.0065153211849740406,0.060512024825446084,3.8134328358208953,0.5733770676419291,0.23765690376569037,-0.10087951498591068,0.0029203313124412946,654910,220,20
209.0,209,6789.989747,0.0,0.006492298848631376,0.0,3.828358208955224,0.5725590001589967,0.23764549724321013,-0.10092914028997345,0.002841875978490232,632340,231,21
209.0,209,6808.525513,0.0,0.006469438641417885,0.0,3.824626865671642,0.5738909674222341,0.2375154731826429,-0.10075797398809624,0.002814847472572194,641101,231,21
208.0,209,6831.248763,0.004784688995215311,0.006463527239150508,0.007147962830593281,4.044776119402985,0.5543577955609987,0.2374579679288961,-0.10084317601933053,0.0029908247579459625,634411,231,21
208.0,209,6849.567857,0.004784688995215311,0.006457657175360525,0.009195402298850575,3.9365671641791047,0.5558190658383385,0.23760292310023742,-0.10072572361885197,0.0031318931115189683,656490,231,21
209.0,209,6868.684497,0.0,0.006435156627711185,0.0,3.985074626865672,0.5558128860000113,0.23757508641229572,-0.10072485653881003,0.0029866774052820563,655770,231,21
206.0,209,6886.947055,0.014354066985645933,0.006462652844231791,0.02308265078183172,3.91044776119403,0.564950195288445,0.23755936057788776,-0.10081265467192829,0.0030265534077988094,636060,231,21
209.0,209,6907.429888,0.0,0.006440290723663516,0.0,3.832089552238806,0.5683742524888195,0.23764850948961058,-0.1006615233366104,0.0030826654224917933,645455,231,21
209.0,209,6925.001511,0.0,0.0064180828246164,0.0,3.917910447761194,0.5591273962814004,0.23780346052937465,-0.10074391418418518,0.0032712297831357312,652785,231,21
207.0,209,6941.968979,0.009569377990430622,0.006428912017626071,0.015384615384615385,4.0,0.5489522756106198,0.23771699018683082,-0.10086216882622581,0.0030945407006569693,657862,220,20
201.0,209,6960.539676,0.03827751196172249,0.006537982565379826,0.04916897506925208,3.8582089552238807,0.5631262939210173,0.2377041068777833,-0.10077519379844961,0.0027544120072571336,668856,220,20
208.0,209,6977.151156,0.004784688995215311,0.006531998628280288,0.007806955287437899,3.828358208955224,0.5629357972461128,0.23799270192971497,-0.10084157927611033,0.0027614319997370067,671690,231,21
198.0,209,6996.231914,0.05263157894736842,0.006688799921882629,0.07027818448023426,3.6791044776119404,0.583795712173742,0.23807261288419948,-0.10095681237302576,0.002785241496821548,653803,231,21
209.0,209,7017.036442,0.0,0.006666126023842349,0.0,3.6044776119402986,0.5939472778208194,0.237652053228835,-0.10082455710670259,0.0027430810678422727,631893,231,21
209.0,209,7039.704688,0.0,0.006643605327815854,0.0,3.6455223880597014,0.5884982626096626,0.23767370716308134,-0.10074201842028184,0.002782569076056888,639946,231,21
209.0,209,7059.466947,0.0,0.006621236286308056,0.0,3.578358208955224,0.6018917934247376,0.23763034558811605,-0.10078977668942478,0.002773137862251269,630977,231,21
209.0,209,7084.399606,0.0,0.006599017372595614,0.0,3.701492537313433,0.5934022096308986,0.2376357641582622,-0.10088569950866305,0.0029415567623480732,628649,231,21
204.0,209,7105.402177,0.023923444976076555,0.006656958602038693,0.037638376383763834,3.6641791044776117,0.5943014316854057,0.2379663638121013,-0.10090856369611444,0.002883562085185901,623982,231,21
209.0,209,7127.848821,0.0,0.006634768740031898,0.0,3.5559701492537314,0.6034532750193164,0.2380027293890985,-0.10105161756442162,0.003034438468331059,619346,231,21
209.0,209,7151.737224,0.0,0.006612726318968669,0.0,3.514925373134328,0.6115001484508016,0.238070854802061,-0.10119371459660127,0.002960284187281979,640295,220,20
208.0,209,7175.99422,0.004784688995215311,0.006606673215247632,0.0023828435266084196,3.5858208955223883,0.6030332406457799,0.2379987879174508,-0.10116104749449778,0.0030780517367867055,641200,220,20
208.0,209,7195.240676,0.004784688995215311,0.006600660066006601,0.008221225710014948,3.5671641791044775,0.599179032777516,0.23819742489270387,-0.1013034493721189,0.0028453346049912573,633097,231,21
209.0,209,7215.917216,0.0,0.006578947368421052,0.0,3.6641791044776117,0.5997074352515831,0.23813748633533485,-0.10153836404252285,0.0028992854766393635,617212,231,21
209.0,209,7241.581659,0.0,0.006557377049180328,0.0,3.537313432835821,0.6137691921955841,0.2382200606366852,-0.1015822385042951,0.0029528802425467407,615774,231,21
209.0,209,7264.959691,0.0,0.006535947712418301,0.0,3.6492537313432836,0.6033174637232153,0.23828635283378188,-0.1015628688795505,0.0029589058343957066,630629,231,21
209.0,209,7287.782192,0.0,0.006514657980456026,0.0,3.712686567164179,0.59204088704925,0.2383208358171493,-0.10181030966648888,0.0026511467386188935,620413,231,21
209.0,209,7312.007912,0.0,0.006493506493506494,0.0,3.6828358208955225,0.5938403955645708,0.23848018137753108,-0.10180595731373622,0.0027050269720897504,622105,231,21
207.0,209,7334.118708,0.009569377990430622,0.006503460770195569,0.015725518227305217,3.7723880597014925,0.5882853757383459,0.23856799975063123,-0.10172687883794146,0.002852155481437611,633807,231,21
201.0,209,7355.548451,0.03827751196172249,0.006605957709523075,0.057863501483679525,3.6865671641791047,0.5921636808695081,0.23852213228096888,-0.10170439538244022,0.002812174696642481,642419,231,21
201.0,209,7382.559184,0.03827751196172249,0.006707795504546224,0.04860614724803431,3.6641791044776117,0.5875103187481759,0.23846106189207608,-0.10160460937984016,0.0025091382194411746,637110,220,20
209.0,209,7405.249547,0.0,0.0066862961599803705,0.0,3.6529850746268657,0.59012425327855,0.23850987294088585,-0.10163185277816374,0.0026091118212835597,623177,220,20
209.0,209,7429.038727,0.0,0.006664934191418133,0.0,3.8955223880597014,0.5663792291132704,0.23855837001015665,-0.10165892093195039,0.0028469422301560434,627011,231,21
209.0,209,7450.854373,0.0,0.006643708286349922,0.0,3.7723880597014925,0.5766024142794743,0.23839180254943168,-0.10167047598594899,0.0028378150358178275,632783,231,21
209.0,209,7471.214601,0.0,0.006622617148932939,0.0,3.7425373134328357,0.5782671256352755,0.23840978593272172,-0.10165137614678899,0.0027370030581039756,641985,231,21
209.0,209,7490.674474,0.0,0.006601659499727454,0.0,3.544776119402985,0.5963702460348755,0.2384581383651633,-0.10151046350348275,0.002697800606624091,645927,231,21
209.0,209,7513.00227,0.0,0.006580834075438093,0.0,3.6305970149253732,0.5850537471178807,0.23846060348233006,-0.1012488984776201,0.0027348141845695705,673173,231,21
209.0,209,7534.956594,0.0,0.0065601396286599865,0.0,3.4813432835820897,0.6038012566044033,0.2382055825647084,-0.1012464597816045,0.002832174716403895,653474,231,21
209.0,209,7560.886029,0.0,0.006539574927629704,0.0,3.455223880597015,0.6057989135380314,0.23796726855486441,-0.10086659822453047,0.0028081405881997703,660271,231,21
209.0,209,7584.512789,0.0,0.006519138755980861,0.0,3.470149253731343,0.6052615369076026,0.23782075400707353,-0.10100082775227631,0.0029347580705846943,657579,231,21
209.0,209,7602.001048,0.0,0.006498829912504285,0.0,3.503731343283582,0.6063045576816727,0.2381102409457797,-0.1012692411558196,0.002670507396405317,638123,220,20
209.0,209,7625.860456,0.0,0.006478647210912657,0.0,3.4776119402985075,0.6093520207543004,0.23802401926326966,-0.10132659318307584,0.0024378206182791677,631587,220,20
209.0,209,7653.943823,0.0,0.006458589479609522,0.0,3.5634328358208953,0.600192512830329,0.23786378816793893,-0.10108540076335878,0.0024600429389312977,627389,231,21
209.0,209,7672.553735,0.0,0.006438655561462579,0.0,3.675373134328358,0.5938578470109741,0.2376599634369287,-0.10106865236842497,0.0026456206061146533,630718,231,21
208.0,209,7693.861494,0.004784688995215311,0.0064335664335664336,0.00858034321372855,3.667910447761194,0.5893591255409781,0.23753500570463335,-0.10089051549141341,0.0028004563706678126,647293,231,21
209.0,209,7717.1074,0.0,0.006413831567205801,0.0,3.548507462686567,0.5996775414889327,0.23754025229696593,-0.10084492894915655,0.0027474962332712932,644783,231,21
209.0,209,7738.302419,0.0,0.006394217403391716,0.0,3.5671641791044775,0.6004096025518926,0.23744238443753957,-0.10084380108089004,0.0025917799343219403,633125,231,21
209.0,209,7763.37606,0.0,0.006374722838137472,0.0,3.5111940298507465,0.5991135349698332,0.2373597979916613,-0.10066651007105526,0.002466380879675847,657181,231,21
209.0,209,7789.10631,0.0,0.0063553467808786955,0.0,3.5559701492537314,0.6008400315298215,0.23726308086351994,-0.10057811928283937,0.0025027442371020857,662465,231,21
209.0,209,7815.738937,0.0,0.006336088154269973,0.0,3.708955223880597,0.5826058442867206,0.23728368401085592,-0.10050485890215076,0.0025242945107537863,682319,231,21
206.0,209,7836.265523,0.014354066985645933,0.006360311655271109,0.022222222222222223,3.8955223880597014,0.5644358743979474,0.23703811463485597,-0.1004218795461158,0.0025894675589176607,668760,220,20
207.0,209,7858.02578,0.009569377990430622,0.006369977517726408,0.014751552795031056,3.955223880597015,0.5586631712372551,0.2367325626930831,-0.10042496410286161,0.002596197078915689,651078,220,20
209.0,209,7878.026679,0.0,0.006350848456111614,0.0,4.07089552238806,0.550755944756281,0.23668228353288218,-0.10030944531204812,0.0025738909132974725,654381,231,21
205.0,209,7897.887062,0.019138755980861243,0.0063891356043893075,0.025170068027210883,3.8507462686567164,0.5782602317572925,0.23668920574962876,-0.10043107798330474,0.002335606464728017,648304,231,21
207.0,209,7921.425896,0.009569377990430622,0.006398628865243162,0.017463933181473046,3.75,0.585952815497928,0.23668928242870285,-0.10040535878564857,0.0022280358785648573,646301,231,21
209.0,209,7941.142017,0.0,0.006379585326953748,0.0,3.66044776119403,0.5873968623083414,0.2367828940768448,-0.10036258365937199,0.0021640368602834745,658898,231,21
209.0,209,7963.911754,0.0,0.006360654806695725,0.0,3.5223880597014925,0.6040328945287345,0.2368473694738948,-0.10040579544480324,0.002128997228017032,643855,231,21
209.0,209,7988.079446,0.0,0.0063418363013504715,0.0,3.544776119402985,0.6060678200546399,0.23689721490134624,-0.10051998005555951,0.0021653963957546834,630591,231,21
209.0,209,8017.384161,0.0,0.006323128819635573,0.0,3.716417910447761,0.5934943650519728,0.2366200784046361,-0.10047724561104483,0.0022868018862564625,625722,231,21
209.0,209,8040.894835,0.0,0.0063045313819307626,0.0,3.5858208955223883,0.6058975641620301,0.2366986248990979,-0.10037811734383187,0.002365003611233059,631157,231,21
209.0,209,8066.452879,0.0,0.006286043020106919,0.0,3.5186567164179103,0.6090169674686864,0.23655078930275902,-0.1004207732060659,0.0023580243427183643,628733,220,20
209.0,209,8098.413554,0.0,0.006267662777358068,0.0,3.611940298507463,0.5969467783374375,0.2367839394067379,-0.10042094296856302,0.002365164505638383,644758,220,20
206.0,209,8120.671904,0.014354066985645933,0.00629123829983121,0.02478134110787172,3.753731343283582,0.5847871111279802,0.23656246051911226,-0.10042534076392885,0.002456588570546205,651585,231,21
202.0,209,8143.01922,0.03349282296650718,0.006370312673862246,0.04904214559386973,3.6791044776119404,0.5988226650282558,0.23657945939892774,-0.10033735074679097,0.0024216464396198153,658411,231,21
204.0,209,8163.249931,0.023923444976076555,0.00642119131821649,0.037063953488372096,3.5671641791044775,0.6086082691888891,0.23656184135226052,-0.10035872311321413,0.0025264157000683945,647616,231,21
209.0,209,8183.45515,0.0,0.006402632961805459,0.0,3.6305970149253732,0.6053225093231277,0.23651394533207148,-0.10038690641874966,0.002449479485609308,649504,231,21
206.0,209,8207.306521,0.014354066985645933,0.006425547757263213,0.021196063588190765,3.783582089552239,0.5974714131645362,0.23646229426295484,-0.10021094118626662,0.0023730883454994587,648552,231,21
208.0,209,8229.722527,0.004784688995215311,0.006420832645878018,0.0045906656465187455,3.8358208955223883,0.5916340366095079,0.2363352060443362,-0.10017158829878504,0.002380095757340935,642530,231,21
209.0,209,8253.790922,0.0,0.006402434844600431,0.0,3.708955223880597,0.6001205002523538,0.23620558813383927,-0.10003449465332874,0.002387030010348396,635581,231,21
209.0,209,8277.648425,0.0,0.006384142173615858,0.0,3.5261194029850746,0.616365791421323,0.23614550657641298,-0.1000908040283969,0.0024764735017335313,615503,231,21
209.0,209,8303.118493,0.0,0.006365953734374787,0.0,3.7574626865671643,0.5890707355001545,0.23622295693688009,-0.09999588437847255,0.0025791228238651173,633782,220,20
207.0,209,8321.578987,0.009569377990430622,0.006375054371465854,0.010822510822510822,3.8470149253731343,0.5807303108687744,0.236484268125855,-0.10008207934336526,0.0025444596443228453,639039,220,20
206.0,209,8338.66912,0.014354066985645933,0.006397657806633504,0.014814814814814815,3.824626865671642,0.5837861952879916,0.23629716530706898,-0.10010094671650342,0.0026464409461708456,629467,231,21
202.0,209,8361.594796,0.03349282296650718,0.006474197821209418,0.04582409460458241,3.798507462686567,0.5873150795569297,0.23623279098873592,-0.10002992871524188,0.0026527724873483156,639045,231,21
203.0,209,8383.067154,0.028708133971291867,0.006536828627265988,0.03635116598079561,3.720149253731343,0.5860205538701512,0.23653186091628114,-0.10010717531983014,0.0024012698240425444,659463,231,21
209.0,209,8401.677407,0.0,0.00651846674909951,0.0,3.705223880597015,0.5879005880709137,0.23651244588744588,-0.10014880952380953,0.0024215367965367963,646946,231,21
209.0,209,8422.837681,0.0,0.006500207738597831,0.0,3.720149253731343,0.5866403825674309,0.23661455031094444,-0.10013624897138772,0.002306789515574202,654987,231,21
207.0,209,8442.900218,0.009569377990430622,0.006508780839859935,0.015993907083015995,3.5708955223880596,0.6064960832595876,0.23669554455445543,-0.10023407232027551,0.002286913473956091,638277,231,21
209.0,209,8462.396617,0.0,0.006490650531113806,0.0,3.764925373134328,0.5850500354920045,0.23672949225300155,-0.09997987792608491,0.0020390368233952644,663689,231,21
209.0,209,8483.422732,0.0,0.006472620946305157,0.0,3.623134328358209,0.6017321035952357,0.23661610081065895,-0.09996789469459828,0.002086844851111646,647101,231,21
209.0,209,8505.428558,0.0,0.006454691248392954,0.0,3.735074626865672,0.5953579837303832,0.23642330216240012,-0.10002267785440817,0.0020276669823779733,626016,220,20
204.0,209,8522.104902,0.023923444976076555,0.006502947474160036,0.03951367781155015,4.037313432835821,0.5693795962140117,0.2362872005002195,-0.09993747256109729,0.002155201085582769,640066,220,20
201.0,209,8542.938829,0.03827751196172249,0.006590480709662963,0.05925925925925926,3.8992537313432836,0.5795254463174839,0.2366654282984821,-0.10000265364610976,0.0021494533489013904,653240,231,21
204.0,209,8560.065495,0.023923444976076555,0.006638098743361901,0.024544179523141654,3.9291044776119404,0.5731545695802625,0.2368734451913407,-0.1000105859312973,0.002289207643042397,683353,231,21
206.0,209,8579.921128,0.014354066985645933,0.0066592383823818576,0.017011834319526627,3.794776119402985,0.58791527780312,0.23694212040433899,-0.10004222861516535,0.002309377391855156,678610,231,21
209.0,209,8597.687205,0.0,0.006641043741992836,0.0,3.970149253731343,0.5755371022734879,0.23692210509692446,-0.100056588627002,0.002250384934265072,679161,231,21
205.0,209,8615.796794,0.019138755980861243,0.006675097453815366,0.024096385542168676,3.783582089552239,0.5902100996538807,0.2370852582948341,-0.1001679966400672,0.0021918311633767323,672456,231,21
209.0,209,8635.606489,0.0,0.006656958602038693,0.0,3.7761194029850746,0.5891536720207077,0.23718275938796612,-0.10012957945576628,0.0019764139212837526,675076,231,21
209.0,209,8660.743693,0.0,0.006638918063821786,0.0,3.4813432835820897,0.6130120521563273,0.237305834747422,-0.10020885001957969,0.0018927033024409346,652892,231,21
209.0,209,8689.502064,0.0,0.006620975042027673,0.0,3.6194029850746268,0.5975209128191105,0.2371548705398404,-0.10017053072807508,0.0018745362475429256,651586,231,21
209.0,209,8716.666056,0.0,0.006603128748113853,0.0,3.544776119402985,0.6001246438621022,0.2371475307680324,-0.10004154333489121,0.0018175209014903672,659336,220,20
209.0,209,8739.509229,0.0,0.0065853784020167725,0.0,3.7276119402985075,0.5776534598178787,0.2372179136942139,-0.09982262387197846,0.001955021557025778,687381,220,20
209.0,209,8756.139189,0.0,0.006567723232038175,0.0,4.007462686567164,0.555013792971649,0.23727500451927794,-0.09990186710740387,0.002182165637992924,705060,231,21
208.0,209,8771.982836,0.004784688995215311,0.0065629557608167235,0.0045662100456621,3.8843283582089554,0.5637686785216195,0.23734772194606846,-0.09987895021505654,0.0022793416952120948,706901,231,21
209.0,209,8791.686255,0.0,0.006545454545454545,0.0,3.861940298507463,0.5720647472463103,0.2373399432336283,-0.10002183321988621,0.002375968046440543,682904,231,21
209.0,209,8809.801074,0.0,0.006528046421663443,0.0,4.003731343283582,0.5585616027294789,0.23739624961573932,-0.09989496874679783,0.0023952249205861256,690070,231,21
206.0,209,8830.370186,0.014354066985645933,0.006548805096899471,0.02243829468960359,3.8805970149253732,0.5757477261840176,0.23724418099593755,-0.09995145507039015,0.0022867216842535577,661070,231,21
206.0,209,8849.228976,0.014354066985645933,0.006569453937874991,0.021941489361702128,3.921641791044776,0.5729125327007407,0.23708016920646247,-0.09972733295958412,0.00224249528566332,675374,231,21
202.0,209,8866.625679,0.03349282296650718,0.006640491850879297,0.04460431654676259,3.970149253731343,0.568510409207622,0.23711969092341711,-0.099674656228554,0.002084233535825941,659542,231,21
207.0,209,8891.03796,0.009569377990430622,0.006648199445983379,0.017531044558071585,3.8470149253731343,0.5807472495117645,0.23705525205024527,-0.09948918154969388,0.001977361743120429,655517,231,21
209.0,209,8919.517019,0.0,0.00663075010360547,0.0,3.8358208955223883,0.5784154508223683,0.23677024601147886,-0.0993021668225835,0.0018962858081970114,641404,220,20
209.0,209,8945.515629,0.0,0.006613392119041058,0.0,3.8656716417910446,0.579366316116572,0.23653717643202077,-0.09931787520016139,0.001916505907125115,632897,220,20
209.0,209,8971.130848,0.0,0.006596124776693692,0.0,3.8208955223880596,0.5813704489557191,0.2364939637826962,-0.09920774647887325,0.0019114688128772635,634647,231,21
209.0,209,8999.582669,0.0,0.006578947368421052,0.0,3.675373134328358,0.6020605268213012,0.23636318027317538,-0.09932395991420938,0.0018939156392278845,610308,231,21
209.0,209,9025.994163,0.0,0.006561859193438141,0.0,3.6417910447761193,0.6025826887602447,0.23618304185743952,-0.09912682328804824,0.0018764542520453352,607997,231,21
209.0,209,9055.781274,0.0,0.00654485955822198,0.0,3.529850746268657,0.6142571686090869,0.23600384293860033,-0.09899310017842215,0.0018590839332726116,604822,231,21
209.0,209,9084.932067,0.0,0.006527947776417789,0.0,3.593283582089552,0.6026322932270168,0.23576335307879934,-0.09869829259793918,0.0018791378366270098,616058,231,21
209.0,209,9113.559845,0.0,0.0065111231687466084,0.0,3.888059701492537,0.5722557113564025,0.23568547135853038,-0.09835536523304164,0.0019239123688946814,652348,231,21
208.0,209,9137.88247,0.004784688995215311,0.00650668503462442,0.008565310492505354,4.022388059701493,0.5577518706895445,0.23559852921149393,-0.09825065306476174,0.0019437188169314004,665909,231,21
206.0,209,9158.541575,0.014354066985645933,0.006526806526806527,0.02096273291925466,4.007462686567164,0.5625430415558687,0.2353079193371121,-0.0981982983242569,0.002012867533558083,670313,231,21
202.0,209,9180.067259,0.03349282296650718,0.006595773320769956,0.0416036308623298,3.7611940298507465,0.5936923192820418,0.2351535457804166,-0.09823727226814156,0.0019832226752565254,636682,220,20
209.0,209,9209.953295,0.0,0.006578947368421052,0.0,3.548507462686567,0.6109491958444538,0.23515173854281854,-0.09824302739894336,0.0019412704263423025,612303,220,20
209.0,209,9245.097451,0.0,0.006562207044328378,0.0,3.8208955223880596,0.5836736239001611,0.23507641025012563,-0.0981139474748465,0.0021446341254182035,639157,231,21
209.0,209,9267.31136,0.0,0.006545551696500134,0.0,3.8022388059701493,0.5866370255333757,0.23475699198122432,-0.09799775083121455,0.0020658126344611774,627385,231,21
202.0,209,9290.294233,0.03349282296650718,0.006613772636424202,0.039202200825309494,3.8582089552238807,0.5764963350895927,0.2349591513230094,-0.09800024387269846,0.002097305206682112,645779,231,21
205.0,209,9315.678967,0.019138755980861243,0.006645401382243487,0.019636363636363636,3.8134328358208953,0.578934958844812,0.23503010399562124,-0.09799914857386122,0.002225871191388433,668989,231,21
208.0,209,9337.858277,0.004784688995215311,0.006640714449278681,0.008241758241758242,3.9365671641791047,0.5677475923650843,0.23495868871552844,-0.09790956407798794,0.0023051818060492823,684327,231,21
203.0,209,9359.194596,0.028708133971291867,0.006696160226972181,0.04172560113154172,3.9440298507462686,0.5671409040646701,0.2348534359644664,-0.09810471280226563,0.0020937719361944183,681276,231,21
209.0,209,9385.949031,0.0,0.006679377870513605,0.0,3.779850746268657,0.5815322796745872,0.23473169553932516,-0.09807448542282851,0.0019798394398503048,678773,231,21
209.0,209,9407.470813,0.0,0.006662679425837321,0.0,3.843283582089552,0.5679384060167333,0.23470690236501132,-0.09802032657386446,0.002035065748278021,673425,231,21
208.0,209,9424.710377,0.004784688995215311,0.006657996157930533,0.008356545961002786,4.037313432835821,0.5517489005004101,0.23468505261134867,-0.09806371018113678,0.002150098496132225,661627,220,20
208.0,209,9445.546069,0.004784688995215311,0.006653336189864077,0.008823529411764706,4.074626865671642,0.5539637541412182,0.23454349388928827,-0.09804696860771626,0.002132758207524563,655966,220,20
207.0,209,9465.39024,0.009569377990430622,0.006660572025597493,0.01622874806800618,4.097014925373134,0.5526491184225497,0.23423811060513702,-0.09795976908458533,0.002151385851052386,648157,231,21
208.0,209,9484.831769,0.004784688995215311,0.006655928750769814,0.0050578034682080926,3.921641791044776,0.5642404739205026,0.2342295081967213,-0.09780029806259315,0.002193740685543964,661901,231,21
205.0,209,9503.100058,0.019138755980861243,0.006686750546399669,0.01622002820874471,3.83955223880597,0.5758855519033049,0.2340152235965747,-0.0978591817316841,0.0021408182683158895,637464,231,21
209.0,209,9529.074385,0.0,0.00667028071746765,0.0,3.7238805970149254,0.582277227363568,0.2341349405023194,-0.09768771725847976,0.0021948296930797613,657964,231,21
209.0,209,9549.748066,0.0,0.006653891821355936,0.0,3.764925373134328,0.5788608992487594,0.23394636559445195,-0.09744609339866032,0.002284077729650406,658410,231,21
205.0,209,9568.86344,0.019138755980861243,0.0066844919786096255,0.03208955223880597,3.832089552238806,0.5740635342503734,0.2338405959647238,-0.09731650590888162,0.0021604901833465165,660832,231,21
204.0,209,9590.602007,0.023923444976076555,0.006726641007943286,0.03463203463203463,3.7723880597014925,0.5837260321111781,0.23370275713427632,-0.0972829095363162,0.0020728561838246552,665986,231,21
207.0,209,9610.791453,0.009569377990430622,0.006733574512778621,0.01455604075691412,3.83955223880597,0.5763653916470426,0.2336043424113542,-0.09731654016965481,0.0021383086213783865,662557,231,21
209.0,209,9631.490537,0.0,0.00671719111980349,0.0,3.9813432835820897,0.5637164524054092,0.2335829729381292,-0.09716020299333122,0.002086190124585399,666839,220,20
204.0,209,9653.437762,0.023923444976076555,0.006758953871881823,0.030983733539891558,3.8694029850746268,0.5756224083584104,0.23359874659464264,-0.09709214633975236,0.0021162907619815966,666227,220,20
203.0,209,9674.954656,0.028708133971291867,0.006812099586408239,0.04191176470588235,3.83955223880597,0.5733832334308759,0.2335238539601073,-0.09713052607022046,0.0022862475212877638,662422,231,21
205.0,209,9697.024498,0.019138755980861243,0.00684187411876199,0.02600297176820208,3.6492537313432836,0.5879415215032621,0.23361843253621922,-0.0971780997265375,0.00232734043172165,647072,231,21
209.0,209,9722.728413,0.0,0.0068253876751023235,0.0,3.832089552238806,0.5732795222197425,0.23359723254086182,-0.09713967310549777,0.002298476968796434,646141,231,21
209.0,209,9743.757389,0.0,0.006808980493191019,0.0,3.8955223880597014,0.5667414959677988,0.23348349217745765,-0.09699720912996654,0.0022697532222389493,655345,231,21
204.0,209,9766.884463,0.023923444976076555,0.006850022374444942,0.031982942430703626,3.9365671641791047,0.5605139541622295,0.23347620643044467,-0.09680326258996962,0.002299063045160992,664943,231,21
209.0,209,9787.564683,0.0,0.006833634761108949,0.0,3.7425373134328357,0.5864321832369941,0.23312126869972108,-0.09681211534472028,0.0022935251135237306,622614,231,21
209.0,209,9811.900024,0.0,0.0068173253702709805,0.0,3.66044776119403,0.5962753174846926,0.23291750503018108,-0.09680942799655073,0.002345501580914056,614676,231,21
209.0,209,9836.087119,0.0,0.006801093643198907,0.0,3.6082089552238807,0.5986719642656482,0.23276059827491283,-0.09670352358230869,0.002351348871352542,625469,231,21
209.0,209,9854.567954,0.0,0.006784939026469218,0.0,3.8208955223880596,0.5777995690790072,0.23292483379675719,-0.09648370006751113,0.0024487087066469852,660686,220,20
208.0,209,9872.268938,0.004784688995215311,0.006780199097485204,0.00450112528132033,3.66044776119403,0.589107073597329,0.23279414618554584,-0.09650574765128252,0.0020661864590586867,657285,220,20
209.0,209,9896.154977,0.0,0.006764170258011243,0.0,3.41044776119403,0.6182594584871091,0.2327639221045439,-0.09656075617811183,0.002027103974490377,636106,231,21
209.0,209,9925.79087,0.0,0.0067482170262706505,0.0,3.3208955223880596,0.6227215097738867,0.2328928981242686,-0.09646780808689033,0.0019768459082698054,642187,231,21
209.0,209,9950.205556,0.0,0.006732338868561779,0.0,3.6007462686567164,0.5922336889638092,0.23287391757718637,-0.09626195765516617,0.0021535113569388403,674580,231,21
209.0,209,9972.914515,0.0,0.006716535256194263,0.0,3.6156716417910446,0.5928393270450905,0.23282110428892885,-0.09629453735427479,0.001990117258613476,670644,231,21
209.0,209,9998.027844,0.0,0.006700805665430342,0.0,3.514925373134328,0.602725823143381,0.2327572592107935,-0.09643977167610496,0.0019290210500191773,648412,231,21
209.0,209,10021.704874,0.0,0.006685149577427,0.0,3.6902985074626864,0.5832371205659881,0.23284002025772327,-0.096336728377694,0.002025772325699173,663432,231,21
204.0,209,10041.896055,0.023923444976076555,0.006725332084183759,0.03597122302158273,3.828358208955224,0.5670834844211302,0.23295792676764843,-0.09641922770298342,0.001964989501341807,669704,231,21
208.0,209,10062.257746,0.004784688995215311,0.006720818960721042,0.007751937984496124,3.6791044776119404,0.5882244944949037,0.232728779952278,-0.09634019290443277,0.0018259827259793652,644524,231,21
202.0,209,10082.210464,0.03349282296650718,0.006782934979295952,0.03354746609564597,3.861940298507463,0.5705525197906608,0.23279571695224044,-0.09641328281304139,0.001799505974136293,646652,220,20
205.0,209,10100.693645,0.019138755980861243,0.006811536416799575,0.025053686471009307,3.753731343283582,0.582543685287109,0.2328434105760867,-0.09642705801012556,0.001717331668042019,640949,220,20
209.0,209,10127.948012,0.0,0.006795805385813894,0.0,3.705223880597015,0.5846900819293658,0.23295840147747626,-0.09643647853320428,0.0017800918972441953,639283,231,21
209.0,209,10150.960095,0.0,0.0067801468480585625,0.0,3.906716417910448,0.5670519680691399,0.2326399680326777,-0.09629045864227678,0.0019202592905030414,642444,231,21
209.0,209,10173.19612,0.0,0.006764560303580267,0.0,3.970149253731343,0.5595235708289804,0.23257771231769306,-0.09612296652307284,0.0019601111837078216,660452,231,21
207.0,209,10191.667802,0.009569377990430622,0.0067709933716693736,0.01516245487364621,3.9477611940298507,0.5709330874635382,0.2322999071905246,-0.09611305078004154,0.002066115702479339,636030,231,21
204.0,209,10211.355422,0.023923444976076555,0.00681024383300669,0.032324621733149934,4.0111940298507465,0.5688173284598007,0.23208616280095246,-0.09600714348707999,0.0019291824675897345,628842,231,21
209.0,209,10234.626238,0.0,0.006794695331104848,0.0,3.8544776119402986,0.5836503831745152,0.2321685859152451,-0.09603941883613247,0.001924747858030598,608024,231,21
209.0,209,10261.26625,0.0,0.006779217665202559,0.0,3.921641791044776,0.5709411999720516,0.23227257763634368,-0.09591791945572259,0.001975200263360035,644746,231,21
209.0,209,10281.725683,0.0,0.006763810352327098,0.0,3.9477611940298507,0.5728207920524563,0.2321461807114157,-0.09593930303594303,0.001992577102880478,638509,231,21
207.0,209,10310.121082,0.009569377990430622,0.006770172183706018,0.012749003984063745,3.843283582089552,0.5793271589101873,0.23224389924191116,-0.09600637930657811,0.0019771481004085376,649669,220,20
207.0,209,10330.76437,0.009569377990430622,0.006776505228517612,0.01622002820874471,3.791044776119403,0.5894552806771765,0.23214499798371716,-0.09617124235719814,0.001972687541551775,623231,220,20
208.0,209,10357.637631,0.004784688995215311,0.006772009029345372,0.007851534618129907,3.705223880597015,0.5953633118265119,0.23225062798360174,-0.09614945466012766,0.0020334707104098476,646810,231,21
196.0,209,10380.368107,0.06220095693779904,0.00689684900211216,0.08226037195994278,3.701492537313433,0.5985481985612074,0.23221242010916154,-0.09609687815358572,0.001964039628026086,638186,231,21
204.0,209,10401.679758,0.023923444976076555,0.006935111015536799,0.02696629213483146,3.708955223880597,0.599364791518134,0.2321434371650372,-0.09614447656478384,0.0015807537813579324,633615,231,21
208.0,209,10424.167403,0.004784688995215311,0.006930289441500204,0.007857142857142858,3.958955223880597,0.5730418362976675,0.23204312458814505,-0.09607968110274498,0.001674426643908868,633406,231,21
197.0,209,10445.820912,0.05741626794258373,0.00704323346499256,0.08256880733944955,3.798507462686567,0.5889352410523256,0.23195998533945628,-0.09616669900610138,0.0016277515469029602,622760,231,21
196.0,209,10468.073179,0.06220095693779904,0.007166353383458646,0.07162162162162163,3.888059701492537,0.5771341099514596,0.23213786278264237,-0.09607151309137067,0.0015812912803080828,643587,231,21
207.0,209,10491.424199,0.009569377990430622,0.007171705331358361,0.010137581462708182,3.7611940298507465,0.5895250218631877,0.23225536390859622,-0.09611566078845968,0.0016421771189988085,646911,231,21
207.0,209,10516.441759,0.009569377990430622,0.007177033492822967,0.016874541452677916,3.6305970149253732,0.5975777861959628,0.232393762851268,-0.09604180945853324,0.0016064084989718987,653388,231,21
209.0,209,10540.23458,0.0,0.0071611198930606095,0.0,3.6343283582089554,0.5955268001473162,0.23228081423305016,-0.09582732275471496,0.0016135064379975423,648788,220,20
209.0,209,10565.183921,0.0,0.0071452767074564934,0.0,3.8656716417910446,0.5709790816100183,0.2322323389555835,-0.09576305520608994,0.001844467663176749,673424,220,20
207.0,209,10591.934197,0.009569377990430622,0.007150627924416701,0.0121765601217656,3.876865671641791,0.5647945793514556,0.2322741247433538,-0.09575430048616504,0.0017872150296273444,679792,231,21
209.0,209,10614.687111,0.0,0.007134877642644858,0.0,3.6082089552238807,0.5911993375523357,0.2321515762657892,-0.09572232247107526,0.0017620210168771892,657765,231,21
209.0,209,10634.589622,0.0,0.007119196592880803,0.0,3.6902985074626864,0.5849624411057598,0.23206134358550715,-0.09574344146834853,0.0016839830966225019,647723,231,21
209.0,209,10653.664693,0.0,0.007103584319650802,0.0,3.7611940298507465,0.5797831831553756,0.23210888954643447,-0.09579617026672867,0.0018387792196812782,643732,231,21
205.0,209,10674.685844,0.019138755980861243,0.007129919487399621,0.029367469879518073,3.7723880597014925,0.5815568856227095,0.2321238387481151,-0.09584216464732741,0.001876983750382251,645997,231,21
206.0,209,10691.154999,0.014354066985645933,0.007145692735212386,0.0226928895612708,3.720149253731343,0.5897532673141426,0.2319153189743158,-0.09586590768000505,0.0018623933332631867,618891,231,21
207.0,209,10710.591461,0.009569377990430622,0.007150973095245541,0.01516245487364621,3.779850746268657,0.5902247247512633,0.23190475190559184,-0.0959410368939378,0.001921340528736115,613565,231,21
209.0,209,10733.818717,0.0,0.0071354275015602245,0.0,3.6455223880597014,0.6066953564096773,0.23185794353360223,-0.09598240008380912,0.0018647530249855952,595839,231,21
209.0,209,10757.79593,0.0,0.007119949350797621,0.0,3.6902985074626864,0.6047417023927802,0.23176952667670178,-0.09601312928583375,0.0017770530188994816,608471,220,20
209.0,209,10778.421109,0.0,0.007104538205016674,0.0,3.6492537313432836,0.6081356898639674,0.2317440781033242,-0.09603329404524735,0.0018774837545502904,612334,220,20
209.0,209,10804.04322,0.0,0.007089193630059835,0.0,3.485074626865672,0.6256759072963904,0.2316354780291834,-0.09605337107887013,0.001862992027643055,578344,231,21
209.0,209,10830.803356,0.0,0.007073915195512291,0.0,3.3917910447761193,0.6279872011124645,0.2316519716276703,-0.09614605726391874,0.0019212595154271947,582985,231,21
209.0,209,10861.571036,0.0,0.0070587024746617275,0.0,3.66044776119403,0.6026941701024471,0.23173056994818653,-0.09614507772020725,0.0020829015544041453,603772,231,21
209.0,209,10885.345848,0.0,0.007043555044458591,0.0,3.7686567164179103,0.5919451513036427,0.23158134196403643,-0.09610274121333072,0.0020060180541624875,599292,231,21
209.0,209,10906.214998,0.0,0.007028472485476881,0.0,3.541044776119403,0.6179733346059406,0.23151530159516293,-0.09617408530923048,0.0017643781340927383,576232,231,21
209.0,209,10931.031932,0.0,0.007013454381875435,0.0,3.675373134328358,0.6015955080660451,0.23171723619590845,-0.09620393917242373,0.001822356296395441,596047,231,21
209.0,209,10955.083916,0.0,0.006998500321359708,0.0,3.791044776119403,0.5834916265973725,0.23197994575491082,-0.09617202268431002,0.0018492644037149666,623283,231,21
209.0,209,10976.296751,0.0,0.00698360989514405,0.0,3.5522388059701493,0.6081439097558916,0.23198523758265416,-0.09627351478804655,0.0018145471320928802,601330,231,21
209.0,209,11002.847353,0.0,0.006968782697914445,0.0,3.5858208955223883,0.6033043808981104,0.23210303414694028,-0.09629273482415042,0.0017390592712318677,626194,220,20
209.0,209,11023.285185,0.0,0.0069540183277917444,0.0,3.958955223880597,0.5726282961807078,0.23199575349876994,-0.09636291252819942,0.0019905474515888653,638328,220,20
209.0,209,11042.90799,0.0,0.006939316386295356,0.0,3.8843283582089554,0.5828770972263093,0.2320417226907876,-0.09652446726154097,0.0019455649268630567,618414,231,21
207.0,209,11064.038528,0.009569377990430622,0.006944865039468637,0.00984102952308857,3.828358208955224,0.5833459680567895,0.23218369774037143,-0.09651450004574147,0.0018703178523871964,626903,231,21
197.0,209,11085.671319,0.05741626794258373,0.007051120624527827,0.07407407407407407,3.764925373134328,0.5861620967494209,0.23221676675864308,-0.09652450900827787,0.0017549910728777796,634162,231,21
208.0,209,11104.116308,0.004784688995215311,0.007046359213541876,0.006773920406435224,3.783582089552239,0.5885182736997103,0.23210236475542598,-0.09650348234531908,0.001690557175251053,624148,231,21
208.0,209,11125.361231,0.004784688995215311,0.007041617766543288,0.007907979870596693,3.7723880597014925,0.5841880012633016,0.2322510909972523,-0.09655325682883466,0.0016061903992241797,639646,231,21
209.0,209,11147.32283,0.0,0.007026886348621649,0.0,3.712686567164179,0.5905794314578398,0.2322758843156823,-0.09666233203294322,0.0015020009878932673,637513,231,21
209.0,209,11171.309293,0.0,0.0070122164397518755,0.0,3.6343283582089554,0.5911964525906973,0.23240116688461926,-0.0966502363947289,0.001559199275726788,646673,231,21
209.0,209,11195.611114,0.0,0.006997607655502392,0.0,3.6417910447761193,0.592444991071273,0.2324958090324135,-0.09675865045824592,0.0016061193145885824,648369,231,21
209.0,209,11220.718451,0.0,0.006983059614638562,0.0,3.958955223880597,0.5623000887287304,0.23263012381295828,-0.09681652442200585,0.0017630324157550988,666256,220,20
204.0,209,11237.636432,0.023923444976076555,0.0070182056423593875,0.0357958872810358,3.8208955223880596,0.581320606550749,0.23258557261676263,-0.09687899872040946,0.001789427383237364,653000,220,20
209.0,209,11256.103969,0.0,0.007003675195894876,0.0,3.832089552238806,0.5812666445520457,0.23266926706637006,-0.09690645544238385,0.0017757205135623148,650216,231,21
209.0,209,11278.027101,0.0,0.006989204792597572,0.0,3.8544776119402986,0.5756945569782524,0.2327426580388253,-0.096913887506222,0.001752115480338477,674859,231,21
208.0,209,11299.294641,0.004784688995215311,0.006984659399200907,0.008321775312066574,3.7238805970149254,0.5872490675143774,0.23287766496453338,-0.09701166325577698,0.0017385602734010213,677801,231,21
203.0,209,11319.768901,0.028708133971291867,0.007029357906550889,0.03857566765578635,3.753731343283582,0.5827680269600848,0.23304349550371303,-0.09710393511862861,0.0016458294087903153,682082,231,21
197.0,209,11340.178538,0.05741626794258373,0.007132821787528369,0.07633587786259542,3.675373134328358,0.590704575159399,0.23309386688832157,-0.09714223515209088,0.001672306992024382,670805,231,21
207.0,209,11360.811232,0.009569377990430622,0.0071378147305671035,0.01688411358403684,3.5671641791044775,0.6026522550253649,0.23315064434898533,-0.09726954031501506,0.0017182639608946822,646862,231,21
209.0,209,11392.919007,0.0,0.007123217972426884,0.0,3.6007462686567164,0.5987096145539134,0.23338983384906478,-0.09737469696671068,0.0017245796952914047,667185,231,21
208.0,209,11414.57511,0.004784688995215311,0.007118445464310126,0.004382761139517896,3.6977611940298507,0.5895579692574584,0.23345331523770185,-0.09732302669105643,0.0018489014771542653,685271,231,21
196.0,209,11439.182446,0.06220095693779904,0.007230629805396661,0.07887323943661972,3.794776119402985,0.5845554336637812,0.23357348986042129,-0.09744989104615324,0.001658846856043503,666524,220,20
206.0,209,11459.062114,0.014354066985645933,0.007245108336250827,0.021722846441947566,3.8507462686567164,0.5774900521646826,0.23362133145252928,-0.097566709768426,0.001675091101445868,658646,220,20
209.0,209,11481.368732,0.0,0.007230412376136728,0.0,3.791044776119403,0.5887871591021291,0.2336425757383203,-0.09769974485057628,0.001671668638127731,645564,231,21
209.0,209,11503.294037,0.0,0.007215775913836856,0.0,3.8544776119402986,0.5811853760685975,0.23381982790579697,-0.09780296969815223,0.0017170396675186825,665344,231,21
208.0,209,11523.286372,0.004784688995215311,0.00721086462713257,0.006802721088435374,3.925373134328358,0.5720335025792125,0.2338623308343881,-0.09778989387596145,0.0016940901567520203,672594,231,21
202.0,209,11542.203538,0.03349282296650718,0.0072638524463651795,0.052552552552552555,3.824626865671642,0.5809163435607425,0.2338114116915423,-0.09774370335820895,0.0017199160447761194,663066,231,21
205.0,209,11562.921238,0.019138755980861243,0.007287745612430565,0.024965325936199722,3.8171641791044775,0.5847921650388563,0.23376358893295965,-0.0977530378114181,0.0018619626249793922,662402,231,21
203.0,209,11580.840356,0.028708133971291867,0.007330758440460407,0.04399057344854674,3.8582089552238807,0.5836635958853972,0.2337979094076655,-0.09777390631049168,0.0019357336430507162,669081,231,21
209.0,209,11601.175433,0.0,0.007316067541782129,0.0,3.6156716417910446,0.6050883970146084,0.23370263404456723,-0.09785663920254228,0.0019028484772382617,651767,231,21
209.0,209,11625.210235,0.0,0.007301435406698565,0.0,3.6417910447761193,0.5987844794230103,0.2336463012589408,-0.09783300237135861,0.0018797354874780698,656609,231,21
