#{"t_start": 1709985676.6280062, "env_id": "PhyRMSA-v0"}
r,l,t,episode_service_blocking_rate,service_blocking_rate,episode_bit_rate_blocking_rate,number_cuts_total,rss_total_metric,C_BVTs,L_BVTs,S_BVTs,total_path_length,num_moves,num_defrag_cycle
209.0,209,9.472969,0.0,0.0,0.0,1.708955223880597,0.8526105584614131,0.7380952380952381,0.0,0.0,144158,0,0
209.0,209,17.97998,0.0,0.0,0.0,2.2388059701492535,0.7848427786836887,0.60381861575179,0.021479713603818614,0.0,243746,0,0
209.0,209,25.85656,0.0,0.0,0.0,2.544776119402985,0.743037511111721,0.4745222929936306,0.07961783439490445,0.0,309746,0,0
209.0,209,33.600172,0.0,0.0,0.0,2.8171641791044775,0.7064000810984886,0.3811230585424134,0.09438470728793309,0.0,353401,0,0
209.0,209,41.365189,0.0,0.0,0.0,2.925373134328358,0.6891063522931833,0.3279158699808795,0.09751434034416825,0.0,398928,0,0
209.0,209,49.156732,0.0,0.0,0.0,3.376865671641791,0.6400011334317138,0.2860557768924303,0.11633466135458168,0.010358565737051793,470233,0,0
209.0,209,56.825269,0.0,0.0,0.0,3.425373134328358,0.6262839893643688,0.2520491803278688,0.1168032786885246,0.02390710382513661,499121,0,0
209.0,209,64.204173,0.0,0.0,0.0,3.6194029850746268,0.599740355689742,0.228332337118948,0.10520023909145249,0.035265989240884636,527404,0,0
209.0,209,71.621943,0.0,0.0,0.0,3.667910447761194,0.5869827766095174,0.2104144527098831,0.09298618490967056,0.04091392136025505,529197,0,0
209.0,209,79.006197,0.0,0.0,0.0,4.007462686567164,0.5504292399711519,0.19273075083692012,0.0899091343854615,0.05117168818747011,572824,0,0
209.0,209,86.465248,0.0,0.0,0.0,4.100746268656716,0.536038541536932,0.18130434782608695,0.08130434782608696,0.058260869565217394,576256,0,0
209.0,209,93.810287,0.0,0.0,0.0,3.9477611940298507,0.5454157417520126,0.16580310880829016,0.07692307692307693,0.05898764447987246,583692,0,0
209.0,209,101.066111,0.0,0.0,0.0,4.212686567164179,0.5194295551304999,0.1534216335540839,0.07468727005150846,0.06696100073583518,608566,0,0
209.0,209,108.355559,0.0,0.0,0.0,4.253731343283582,0.5069576648901468,0.14964127092586266,0.07106252135292108,0.06593782029381619,637416,0,0
209.0,209,115.719665,0.0,0.0,0.0,4.552238805970149,0.4762430018850559,0.1377551020408163,0.06792091836734694,0.07270408163265306,657267,0,0
207.0,209,122.660912,0.009569377990430622,0.0005980861244019139,0.011485451761102604,4.518656716417911,0.47611172566382265,0.1310200418785522,0.06371522584504935,0.07448399641040981,671142,0,0
203.0,209,129.473602,0.028708133971291867,0.002251618350689558,0.042316258351893093,4.485074626865671,0.4718361379562103,0.12746756909193457,0.05922165820642978,0.0775521714608009,680408,0,0
195.0,209,136.475965,0.06698564593301436,0.005847953216374269,0.0897626112759644,4.582089552238806,0.46396450562812175,0.12162523389468057,0.056669339748730285,0.08313285217856188,684229,0,0
206.0,209,143.518059,0.014354066985645933,0.006295643414756988,0.02050473186119874,4.5,0.47967529044893753,0.11603749683303775,0.05269825183683811,0.07854066379528755,666923,0,0
209.0,209,150.685004,0.0,0.005980861244019139,0.0,4.529850746268656,0.4780317669631831,0.10996150144369586,0.05076997112608277,0.07001924927815206,661849,0,0
203.0,209,158.001591,0.028708133971291867,0.007063112326270221,0.030464584920030464,4.600746268656716,0.47572439513974946,0.10392291810048176,0.048864418444597386,0.0644643266804313,668311,0,0
200.0,209,165.339398,0.0430622009569378,0.008699434536755112,0.06610942249240122,4.567164179104478,0.48122471698329805,0.09673173941653872,0.04452730862031147,0.06690063610440886,654198,0,0
198.0,209,172.505916,0.05263157894736842,0.010609527771999168,0.0712661106899166,4.593283582089552,0.4763693046463261,0.09186462055917595,0.04225352112676056,0.061803657767500526,643730,0,0
200.0,209,179.737312,0.0430622009569378,0.011961722488038277,0.05587808417997097,4.514925373134329,0.48720891112960313,0.08815816017752673,0.04075045390357071,0.06415170466007666,659475,0,0
209.0,209,186.930912,0.0,0.011483253588516746,0.0,4.358208955223881,0.4901807508854233,0.08672086720867209,0.04258614014711576,0.06387921022067364,659389,0,0
205.0,209,194.219392,0.019138755980861243,0.011777695988222304,0.027190332326283987,4.343283582089552,0.4902290168692823,0.08359709551293987,0.03891267920312791,0.06460621858126978,670007,0,0
207.0,209,201.432136,0.009569377990430622,0.011695906432748537,0.010271460014673514,4.358208955223881,0.48008958624063813,0.0817497310864109,0.03728935102187164,0.06418070993187522,671730,0,0
196.0,209,208.737362,0.06220095693779904,0.013499658236500341,0.08053221288515407,4.402985074626866,0.4795109822269321,0.0800138552130239,0.037062694838933145,0.060616556979563564,685649,0,0
203.0,209,215.726956,0.028708133971291867,0.014024088434251774,0.041666666666666664,4.473880597014926,0.4710046999416683,0.07662707043667391,0.035636606993474984,0.060063577045340474,676844,0,0
192.0,209,222.703255,0.08133971291866028,0.016267942583732056,0.10399449035812672,4.399253731343284,0.47068788251354815,0.07456638028853947,0.03501377857027071,0.058356297617117844,683703,0,0
200.0,209,229.752703,0.0430622009569378,0.017132273498996757,0.05312084993359894,4.5335820895522385,0.45997149380042635,0.07112576542628356,0.03485633537447009,0.0590359554090124,683803,0,0
204.0,209,236.795349,0.023923444976076555,0.017344497607655503,0.03571428571428571,4.541044776119403,0.4683490983829817,0.06967898980678533,0.03225315685379583,0.05674729955880116,670788,0,0
209.0,209,243.980067,0.0,0.01681890677105988,0.0,4.41044776119403,0.4821372739268881,0.0676791506930109,0.030816868180477734,0.05735771158950162,653545,0,0
209.0,209,251.223014,0.0,0.016324233042499296,0.0,4.391791044776119,0.486508831095972,0.06536976112144186,0.029752538978686884,0.057502503218423685,652978,0,0
208.0,209,258.387567,0.004784688995215311,0.015994531784005468,0.008035062089116142,4.492537313432836,0.4698507951955192,0.06514793721350187,0.02847617724683984,0.05653562994860397,655022,0,0
203.0,209,265.53803,0.028708133971291867,0.01634768740031898,0.03686635944700461,4.455223880597015,0.46600068129795474,0.06484733855714672,0.029721696838692246,0.05390435017562821,674811,0,0
198.0,209,272.736548,0.05263157894736842,0.0173283331178068,0.06784888203546646,4.526119402985074,0.47367019091436807,0.06144736842105263,0.028026315789473684,0.052763157894736845,657338,0,0
207.0,209,280.017193,0.009569377990430622,0.017124150088139008,0.012084592145015106,4.33955223880597,0.48430469651898395,0.06135519405661586,0.026770846676059945,0.05251697194825157,646859,0,0
209.0,209,287.345192,0.0,0.016685069316648263,0.0,4.451492537313433,0.4804353492342316,0.0593812375249501,0.02694610778443114,0.051646706586826345,655999,0,0
207.0,209,294.62696,0.009569377990430622,0.016507177033492824,0.0125,4.473880597014926,0.48156187739023915,0.05630548461632008,0.02663261583363736,0.049373707892496656,656553,0,0
196.0,209,301.940162,0.06220095693779904,0.01762165947018322,0.08594319009468318,4.567164179104478,0.4733941977386182,0.055232212851882644,0.026012590568951183,0.04846181256681316,670048,0,0
200.0,209,309.127884,0.0430622009569378,0.01822738664843928,0.06398809523809523,4.455223880597015,0.482728703791925,0.05290636964845109,0.024248752755540087,0.047105232625594615,647059,0,0
202.0,209,316.266138,0.03349282296650718,0.018582396795371093,0.041635124905374715,4.529850746268656,0.47841320585043073,0.051694819181498694,0.02403355628613536,0.040698333522276385,662536,0,0
201.0,209,323.215554,0.03827751196172249,0.019030013049151806,0.0547945205479452,4.481343283582089,0.47749999480160676,0.050543116825537575,0.023608955885612945,0.039459099977831966,680433,0,0
206.0,209,330.442344,0.014354066985645933,0.018926103136629454,0.02535211267605634,4.455223880597015,0.47116267800522754,0.05039011703511053,0.023840485478977026,0.04128738621586476,691094,0,0
199.0,209,337.698606,0.04784688995215311,0.01955481589348866,0.07468259895444361,4.4440298507462686,0.47903914178816587,0.049008168028004666,0.02323114458470351,0.04062798345178742,689247,0,0
209.0,209,344.917388,0.0,0.019138755980861243,0.0,4.537313432835821,0.4739234443678394,0.04784142797841428,0.021689497716894976,0.03642590286425903,674820,0,0
198.0,209,352.172426,0.05263157894736842,0.01983652312599681,0.06990434142752024,4.518656716417911,0.4647458116481704,0.047488305877567624,0.021964612568639415,0.03742119178360789,707113,0,0
201.0,209,359.359505,0.03827751196172249,0.02021286983692999,0.04953338119167265,4.42910447761194,0.468242076146612,0.04773293472845042,0.0216243148978575,0.037568510214250124,707870,0,0
205.0,209,366.558559,0.019138755980861243,0.02019138755980861,0.02118003025718608,4.473880597014926,0.47053866394653676,0.04677734375,0.02197265625,0.03720703125,713014,0,0
203.0,209,373.840103,0.028708133971291867,0.020358382587484753,0.03125,4.4216417910447765,0.4725397798374763,0.04538925596093077,0.021354017044910467,0.037537106195537684,692075,0,0
209.0,209,380.948418,0.0,0.019966875230033126,0.0,4.477611940298507,0.4810464707791524,0.04393541119038678,0.02046564025535111,0.03689447990987608,670312,0,0
201.0,209,387.958011,0.03827751196172249,0.020312358941951793,0.06204379562043796,4.42910447761194,0.48359272979861123,0.04321385791946927,0.019810190730673548,0.0328941306551184,668423,0,0
202.0,209,394.87668,0.03349282296650718,0.02055644160907319,0.04232424677187949,4.447761194029851,0.4782766979827729,0.04188150158299412,0.020443238353686114,0.033016734509271825,671834,0,0
190.0,209,401.96687,0.09090909090909091,0.02183558068725533,0.09692671394799054,4.451492537313433,0.47983407343682033,0.04117385504668742,0.01840818141396176,0.030502445531347264,650228,0,0
208.0,209,409.236465,0.004784688995215311,0.0215311004784689,0.005856515373352855,4.529850746268656,0.4700347157604055,0.04077534270496813,0.017899240373701213,0.030297738583777177,652681,0,0
202.0,209,416.639776,0.03349282296650718,0.0217409552589608,0.043115438108484005,4.5111940298507465,0.46849342067546923,0.04075504075504076,0.018532818532818532,0.03003003003003003,653543,0,0
202.0,209,423.914106,0.03349282296650718,0.0219435736677116,0.05113221329437546,4.447761194029851,0.4831322943343694,0.03938601669899637,0.01779539512524247,0.027409968794804757,650258,0,0
200.0,209,431.291526,0.0430622009569378,0.02230151650312221,0.06548042704626335,4.503731343283582,0.471425520569164,0.0390644438915153,0.017002571120510908,0.02736999253545658,643730,0,0
201.0,209,438.596939,0.03827751196172249,0.022567783094098882,0.054845980465815174,4.462686567164179,0.4688555512888174,0.03899494207864252,0.016968510360580846,0.02781856746614456,658516,0,0
196.0,209,445.857345,0.06220095693779904,0.023217507255471018,0.08749096167751265,4.447761194029851,0.47528320516378314,0.0378994700497832,0.016460574915689738,0.024088646218082543,645082,0,0
208.0,209,453.225105,0.004784688995215311,0.022920203735144314,0.006160164271047228,4.399253731343284,0.48425725111667073,0.03688200916126994,0.016269151792765755,0.02448270415416206,645113,0,0
200.0,209,460.486728,0.0430622009569378,0.02323991797676008,0.06202723146747353,4.481343283582089,0.47063916523216576,0.037241486549525735,0.016560410511584512,0.025501477219716996,663730,0,0
205.0,209,467.703436,0.019138755980861243,0.023175837320574162,0.02346041055718475,4.417910447761194,0.46696691945569657,0.03742251473176705,0.01714241983622867,0.026785030994107294,696352,0,0
195.0,209,475.06147,0.06698564593301436,0.023849834376150167,0.0872093023255814,4.503731343283582,0.4563613577513002,0.03664605640174936,0.01696576685266174,0.028954908761876036,710359,0,0
191.0,209,481.96035,0.0861244019138756,0.024793388429752067,0.1017733230531997,4.5335820895522385,0.4605218299231784,0.03441611536460269,0.01679922693822939,0.029733145023414852,707523,0,0
204.0,209,488.851649,0.023923444976076555,0.024780404199100194,0.03692539562923888,4.544776119402985,0.462422294982898,0.03368236069414952,0.016475067730834004,0.027604891264552976,706337,0,0
204.0,209,495.653568,0.023923444976076555,0.02476780185758514,0.033936651583710405,4.458955223880597,0.464781781639117,0.03340307337132963,0.015655436115720366,0.026693600750306617,716335,0,0
204.0,209,502.625204,0.023923444976076555,0.02475556480133139,0.035823170731707314,4.574626865671642,0.4631323434880691,0.03227870600782083,0.015570565232847495,0.02616423746889442,718530,0,0
200.0,209,509.555709,0.0430622009569378,0.025017088174982913,0.055762081784386616,4.514925373134329,0.46285050964848545,0.03147563967753242,0.015212057483350859,0.026919032597266034,713810,0,0
195.0,209,516.489376,0.06698564593301436,0.02560819462227913,0.09963898916967509,4.481343283582089,0.46137323384247564,0.03229598893499309,0.015283540802213,0.023443983402489627,731437,0,0
197.0,209,523.416062,0.05741626794258373,0.026049973418394472,0.07720861172976985,4.4440298507462686,0.4636497545401672,0.03158900184212322,0.014873439312273999,0.022310158968410997,718537,0,0
205.0,209,530.40919,0.019138755980861243,0.02595529920692141,0.03316510454217736,4.4664179104477615,0.4612760108313959,0.03216256223926793,0.015341138473960436,0.022271565065267125,717212,0,0
202.0,209,537.53885,0.03349282296650718,0.026057157636105003,0.043219076005961254,4.593283582089552,0.462144021322011,0.03066914498141264,0.01453797132235794,0.023234200743494422,705529,0,0
205.0,209,544.697835,0.019138755980861243,0.025964912280701753,0.029006526468455404,4.5783582089552235,0.46499060690015287,0.03065033728469448,0.014539262558124304,0.021874386010871702,717545,0,0
201.0,209,551.826717,0.03827751196172249,0.0261269201712415,0.054715622750179986,4.5,0.4701814432850323,0.03063994828700711,0.014350355526826114,0.020426632191338074,703715,0,0
201.0,209,558.814276,0.03827751196172249,0.02628472006462437,0.05464926590538336,4.518656716417911,0.47155079487609985,0.030055516559249568,0.013336736647310318,0.020228447450705123,689919,0,0
207.0,209,566.082479,0.009569377990430622,0.026070420807262913,0.013814274750575594,4.611940298507463,0.47087912729702874,0.028593021791157577,0.013288827308225218,0.01939790905655624,676860,0,0
206.0,209,573.195982,0.014354066985645933,0.025922112531039914,0.021593447505584513,4.623134328358209,0.4695292748958185,0.027853767719472768,0.012869932852524248,0.01933598607311614,670356,0,0
202.0,209,580.137126,0.03349282296650718,0.026016746411483254,0.041287613715885234,4.492537313432836,0.483531286608863,0.027262679602112243,0.012587498464939211,0.018850546481640675,643133,0,0
204.0,209,587.125336,0.023923444976076555,0.02599090318388564,0.02577319587628866,4.5335820895522385,0.477288549598272,0.027592480291085505,0.012431776834445117,0.01952698605215282,655035,0,0
201.0,209,594.048777,0.03827751196172249,0.026140739876298284,0.05682656826568266,4.574626865671642,0.4711572372558651,0.027200287580133004,0.01282128092984243,0.020250434365825895,681014,0,0
201.0,209,601.309276,0.03827751196172249,0.02628696604600219,0.047337278106508875,4.503731343283582,0.4849974113106774,0.02604783329386692,0.012313521193464362,0.018647880653563816,649532,0,0
209.0,209,608.622467,0.0,0.025974025974025976,0.0,4.373134328358209,0.4965952884217593,0.025378632828489563,0.012163031401672417,0.018419975440032748,634806,0,0
209.0,209,615.805495,0.0,0.025668449197860963,0.0,4.503731343283582,0.47898122712047053,0.025534373194685153,0.011669555170421722,0.020046216060080876,642988,0,0
208.0,209,623.022268,0.004784688995215311,0.025425614776899967,0.0057306590257879654,4.343283582089552,0.48596451768175913,0.025916200479506792,0.01181641739924649,0.020321954561022947,646110,0,0
208.0,209,630.084318,0.004784688995215311,0.02518836275642083,0.008213552361396304,4.395522388059701,0.4788699583144689,0.025781338147354168,0.012016247320320434,0.021098950693895974,668464,0,0
204.0,209,637.190493,0.023923444976076555,0.025173988690735102,0.03592814371257485,4.503731343283582,0.46840623686651855,0.025543781372002233,0.011879531511433353,0.021751254880089235,676814,0,0
205.0,209,644.262927,0.019138755980861243,0.025106177087253375,0.02412280701754386,4.470149253731344,0.4684688550124753,0.025751309622277365,0.011579818031430935,0.020347394540942927,658709,0,0
206.0,209,651.510498,0.014354066985645933,0.024986709197235512,0.01209103840682788,4.537313432835821,0.47589847785637596,0.02497137560656453,0.011340712065863366,0.02033695000272613,654399,0,0
205.0,209,658.578263,0.019138755980861243,0.024922445975077555,0.030326004548900682,4.548507462686567,0.47197454854003557,0.025234551924943383,0.010730076566375498,0.01962687371940041,653193,0,0
209.0,209,665.743665,0.0,0.024651549823174537,0.0,4.645522388059701,0.459992981640946,0.025326579578778992,0.011356971474273527,0.02079445481205012,684661,0,0
201.0,209,672.941113,0.03827751196172249,0.024798065545094408,0.053463855421686746,4.623134328358209,0.45875327940268135,0.025110782865583457,0.011394809031441232,0.022051065625659422,700456,0,0
205.0,209,680.203043,0.019138755980861243,0.024737860124198312,0.02658045977011494,4.641791044776119,0.4627706239383635,0.024685559208809563,0.011429466103021762,0.02207609206200094,690202,0,0
199.0,209,687.190571,0.04784688995215311,0.024981113069755728,0.07298136645962733,4.593283582089552,0.46944918792025786,0.024380165289256198,0.010898760330578513,0.019834710743801654,683686,0,0
209.0,209,694.177701,0.0,0.024720893141945772,0.0,4.652985074626866,0.4592437652479636,0.02350656650825285,0.01037355000255506,0.01941846798507844,651870,0,0
209.0,209,700.96373,0.0,0.024466038573472106,0.0,4.492537313432836,0.47810454825297516,0.023510971786833857,0.010162807159470119,0.01926382849630903,652822,0,0
209.0,209,707.969475,0.0,0.024216385118640757,0.0,4.645522388059701,0.4571901578890659,0.023315154850652924,0.009656276579776855,0.019912943413218594,645858,0,0
203.0,209,715.000018,0.028708133971291867,0.024261756319172587,0.038856304985337244,4.473880597014926,0.4810836412279633,0.022634967805844477,0.00950965824665676,0.020009905894006932,622659,0,0
209.0,209,722.174235,0.0,0.02401913875598086,0.0,4.384328358208955,0.4875178070506654,0.022501102995244864,0.009951468209225942,0.019755870385803224,637063,0,0
209.0,209,729.350028,0.0,0.02378132550097115,0.0,4.485074626865671,0.4862077023207856,0.021739130434782608,0.010044642857142858,0.018293866459627328,629097,0,0
209.0,209,736.308959,0.0,0.023548175250961628,0.0,4.582089552238806,0.4757655864045761,0.021232646394773503,0.00970360762838065,0.018782725656915022,631784,0,0
209.0,209,743.244204,0.0,0.02331955219027268,0.0,4.574626865671642,0.4742033629328199,0.021402073623133264,0.009940074193855227,0.019547227242461714,626309,0,0
204.0,209,750.171349,0.023923444976076555,0.02332535885167464,0.02988338192419825,4.567164179104478,0.4704795979732257,0.021008007536504947,0.009514837494112105,0.019830428638718794,629354,0,0
201.0,209,757.073538,0.03827751196172249,0.02346776030986557,0.06081601231716705,4.604477611940299,0.4694723213192463,0.02095095889132565,0.009845550837571743,0.0170314031076478,644985,0,0
208.0,209,764.17508,0.004784688995215311,0.023291504920104723,0.00846262341325811,4.608208955223881,0.4683456688870758,0.02033365682332825,0.009612274134664263,0.017237395443412358,640487,0,0
206.0,209,771.121447,0.014354066985645933,0.02320797746277333,0.018839487565938208,4.544776119402985,0.4786370552839671,0.020187685969329367,0.009246967269398032,0.017212176699473565,638648,0,0
197.0,209,777.974497,0.05741626794258373,0.023524720893141945,0.08658346333853355,4.5783582089552235,0.47256214283548004,0.019735051265765358,0.009527266128300517,0.01642319208783232,661154,0,0
198.0,209,785.126962,0.05263157894736842,0.02379175628813485,0.06794783802333562,4.615671641791045,0.46905439792226555,0.01960431654676259,0.009577338129496403,0.016546762589928057,675703,0,0
207.0,209,792.152664,0.009569377990430622,0.0236624619399739,0.011799410029498525,4.559701492537314,0.4729342374855889,0.01951262975007796,0.009221722279146433,0.015681382812848043,659280,0,0
206.0,209,799.122445,0.014354066985645933,0.023578602525970948,0.023752969121140142,4.567164179104478,0.4854234359554768,0.018496446386792036,0.00874056416368693,0.01598022336997307,644512,0,0
209.0,209,806.455581,0.0,0.02336807928913192,0.0,4.432835820895522,0.49983744508651357,0.018108651911468814,0.008354474674131748,0.01609657947686117,623125,0,0
209.0,209,813.876814,0.0,0.023161282127281194,0.0,4.526119402985074,0.48443751484071057,0.01850808374149365,0.008495513848554462,0.01634086082094404,655031,0,0
209.0,209,821.155262,0.0,0.022958112985813815,0.0,4.4888059701492535,0.4821941398652544,0.01825601374570447,0.008333333333333333,0.015463917525773196,640273,0,0
209.0,209,828.437895,0.0,0.022758477220719785,0.0,4.335820895522388,0.502615502131655,0.018519306909617266,0.007833453957171442,0.014815445527693814,616062,0,0
209.0,209,835.775612,0.0,0.022562283451575647,0.0,4.686567164179104,0.4707283354393808,0.018482572368976286,0.007637775339691113,0.013714237488395646,627794,0,0
204.0,209,842.829768,0.023923444976076555,0.022573917310759417,0.0381619937694704,4.667910447761194,0.47195857370749106,0.018324826374361978,0.007447075558530667,0.01255125094134382,638063,0,0
199.0,209,850.096857,0.04784688995215311,0.022788095045008516,0.06838905775075987,4.544776119402985,0.4901112766633915,0.017800091282519397,0.007468569768889257,0.01240612422721049,619323,0,0
208.0,209,857.629414,0.004784688995215311,0.022636805918539664,0.006906077348066298,4.544776119402985,0.48662575389676754,0.01842938829240199,0.0073635279114731165,0.011765189847381629,628023,0,0
205.0,209,864.786533,0.019138755980861243,0.022607655502392344,0.023655913978494623,4.563432835820896,0.4886972930560518,0.018152892224851107,0.007791466101003508,0.01240107693562862,623369,0,0
207.0,209,871.781207,0.009569377990430622,0.022499901142789356,0.010687022900763359,4.5335820895522385,0.49509577498971646,0.017879535617491202,0.007564418915092431,0.012418591480927147,598108,0,0
206.0,209,879.090337,0.014354066985645933,0.022433132010353754,0.02403495994173343,4.455223880597015,0.49620282231461943,0.017731776788221607,0.008183896979179203,0.012797368315481205,610197,0,0
208.0,209,886.259915,0.004784688995215311,0.022289648733807912,0.00646551724137931,4.4440298507462686,0.4950703573034596,0.018022677541277104,0.007559180425701213,0.012572110602745176,604648,0,0
202.0,209,893.661694,0.03349282296650718,0.022379996913103873,0.04680851063829787,4.42910447761194,0.4977012743006201,0.018115799029087894,0.007814658404704583,0.012432411098393653,626661,0,0
204.0,209,900.96077,0.023923444976076555,0.022392344497607655,0.039942938659058486,4.2835820895522385,0.5137679092963992,0.01859754903880036,0.007634783289612779,0.012215653263380448,612436,0,0
203.0,209,908.29442,0.028708133971291867,0.022442469810890864,0.037142857142857144,4.350746268656716,0.5006310629236486,0.018178993163455563,0.007729956494717216,0.012468924798011188,621734,0,0
207.0,209,915.560489,0.009569377990430622,0.022341106883170703,0.013574660633484163,4.242537313432836,0.5100148965782156,0.018072521290123694,0.007822434588262494,0.011945589765326963,612553,0,0
209.0,209,922.744611,0.0,0.02216656698564593,0.0,4.4440298507462686,0.49579426032025425,0.01716360856269113,0.007836391437308868,0.012805810397553517,612863,0,0
203.0,209,929.998922,0.028708133971291867,0.02221727680724009,0.033381712626995644,4.492537313432836,0.4917200363907971,0.016500398285475858,0.0076243219663922925,0.013124454728217577,604335,0,0
204.0,209,937.28683,0.023923444976076555,0.022230401177769598,0.038348082595870206,4.373134328358209,0.4902127490366683,0.016975947604170587,0.007791621184175857,0.012760191214664809,629969,0,0
204.0,209,944.508708,0.023923444976076555,0.02224332517622996,0.0340993328391401,4.358208955223881,0.49330800812728803,0.016622464607224236,0.007694893728288073,0.012513540771730605,624989,0,0
198.0,209,951.898677,0.05263157894736842,0.022473539219950704,0.06790564689063616,4.41044776119403,0.49170951158625714,0.016871222514739145,0.007527160814268234,0.013237420742333791,649656,0,0
207.0,209,959.205281,0.009569377990430622,0.022376515451307696,0.01239067055393586,4.373134328358209,0.49369817215391776,0.016558728289667354,0.007653812187224021,0.013762143067412422,641056,0,0
197.0,209,966.557146,0.05741626794258373,0.022638006141541097,0.0726643598615917,4.5111940298507465,0.47462886577283275,0.016731816023088444,0.0075987286742410405,0.013991889818434224,663889,0,0
204.0,209,973.756166,0.023923444976076555,0.022647527910685805,0.03294289897510981,4.302238805970149,0.49452966505889917,0.016753091344236137,0.007107372085433513,0.013997171556006818,641079,0,0
204.0,209,981.105016,0.023923444976076555,0.02265690965381368,0.029515108924806747,4.481343283582089,0.47194407334025734,0.017170008279039632,0.007055181598934523,0.01346243835715057,653054,0,0
199.0,209,988.484362,0.04784688995215311,0.022840778123144622,0.07026627218934911,4.477611940298507,0.4752258571089191,0.016869192280200142,0.007040743388134382,0.012437455325232308,652331,0,0
202.0,209,995.685383,0.03349282296650718,0.022917966853893627,0.05661881977671451,4.507462686567164,0.47923054849415814,0.0163579589809098,0.006848342913916685,0.011567667305372224,631153,0,0
205.0,209,1003.06782,0.019138755980861243,0.02289077828646174,0.023982558139534885,4.481343283582089,0.47351224577908907,0.016415965054426322,0.007151160742593441,0.01180117659492021,642720,0,0
208.0,209,1010.242187,0.004784688995215311,0.022761449077238552,0.006854531607006854,4.544776119402985,0.46664708732702204,0.016436439937051933,0.007064172058052107,0.010876027277496066,652385,0,0
206.0,209,1017.302163,0.014354066985645933,0.022701822253893923,0.02242152466367713,4.600746268656716,0.4649814658065895,0.015659178500746503,0.006909482309642026,0.010937120238880594,642939,0,0
202.0,209,1024.471542,0.03349282296650718,0.022777815216658805,0.03592814371257485,4.593283582089552,0.4642680120661558,0.01523980277902286,0.0068613591697410615,0.012067717132710409,651671,0,0
205.0,209,1031.728699,0.019138755980861243,0.022752367249974904,0.01906158357771261,4.5335820895522385,0.46226503707771927,0.015509449465899754,0.007018625034237195,0.01047658175842235,656619,0,0
205.0,209,1038.911526,0.019138755980861243,0.022727272727272728,0.022398843930635837,4.324626865671642,0.47897295175396276,0.015571346003467854,0.007343691564954272,0.010913541631251487,664730,0,0
203.0,209,1046.124112,0.028708133971291867,0.022768520046196998,0.04110612855007474,4.481343283582089,0.461158332054388,0.015565910318746623,0.007293354943273906,0.011378984332793085,685896,0,0
193.0,209,1053.471853,0.07655502392344497,0.023136920757684996,0.10164424514200299,4.634328358208955,0.45582024493614104,0.014827736589620584,0.0070113053104767014,0.011305310476701667,656840,0,0
194.0,209,1060.727841,0.07177033492822966,0.02346776030986557,0.08092056421677803,4.664179104477612,0.46295709014862013,0.014798520147985201,0.0066993300669933005,0.011432190114321901,660909,0,0
203.0,209,1067.870471,0.028708133971291867,0.023503168240010346,0.0443579766536965,4.600746268656716,0.4615056688657156,0.014997020459511356,0.006952261140170827,0.011885055949149176,675127,0,0
197.0,209,1075.020166,0.05741626794258373,0.02373077293600077,0.08641975308641975,4.462686567164179,0.4688480331175217,0.014834062428049863,0.007038779067855146,0.012005394204519291,685121,0,0
204.0,209,1082.280888,0.023923444976076555,0.02373205741626794,0.023564064801178203,4.406716417910448,0.472872508190016,0.015192602999313883,0.007057209135165159,0.012121410134936452,694976,0,0
199.0,209,1089.591168,0.04784688995215311,0.023891758293989037,0.06768558951965066,4.436567164179104,0.4694383535718878,0.015094462117769266,0.007206388365902746,0.012530026618191262,694761,0,0
204.0,209,1096.820397,0.023923444976076555,0.02389196675900277,0.03402938901778809,4.4888059701492535,0.4638871178787288,0.015059658174782328,0.006965495001612383,0.011738148984198645,690405,0,0
205.0,209,1104.03124,0.019138755980861243,0.023860900021890733,0.02909090909090909,4.447761194029851,0.46980713484480735,0.015249078968444659,0.006759570719205511,0.011853275668748999,673997,0,0
207.0,209,1111.12413,0.009569377990430622,0.023768097930777356,0.01322556943423953,4.425373134328358,0.4666845656855953,0.01514862198459678,0.006810514925848132,0.011138692635732927,677568,0,0
208.0,209,1118.004147,0.004784688995215311,0.023645624324741474,0.005035971223021582,4.4216417910447765,0.4763975075335678,0.014796079671198229,0.006576035409421435,0.011855833069870376,660031,0,0
205.0,209,1124.956136,0.019138755980861243,0.023616734143049933,0.03073463268365817,4.42910447761194,0.47002724949656277,0.014700801005182975,0.00703628082299356,0.011496780273284121,663380,0,0
204.0,209,1131.892053,0.023923444976076555,0.023618687715234815,0.03554868624420402,4.343283582089552,0.48946582878220984,0.01454477355722713,0.006616935609725647,0.010424794781360217,646893,0,0
204.0,209,1139.054019,0.023923444976076555,0.023620616558657864,0.03907380607814761,4.455223880597015,0.4780275593488201,0.014545792885277424,0.006823186428061905,0.010079707223273268,654088,0,0
200.0,209,1146.271392,0.0430622009569378,0.023742890674370316,0.05492851768246802,4.537313432835821,0.4678546312368133,0.014610239496963906,0.00675030052707826,0.010664858366982092,661635,0,0
204.0,209,1153.395457,0.023923444976076555,0.02374401913875598,0.0248403122782115,4.582089552238806,0.4626854154182033,0.014457683707538211,0.006800012252274328,0.010873893466474714,665120,0,0
208.0,209,1160.814935,0.004784688995215311,0.023626259324199827,0.007462686567164179,4.638059701492537,0.46172358841143163,0.014092223405874297,0.006726525642976716,0.011170293714807487,657272,0,0
202.0,209,1168.126786,0.03349282296650718,0.02368716403804123,0.05464071856287425,4.7388059701492535,0.4590760833135301,0.013885107541519195,0.006352663581087213,0.011041534319508727,652937,0,0
208.0,209,1175.561197,0.004784688995215311,0.023571197933484018,0.007204610951008645,4.503731343283582,0.4817258950630168,0.01364797835562904,0.006733804298812566,0.010521569216894634,651928,0,0
209.0,209,1182.704937,0.0,0.02342747111681643,0.0,4.597014925373134,0.47821845281872777,0.013174404015056462,0.006273525721455458,0.011053354842564379,637265,0,0
208.0,209,1190.082307,0.004784688995215311,0.023314484558503698,0.004542013626040878,4.552238805970149,0.48587625895433173,0.013003978386081586,0.005848821328899709,0.0103022385844071,618848,0,0
209.0,209,1197.199674,0.0,0.023174035856344036,0.0,4.675373134328358,0.4744441560653156,0.012776253282582396,0.005930778082676817,0.01026821279985837,620069,0,0
206.0,209,1204.487818,0.014354066985645933,0.023121221671489556,0.020538243626062325,4.686567164179104,0.46711108729986645,0.012992345367627651,0.005894946769510514,0.010264832683227263,629834,0,0
201.0,209,1212.033469,0.03827751196172249,0.023211437685121895,0.043478260869565216,4.5783582089552235,0.4702408387093766,0.013382704530876435,0.006093649775497113,0.01087526969502595,652502,0,0
203.0,209,1219.355983,0.028708133971291867,0.023243962515217577,0.0425531914893617,4.5,0.47470161962489715,0.012695284194661025,0.006463580765774905,0.01081128083243964,660197,0,0
209.0,209,1226.516587,0.0,0.02310723332395159,0.0,4.451492537313433,0.4762469967186875,0.013079804091040046,0.00599250936329588,0.010371650821089023,669472,0,0
205.0,209,1233.430079,0.019138755980861243,0.023084025854108958,0.029185867895545316,4.492537313432836,0.47350290336593226,0.013318058141200058,0.0060718888729772305,0.010282113704711443,677056,0,0
206.0,209,1240.332884,0.014354066985645933,0.02303327027929231,0.01943198804185351,4.440298507462686,0.47947603776171926,0.013069103954898778,0.005865436633353265,0.009937074684661599,668392,0,0
209.0,209,1247.321779,0.0,0.022900129988660565,0.0,4.2388059701492535,0.5029839923253222,0.012935182564392867,0.005943956977073309,0.010302858760260401,653953,0,0
208.0,209,1254.360439,0.004784688995215311,0.022796018258813177,0.0037064492216456633,4.582089552238806,0.4672689005247326,0.013028307726940176,0.0060498621194214645,0.011255557431481794,684632,0,0
200.0,209,1261.552446,0.0430622009569378,0.022911825017088175,0.06058282208588957,4.5335820895522385,0.47323272961331847,0.012731546253287818,0.006099949633443394,0.011360456656779898,689050,0,0
208.0,209,1268.562518,0.004784688995215311,0.022808829926054805,0.005776173285198556,4.507462686567164,0.47097064168231606,0.013130807322094252,0.006175930562510432,0.011712012463139153,697966,0,0
193.0,209,1275.666097,0.07655502392344497,0.023112480739599383,0.09891808346213292,4.4888059701492535,0.4751171696528153,0.012783972993165279,0.0057832258778604834,0.010985362074213453,679541,0,0
207.0,209,1282.616556,0.009569377990430622,0.02303639589269394,0.016923076923076923,4.5,0.47302210680269857,0.012491058163209156,0.005667748858196225,0.011005337588730534,680346,0,0
206.0,209,1289.500846,0.014354066985645933,0.02298789126192831,0.021834061135371178,4.451492537313433,0.4739752095389115,0.012803676953381483,0.005608448238126505,0.011107463339899322,684794,0,0
197.0,209,1296.445595,0.05741626794258373,0.023179160021265285,0.07313432835820896,4.473880597014926,0.47678339180610474,0.012789463658875072,0.005714441209284607,0.011047919671283572,685072,0,0
199.0,209,1303.314704,0.04784688995215311,0.023315445821988422,0.06785714285714285,4.376865671641791,0.4812142975313515,0.012855905597055321,0.005413012882970662,0.011421457183068095,682186,0,0
204.0,209,1310.414393,0.023923444976076555,0.023318786476681213,0.027559055118110236,4.432835820895522,0.4806520622554617,0.012435400516795866,0.005275624461670974,0.011385658914728682,666477,0,0
208.0,209,1317.855684,0.004784688995215311,0.023217507255471018,0.005054151624548736,4.473880597014926,0.47785866820632455,0.0125,0.005406852248394004,0.011536402569593148,666272,0,0
209.0,209,1325.090478,0.0,0.02309132515082172,0.0,4.526119402985074,0.471718450151353,0.012563549735153983,0.005376773403604035,0.010034869174053076,670328,0,0
206.0,209,1332.222286,0.014354066985645933,0.023044096728307255,0.022086824067022087,4.526119402985074,0.4745475332801336,0.012680344142951688,0.005506287227001985,0.0099801455989411,670452,0,0
203.0,209,1339.630499,0.028708133971291867,0.02307454854144158,0.032752613240418116,4.4888059701492535,0.4662714414967474,0.012638896203064933,0.005476855021328137,0.010005792827426405,687544,0,0
202.0,209,1346.957145,0.03349282296650718,0.023130261238901825,0.04775687409551375,4.462686567164179,0.4674855758184398,0.012572027239392353,0.005578837087480356,0.009848088004190675,694139,0,0
194.0,209,1354.269304,0.07177033492822966,0.023388985035121653,0.10134656272147413,4.5335820895522385,0.4609103172785622,0.012273935477145984,0.005733048418199823,0.010163131286808777,707178,0,0
202.0,209,1361.474553,0.03349282296650718,0.023442444495076074,0.044072948328267476,4.473880597014926,0.4684699224675741,0.012105972625466612,0.005417876399834094,0.009928452924097884,683916,0,0
208.0,209,1368.615202,0.004784688995215311,0.02334424578191891,0.008082292432035268,4.455223880597015,0.4682438661685254,0.012350453795379537,0.005569306930693069,0.009565800330033004,702211,0,0
208.0,209,1375.665639,0.004784688995215311,0.023247075327538266,0.008843036109064112,4.507462686567164,0.47338366475567645,0.01210504718916701,0.005103610997127616,0.00982252769798933,663646,0,0
209.0,209,1382.752142,0.0,0.023125996810207338,0.0,4.626865671641791,0.4637377267143841,0.01181092319073493,0.0053570061988214585,0.010178311777760771,665886,0,0
203.0,209,1389.909069,0.028708133971291867,0.023154919800679276,0.04276069017254314,4.682835820895522,0.4621038225939115,0.011851588671200893,0.005278651913511318,0.010100497411430312,664563,0,0
205.0,209,1397.144346,0.019138755980861243,0.02313421792531939,0.03284950343773873,4.75,0.4624220108626499,0.011739756116034235,0.005125097831300967,0.010578403898103966,673016,0,0
203.0,209,1404.349197,0.028708133971291867,0.023162802110170532,0.04084720121028744,4.731343283582089,0.46436538708310865,0.011403596905455641,0.0049984929167085305,0.0104239927660002,663091,0,0
209.0,209,1411.686684,0.0,0.023044624548383946,0.0,4.541044776119403,0.4665227046792858,0.012018690187651483,0.005297218960045976,0.010694385447639988,668039,0,0
199.0,209,1418.64839,0.04784688995215311,0.02317052437276856,0.06604506604506605,4.552238805970149,0.47559187034849004,0.011884634510193934,0.005196419691695674,0.010616608652411735,670036,0,0
199.0,209,1425.952235,0.04784688995215311,0.023295152481755354,0.060267857142857144,4.526119402985074,0.4768324214547378,0.011578712981518594,0.0052203171775650065,0.010861228630099706,672665,0,0
204.0,209,1433.251209,0.023923444976076555,0.023298309730470534,0.0243531202435312,4.544776119402985,0.4768737289627882,0.01127440120128991,0.005144868670457623,0.010092804568840312,660618,0,0
205.0,209,1440.575887,0.019138755980861243,0.023277511961722487,0.020074349442379184,4.544776119402985,0.4745409974924651,0.011144312726560204,0.0049965709806995195,0.009895169981385324,650182,0,0
202.0,209,1447.918098,0.03349282296650718,0.02332833440453236,0.04396371249127704,4.492537313432836,0.4837288438422723,0.010796977821106507,0.004801364854984158,0.008091640263222033,632326,0,0
209.0,209,1454.893026,0.0,0.02321284760054953,0.0,4.529850746268656,0.4785814159600723,0.010960498557191008,0.0048497781226508885,0.007614151652561896,644028,0,0
209.0,209,1461.873568,0.0,0.023098498597591156,0.0,4.417910447761194,0.48600592137460585,0.011025863732870102,0.004801196680177572,0.00798591005597375,644063,0,0
209.0,209,1468.907415,0.0,0.022985270663289238,0.0,4.5111940298507465,0.47749444660778123,0.01092253402789447,0.00487313056629138,0.007441726480543486,648341,0,0
209.0,209,1476.126519,0.0,0.022873147391761,0.0,4.41044776119403,0.4739140666616571,0.011035207566999475,0.004824917594229207,0.00838389146323986,667024,0,0
207.0,209,1483.536253,0.009569377990430622,0.022808565986900172,0.012684989429175475,4.537313432835821,0.46527297433460785,0.010980914125448625,0.004729874266156443,0.008509020036603048,675088,0,0
200.0,209,1490.705916,0.0430622009569378,0.022906409634098422,0.06208425720620843,4.559701492537314,0.4638340244712822,0.010763371419109125,0.004825775317578596,0.00856338561256594,665331,0,0
204.0,209,1498.053435,0.023923444976076555,0.0229112992270887,0.03558718861209965,4.376865671641791,0.4825944098214268,0.010876474327283,0.00487322551027615,0.00828683758269181,662226,0,0
199.0,209,1505.313762,0.04784688995215311,0.02303060827362011,0.07097680955727337,4.41044776119403,0.48579126941254913,0.010544568375667822,0.004827069078639047,0.008388789952197957,660056,0,0
207.0,209,1512.341542,0.009569377990430622,0.022966507177033493,0.015601783060921248,4.507462686567164,0.4817578623550769,0.010656903668120233,0.004640533544761328,0.008045146095189236,660201,0,0
205.0,209,1519.29772,0.019138755980861243,0.022948366176103765,0.027757487216946677,4.481343283582089,0.4761420266633469,0.010606201262532491,0.0046648718900854065,0.008076494615670256,668862,0,0
205.0,209,1526.288305,0.019138755980861243,0.022930396316692244,0.028718703976435934,4.4888059701492535,0.4645898247755791,0.01111034116369852,0.004827570276950084,0.00780726676368004,685212,0,0
204.0,209,1533.544328,0.023923444976076555,0.022935058516971044,0.04044117647058824,4.4888059701492535,0.4705263963162303,0.010989263627376601,0.004666988527944456,0.00813849230981447,686227,0,0
208.0,209,1540.908483,0.004784688995215311,0.02285024370612172,0.006401137980085348,4.41044776119403,0.47965741446400534,0.011005605765930671,0.0048735842580940394,0.008557373298249628,697137,0,0
208.0,209,1548.205678,0.004784688995215311,0.02276621787025704,0.008533747090768037,4.317164179104478,0.48929370916007053,0.010748525493589598,0.004713866053332726,0.00828911711793774,668906,0,0
209.0,209,1555.391916,0.0,0.02266081871345029,0.0,4.458955223880597,0.4755028952748818,0.010516295725488418,0.004714201532115498,0.008431168124745024,673274,0,0
198.0,209,1562.570787,0.05263157894736842,0.022798932815910746,0.07526881720430108,4.4888059701492535,0.4742946682225247,0.010446750902527075,0.004535198555956679,0.007964801444043322,663524,0,0
204.0,209,1569.817969,0.023923444976076555,0.022804091128572054,0.033657442034405384,4.5,0.4784647132548024,0.010174288024436259,0.004604258377504267,0.0077486299523852305,665936,0,0
209.0,209,1577.234843,0.0,0.022699962858578577,0.0,4.388059701492537,0.4837355506345025,0.010350300672881318,0.0045827465182303895,0.007846556233653008,664264,0,0
202.0,209,1584.473111,0.03349282296650718,0.022749021313614615,0.042722664735698766,4.4440298507462686,0.4869402147648282,0.009791921664626682,0.004495382218760432,0.008011572271058195,629749,0,0
204.0,209,1591.567746,0.023923444976076555,0.0227543354478339,0.030959752321981424,4.440298507462686,0.48935301209454535,0.009636899355324665,0.004430758324287202,0.007931057400474091,629631,0,0
209.0,209,1598.805807,0.0,0.022651838441312126,0.0,4.492537313432836,0.4856072043327663,0.009305812825262416,0.004278027696921584,0.007784246273264532,625509,0,0
209.0,209,1606.085163,0.0,0.022550260690454224,0.0,4.485074626865671,0.47821097263837886,0.009636279825273833,0.00439010470399719,0.007682683231995083,627536,0,0
201.0,209,1613.206038,0.03827751196172249,0.022620471633629527,0.04555010511562719,4.58955223880597,0.4683124757661316,0.009790637702696796,0.004480090913064382,0.0075615192971720795,641457,0,0
199.0,209,1620.130389,0.04784688995215311,0.02273258904837852,0.07211184694628403,4.604477611940299,0.46839620096225987,0.009944078160019148,0.004438932045172661,0.007572295841765129,649766,0,0
209.0,209,1627.205216,0.0,0.022632002371173306,0.0,4.455223880597015,0.48695216195602353,0.009942381839448945,0.004462158298314777,0.007061473811896201,637379,0,0
206.0,209,1634.450891,0.014354066985645933,0.02259553569546614,0.019622093023255814,4.4440298507462686,0.47273294022116014,0.01000603812645562,0.0044854653670318295,0.007310445958768222,667091,0,0
201.0,209,1641.776229,0.03827751196172249,0.022664316293125156,0.05511811023622047,4.436567164179104,0.4691971617762843,0.010070212354797844,0.004659351985055719,0.006913877139114938,678036,0,0
209.0,209,1649.121394,0.0,0.02256534547961806,0.0,4.458955223880597,0.4673365293838049,0.010089350604933522,0.00470266341755376,0.00705399512633064,689267,0,0
206.0,209,1656.312677,0.014354066985645933,0.022529644268774702,0.019957234497505347,4.317164179104478,0.48074128796921595,0.010002553843534519,0.00446922618540904,0.006597429130841917,672829,0,0
206.0,209,1663.729293,0.014354066985645933,0.02249425215932393,0.020999275887038378,4.33955223880597,0.479933270443154,0.009683434334873077,0.0044285290503030044,0.006759333813620375,662675,0,0
207.0,209,1670.64526,0.009569377990430622,0.022438541494802837,0.015261627906976744,4.380597014925373,0.4735399850665429,0.009704436615261281,0.004409189679542625,0.005970338178519441,668124,0,0
205.0,209,1678.04702,0.019138755980861243,0.022424379325215106,0.02674173117522871,4.373134328358209,0.46842042751878266,0.009830693610049153,0.004243162626559677,0.00621770365080032,653523,0,0
208.0,209,1685.399666,0.004784688995215311,0.02234899603320656,0.005521048999309869,4.485074626865671,0.4689727628729332,0.009641527586062659,0.004287447191199231,0.006567114234324675,650066,0,0
207.0,209,1692.649237,0.009569377990430622,0.022294614679833045,0.014074074074074074,4.559701492537314,0.46886540215678413,0.00955831823577185,0.003873305428874867,0.006601278607275983,621346,0,0
209.0,209,1699.669028,0.0,0.022200145973562565,0.0,4.544776119402985,0.4645752727654101,0.009662036077130417,0.004146796599626789,0.0068422143893842,653890,0,0
206.0,209,1706.528876,0.014354066985645933,0.02216704015504815,0.020123839009287926,4.563432835820896,0.47191565897261034,0.009331901891155339,0.00425303493269469,0.006936989016434057,650503,0,0
207.0,209,1713.457083,0.009569377990430622,0.022114108801415303,0.017477203647416412,4.548507462686567,0.46951988953248025,0.009374421807865468,0.004255494110149456,0.006845794872849125,655804,0,0
194.0,209,1720.41682,0.07177033492822966,0.02232187543792917,0.08633582596872875,4.548507462686567,0.4692056849568129,0.009480516821262568,0.004259065872187071,0.006552409034133956,672790,0,0
200.0,209,1727.358089,0.0430622009569378,0.02240829346092504,0.053036126056879324,4.485074626865671,0.4727287195324902,0.009523421090197198,0.004017374635479332,0.006362542569896201,669839,0,0
209.0,209,1734.280054,0.0,0.02231531299013282,0.0,4.567164179104478,0.47020936966049176,0.009442391260203874,0.004142468423831377,0.006294927506802583,678590,0,0
204.0,209,1741.232082,0.023923444976076555,0.022321958163628454,0.03278688524590164,4.537313432835821,0.4755697893711169,0.00942366026289181,0.004084934277047523,0.006167846309403438,673549,0,0
208.0,209,1748.356054,0.004784688995215311,0.02224978833165968,0.0035790980672870437,4.507462686567164,0.4726147608166249,0.00952515203995328,0.0040074106891135365,0.0063836642635627695,666374,0,0
206.0,209,1755.571385,0.014354066985645933,0.022217428817946507,0.016266460108443067,4.384328358208955,0.479844300829654,0.009626183218353923,0.003970800577570993,0.006216909995186908,654136,0,0
209.0,209,1762.879981,0.0,0.022126745435016113,0.0,4.529850746268656,0.47610193795059275,0.009346354322688875,0.004094022726818845,0.006370698779781519,650406,0,0
206.0,209,1770.074101,0.014354066985645933,0.022095149181156883,0.023203592814371257,4.518656716417911,0.4667403524244349,0.00924839396169375,0.0042363611050339105,0.006623043417729072,646819,0,0
208.0,209,1777.264876,0.004784688995215311,0.022025066346395988,0.008566978193146417,4.470149253731344,0.4722212477325912,0.00930932715352467,0.00421890783766118,0.006892863509418266,651870,0,0
208.0,209,1784.544484,0.004784688995215311,0.021955548695786385,0.005139500734214391,4.522388059701493,0.4732105673468074,0.009231679652825722,0.004260775224381103,0.00658842094881152,670671,0,0
203.0,209,1791.859217,0.028708133971291867,0.02198266751215388,0.029978586723768737,4.559701492537314,0.4636496483692718,0.00917521317144092,0.004361664505481551,0.006404966796337773,679628,0,0
201.0,209,1799.111588,0.03827751196172249,0.022047846889952153,0.05174927113702624,4.597014925373134,0.4667787059628317,0.008962993404959001,0.0041879488835397955,0.00614493434313783,666420,0,0
199.0,209,1806.298045,0.04784688995215311,0.022150631922072474,0.06418672501823487,4.574626865671642,0.47246740571982193,0.008791765760848376,0.00419119653787672,0.0063355296502787635,669293,0,0
207.0,209,1813.426552,0.009569377990430622,0.022100706311232628,0.01504297994269341,4.477611940298507,0.48368337468762024,0.00887292495874187,0.0039607805067469175,0.005999417532278419,662847,0,0
201.0,209,1820.716084,0.03827751196172249,0.022164646254515197,0.049829351535836175,4.541044776119403,0.4728650600735176,0.009051173944996712,0.0041001044366224424,0.006672339767145012,696959,0,0
199.0,209,1828.002055,0.04784688995215311,0.022265757450175186,0.05998588567395907,4.645522388059701,0.47144673188205255,0.008746748868124458,0.004084384934014064,0.006280705134380117,687531,0,0
192.0,209,1834.960521,0.08133971291866028,0.022497420020639834,0.11592076302274394,4.585820895522388,0.4730767433538233,0.009060022650056626,0.004126917096953759,0.006046413421118299,708007,0,0
201.0,209,1842.298172,0.03827751196172249,0.02255906100478469,0.04552238805970149,4.630597014925373,0.466693800669306,0.009006080538452713,0.003996328731500249,0.006252629163639145,703478,0,0
207.0,209,1849.464627,0.009569377990430622,0.022508517491110158,0.012781954887218045,4.638059701492537,0.46763759340719446,0.008837253594895724,0.004075802304542424,0.006723169221978859,703738,0,0
206.0,209,1856.880735,0.014354066985645933,0.02247691109380216,0.02096890817064353,4.649253731343284,0.46294904126785735,0.008556088861907382,0.004116787767259206,0.006336438314583294,707726,0,0
205.0,209,1864.185077,0.019138755980861243,0.022464022464022463,0.03335750543872371,4.623134328358209,0.4663791277162665,0.008428452641923047,0.003930758182780256,0.005990626653564139,673331,0,0
209.0,209,1871.395178,0.0,0.022377622377622378,0.0,4.537313432835821,0.46655301488792617,0.008489411764705882,0.003595294117647059,0.0058164705882352945,661716,0,0
207.0,209,1878.567554,0.009569377990430622,0.022328548644338118,0.014903129657228018,4.634328358208955,0.4592752324794401,0.008475211880297007,0.0036563414085352135,0.005418885472136804,668822,0,0
203.0,209,1885.724264,0.028708133971291867,0.022352898206654735,0.037122969837587005,4.5335820895522385,0.4657644208822577,0.008723265153637806,0.0036424768842813113,0.005304940693004577,664086,0,0
205.0,209,1892.767478,0.019138755980861243,0.02234067713355286,0.029895366218236172,4.619402985074627,0.4577644767407078,0.00857834015630815,0.0037774469668775588,0.00508001488649051,673947,0,0
205.0,209,1899.78074,0.019138755980861243,0.022328548644338118,0.0273972602739726,4.667910447761194,0.4528274737638671,0.008601353230141811,0.0037445546389841505,0.005042172583186579,685653,0,0
209.0,209,1906.69879,0.0,0.02224428997020854,0.0,4.5559701492537314,0.46480497689834316,0.008678952616611885,0.0037301030394800015,0.004948849577131883,674015,0,0
209.0,209,1913.668221,0.0,0.0221606648199446,0.0,4.675373134328358,0.45847208910987686,0.008572006695730551,0.003862921472324927,0.005113772234792046,686341,0,0
203.0,209,1920.740836,0.028708133971291867,0.022185187176316686,0.04286718200983837,4.667910447761194,0.4639353042064715,0.008430157973829858,0.003976835392002346,0.005516255543745189,678675,0,0
200.0,209,1927.843085,0.0430622009569378,0.022263086481468256,0.06947697111631537,4.514925373134329,0.4759059215484917,0.008435890881203667,0.0037431983347332286,0.005057882627907826,662353,0,0
209.0,209,1934.880259,0.0,0.022180324078191423,0.0,4.257462686567164,0.506020997742921,0.008458390177353342,0.003656207366984993,0.004674852205547976,655191,0,0
209.0,209,1942.078123,0.0,0.022098174729753676,0.0,4.41044776119403,0.48854105986865276,0.008353870687155698,0.0036967236880255144,0.004910843722818208,653080,0,0
209.0,209,1949.238698,0.0,0.022016631649570084,0.0,4.365671641791045,0.49326631177505,0.008232087086816024,0.0037188814471142565,0.005253371364612857,642863,0,0
209.0,209,1956.499422,0.0,0.021935688150858428,0.0,4.604477611940299,0.4638764458049356,0.008075249091759289,0.0036149778784935792,0.005449444264594799,643487,0,0
199.0,209,1963.802339,0.04784688995215311,0.022030600977969397,0.07439198855507868,4.593283582089552,0.4746104537630178,0.008225659038368489,0.0034945610293722336,0.005412089389079049,648604,0,0
199.0,209,1971.116604,0.04784688995215311,0.022124821010721895,0.06088173547935619,4.5783582089552235,0.4680763191911802,0.008267857142857143,0.0035357142857142857,0.005607142857142857,665836,0,0
203.0,209,1978.307472,0.028708133971291867,0.022148760330578512,0.03616236162361624,4.593283582089552,0.4677349266120525,0.00813123854598509,0.003558528904151024,0.005551305090475598,664379,0,0
203.0,209,1985.623636,0.028708133971291867,0.022172526177102837,0.03274760383386582,4.567164179104478,0.46801414374567946,0.008048789135907527,0.003386164592419246,0.005566783675495515,657232,0,0
200.0,209,1992.96563,0.0430622009569378,0.02224794016547769,0.05680990531682447,4.604477611940299,0.4562795176501037,0.008020351199519486,0.003497862417411582,0.005211461682507155,670474,0,0
200.0,209,2000.196064,0.0430622009569378,0.02232281160717359,0.06463595839524518,4.664179104477612,0.45802375127012246,0.007868887089391966,0.0035031510755906066,0.005333943597507306,667916,0,0
209.0,209,2007.547916,0.0,0.022242801529728524,0.0,4.567164179104478,0.47106599879275535,0.00799789529071297,0.0035604665438919584,0.0053143909497500655,668842,0,0
203.0,209,2014.889863,0.028708133971291867,0.022265892002734107,0.04297994269340974,4.604477611940299,0.46840897346446037,0.007812226921598098,0.003477926526617498,0.0057149847949945825,672610,0,0
199.0,209,2022.021951,0.04784688995215311,0.02235692758262528,0.06387832699619772,4.649253731343284,0.4630319941081539,0.007959315185398053,0.003396206698364596,0.005660344497274326,678298,0,0
199.0,209,2029.165337,0.04784688995215311,0.022447317520105873,0.07292474786656322,4.604477611940299,0.46752549845406877,0.007845043043599,0.0033324076645376284,0.005554012774229381,661451,0,0
205.0,209,2036.076221,0.019138755980861243,0.022435626489931866,0.03206562266964952,4.503731343283582,0.475527124670485,0.007799934279932896,0.003424361391190052,0.005551616194808115,656096,0,0
208.0,209,2043.171674,0.004784688995215311,0.022373475301570186,0.0062717770034843206,4.58955223880597,0.46544639751943323,0.007840907132640577,0.003239759430629513,0.005583415188957245,668890,0,0
199.0,209,2050.403861,0.04784688995215311,0.022462855703852935,0.06576125804145819,4.597014925373134,0.4681025977367947,0.007762588445421447,0.0032802088342378235,0.005083464999656523,667175,0,0
205.0,209,2057.46655,0.019138755980861243,0.022451232977548766,0.029118773946360154,4.537313432835821,0.47229207537881157,0.007855150343128028,0.0033542689918368046,0.0050485171050604965,668127,0,0
207.0,209,2064.691325,0.009569377990430622,0.02240634846539853,0.014771048744460856,4.518656716417911,0.46546637668661706,0.007963847203274215,0.00332537517053206,0.0052012278308321966,672478,0,0
203.0,209,2071.973273,0.028708133971291867,0.02242822966507177,0.03276247207743857,4.548507462686567,0.4683475272613429,0.007766429311897762,0.0034328637221079823,0.005302244956919259,674430,0,0
200.0,209,2079.203021,0.0430622009569378,0.0224996274896111,0.05843681519357195,4.4440298507462686,0.4755706050090762,0.007841742458885897,0.0032857409006994904,0.005487526040343478,662196,0,0
207.0,209,2086.196326,0.009569377990430622,0.022455040422372546,0.010660980810234541,4.503731343283582,0.46924463459478716,0.007662447257383966,0.0032742616033755276,0.005586497890295358,672054,0,0
206.0,209,2093.340178,0.014354066985645933,0.022427202025682765,0.019580419580419582,4.5335820895522385,0.4699536712646047,0.007434068891280947,0.0032965554359526373,0.005298035522066738,667851,0,0
199.0,209,2100.803641,0.04784688995215311,0.022514255751458347,0.06371191135734072,4.4216417910447765,0.470628547455216,0.007677478836644037,0.0033358477914676053,0.005548570949627022,691583,0,0
206.0,209,2108.056894,0.014354066985645933,0.022486405277854893,0.0220014194464159,4.391791044776119,0.4769941273052855,0.007751290489634319,0.0033577788543459014,0.005479360518534605,690240,0,0
199.0,209,2115.281268,0.04784688995215311,0.02257266542980829,0.06661786237188873,4.4664179104477615,0.47175073157571606,0.007942057942057943,0.0034465534465534468,0.005544455544455544,693334,0,0
194.0,209,2122.66749,0.07177033492822966,0.022739437190819885,0.07913165266106442,4.455223880597015,0.47979047597139785,0.007750522786868922,0.0033856673415872804,0.005327447140438809,689952,0,0
203.0,209,2129.902217,0.028708133971291867,0.02275960170697013,0.03166421207658321,4.42910447761194,0.47398756243701196,0.00793952726731396,0.0033742990886084325,0.004978745223878128,688590,0,0
208.0,209,2137.080072,0.004784688995215311,0.022699080115348057,0.007627765064836003,4.3283582089552235,0.4874711198150992,0.007796917497733454,0.0033132778373032227,0.004813319047226572,659255,0,0
209.0,209,2144.189485,0.0,0.02262290870556501,0.0,4.361940298507463,0.48586174420341444,0.00788513979695765,0.0033347570391300064,0.005125340868022472,661189,0,0
207.0,209,2151.363967,0.009569377990430622,0.022579251412203356,0.014760147601476014,4.309701492537314,0.47782484410159565,0.008120364761546144,0.0033725708485453742,0.005484520554673303,674524,0,0
205.0,209,2158.535898,0.019138755980861243,0.022567783094098882,0.018867924528301886,4.313432835820896,0.48064526075558517,0.00789739907972457,0.003410240511699246,0.005400907221877753,655366,0,0
204.0,209,2165.468502,0.023923444976076555,0.022572286954171898,0.036661466458658344,4.242537313432836,0.4927474844632067,0.007871198568872988,0.0035452919173849405,0.00565945682224752,676847,0,0
207.0,209,2172.734586,0.009569377990430622,0.022529230964225735,0.012708498808578236,4.354477611940299,0.48585838435204975,0.007634082694458402,0.003614438303321069,0.005753926446990939,680227,0,0
204.0,209,2180.100242,0.023923444976076555,0.02253383233060148,0.04110612855007474,4.458955223880597,0.48089132599037415,0.007398911164601541,0.0034571331642461347,0.005751118721830019,667857,0,0
203.0,209,2187.366741,0.028708133971291867,0.02255414253336691,0.04305864884929473,4.358208955223881,0.4824577428386913,0.007439134355275023,0.003397526729357207,0.005442483575937138,672290,0,0
207.0,209,2194.581923,0.009569377990430622,0.02251156953486548,0.010021474588403722,4.417910447761194,0.48319229785223766,0.007494663863523294,0.0032578517436728668,0.0048627048193737865,662146,0,0
198.0,209,2201.834319,0.05263157894736842,0.022610000938174314,0.05628373168851195,4.399253731343284,0.48250600570710017,0.007662896542897823,0.003375513925994657,0.004831304292181926,676439,0,0
209.0,209,2209.008056,0.0,0.022536352726649316,0.0,4.436567164179104,0.48503153470946647,0.007366306323543481,0.0033323766701744317,0.004942759654325712,652682,0,0
203.0,209,2216.247619,0.028708133971291867,0.022556390977443608,0.042492917847025496,4.354477611940299,0.48696665727820243,0.007342540646207148,0.0034487690914003274,0.004736097646254827,655444,0,0
196.0,209,2223.626245,0.06220095693779904,0.02268469054365835,0.08434596140100072,4.4664179104477615,0.48363483314393063,0.007367270307524122,0.003263779964193482,0.004547110920988006,659557,0,0
194.0,209,2230.864852,0.07177033492822966,0.022843031331995677,0.10237388724035608,4.514925373134329,0.4732995807610374,0.007328900191120026,0.0033327541817377705,0.004533177488903982,664666,0,0
194.0,209,2238.132234,0.07177033492822966,0.023000353851597717,0.09864188706218728,4.365671641791045,0.49283857728030184,0.007243524131958113,0.003369813400519644,0.004850011810093693,666582,0,0
208.0,209,2245.452636,0.004784688995215311,0.022941970310391364,0.008955223880597015,4.4216417910447765,0.482471730351919,0.007219876634281858,0.0032803352534019744,0.0050853044119724385,656093,0,0
199.0,209,2252.591323,0.04784688995215311,0.023021538743751624,0.07946498819826908,4.5111940298507465,0.4743715659935669,0.007040931280510703,0.003332707472775066,0.005288521717361372,653725,0,0
201.0,209,2259.84846,0.03827751196172249,0.023070124645719683,0.04169714703730797,4.503731343283582,0.47736273979991756,0.00712803955516042,0.0032442718325456617,0.0051627595027529515,643556,0,0
205.0,209,2267.149415,0.019138755980861243,0.02305764411027569,0.022627737226277374,4.4888059701492535,0.47397269332703856,0.007074224944805497,0.0032650268976025373,0.005317329518952704,656742,0,0
203.0,209,2274.448885,0.028708133971291867,0.02307552540730422,0.04016337644656229,4.425373134328358,0.47274290409082886,0.0072069558748314505,0.0033787449047596907,0.0054865857627749105,662195,0,0
205.0,209,2281.754861,0.019138755980861243,0.02306310657630598,0.02175438596491228,4.414179104477612,0.4699660699375355,0.0074004264128789046,0.003368043753669314,0.005623706084108396,689610,0,0
207.0,209,2288.927533,0.009569377990430622,0.023020673467545365,0.013323464100666173,4.447761194029851,0.4637611504873303,0.0074384365422820444,0.0034497097007684845,0.0058675865892535385,694092,0,0
205.0,209,2296.103659,0.019138755980861243,0.02300850444721093,0.0265210608424337,4.358208955223881,0.47639570660278713,0.007384322515275262,0.0034695569406490833,0.006033344591482698,681247,0,0
203.0,209,2303.210607,0.028708133971291867,0.023026315789473683,0.035211267605633804,4.350746268656716,0.4748830812278981,0.0072236421236283495,0.0033210388576850676,0.0061064262867112536,678076,0,0
208.0,209,2310.533628,0.004784688995215311,0.022969488291672256,0.008895478131949592,4.4216417910447765,0.47404387201826326,0.007185464309142779,0.0032952447787151598,0.00614807243436208,675296,0,0
209.0,209,2317.814328,0.0,0.022898154477101845,0.0,4.380597014925373,0.48438978616527245,0.007177833875726148,0.003147905958210408,0.006113324614495575,657942,0,0
204.0,209,2325.127812,0.023923444976076555,0.02290132875109248,0.03777777777777778,4.477611940298507,0.47444021766012384,0.0069888723810678875,0.0031533307055577452,0.006018616779357812,653452,0,0
205.0,209,2332.443367,0.019138755980861243,0.022889715872172013,0.02724014336917563,4.514925373134329,0.47746754382034795,0.006831199842821951,0.003143560989617181,0.005622137923738419,656105,0,0
201.0,209,2339.663352,0.03827751196172249,0.02293706293706294,0.05226209048361934,4.436567164179104,0.48155879402604274,0.0068557135969141755,0.0031039054966248794,0.005394165863066538,658795,0,0
209.0,209,2346.852222,0.0,0.02286670384829894,0.0,4.529850746268656,0.4709541037696513,0.0069393334034276105,0.003154242456103459,0.005707676825330069,671232,0,0
202.0,209,2354.110985,0.03349282296650718,0.022899199625418844,0.040090771558245086,4.5335820895522385,0.47062701986022015,0.006888393057697779,0.0030848021084472666,0.005375941538507615,661050,0,0
205.0,209,2361.349824,0.019138755980861243,0.022887734858209826,0.024113475177304965,4.503731343283582,0.4691671187294883,0.006941956288068793,0.0031947927863370355,0.005628209721724591,688599,0,0
205.0,209,2368.588101,0.019138755980861243,0.0228763397856343,0.026734104046242775,4.526119402985074,0.46841075861336484,0.006980309276816145,0.0031106282278349135,0.005611037521022787,677288,0,0
208.0,209,2375.820251,0.004784688995215311,0.022821516601420906,0.00784313725490196,4.496268656716418,0.4621235552898953,0.007121978723088565,0.0031158656913512473,0.005742095345490156,675771,0,0
200.0,209,2382.988698,0.0430622009569378,0.02288266670521401,0.06130268199233716,4.529850746268656,0.4626546376321174,0.007056526177197213,0.0032102016361672857,0.00585824814710712,693122,0,0
205.0,209,2390.062659,0.019138755980861243,0.022871389865682826,0.029503105590062112,4.503731343283582,0.47339078683260405,0.006843455945252352,0.003053007285920769,0.005353824370962508,668028,0,0
203.0,209,2397.024922,0.028708133971291867,0.02288891762575973,0.04621212121212121,4.507462686567164,0.47290395375160377,0.006867142121902801,0.0031321226380413205,0.005440776413499007,680564,0,0
203.0,209,2403.975712,0.028708133971291867,0.02290634042918947,0.04421768707482993,4.402985074626866,0.4747092897795167,0.0069786535303776685,0.003137461881304246,0.004720853858784894,673843,0,0
199.0,209,2410.820836,0.04784688995215311,0.022980789830750553,0.07517084282460136,4.425373134328358,0.4769301229522679,0.006958352215416551,0.0031137164325288347,0.004721739003318374,659096,0,0
203.0,209,2417.937223,0.028708133971291867,0.022997835497835496,0.04042553191489362,4.380597014925373,0.4780720449919402,0.006966914443958606,0.003235679930039353,0.004664043142399067,682005,0,0
207.0,209,2425.160662,0.009569377990430622,0.022957988442917382,0.013814274750575594,4.402985074626866,0.4799691584284826,0.006829707775694959,0.002993446386793961,0.004635482511588706,650701,0,0
206.0,209,2432.451864,0.014354066985645933,0.022932533053990543,0.019579405366207395,4.470149253731344,0.4814298690367904,0.006722396882198688,0.0031149037277429263,0.004694087478087015,666003,0,0
208.0,209,2439.767976,0.004784688995215311,0.022878999590690324,0.007127583749109052,4.5,0.47647653351707664,0.006716644277852407,0.003091100807441753,0.004954427929684679,667194,0,0
203.0,209,2447.059471,0.028708133971291867,0.022896144103574444,0.03679175864606328,4.537313432835821,0.47384593685521575,0.006769018060316272,0.0031252700406141083,0.005227986289137886,672366,0,0
206.0,209,2454.260567,0.014354066985645933,0.022871094024049726,0.02514792899408284,4.473880597014926,0.4740056117143717,0.006705916140149339,0.0031160252728317057,0.005241240666283745,665158,0,0
202.0,209,2461.564825,0.03349282296650718,0.022902151711015978,0.05309090909090909,4.544776119402985,0.4674340693916422,0.006786747229460783,0.00317860313278543,0.0051688095988087395,683952,0,0
203.0,209,2468.854591,0.028708133971291867,0.02291907877299929,0.03935860058309038,4.552238805970149,0.4742044034749772,0.0065386537226068955,0.003098008423156542,0.0053394246555785565,661050,0,0
201.0,209,2475.96911,0.03827751196172249,0.022963725381106043,0.05517241379310345,4.597014925373134,0.4713037444354844,0.006491472824075392,0.0030037297497366396,0.005338382256640947,664123,0,0
206.0,209,2483.313035,0.014354066985645933,0.022938769849524997,0.023255813953488372,4.619402985074627,0.4701563339795646,0.006458297848180321,0.002980752853006302,0.005351161074206552,654788,0,0
199.0,209,2490.377238,0.04784688995215311,0.02301075863594878,0.06404320987654322,4.649253731343284,0.4698217340286801,0.0064684151675135524,0.002887432591187669,0.00515208560388388,650880,0,0
202.0,209,2497.683679,0.03349282296650718,0.023040966314134825,0.046934140802422405,4.638059701492537,0.4651570961415581,0.006421746432755141,0.002963882968963911,0.005207965788322301,654167,0,0
202.0,209,2504.86863,0.03349282296650718,0.023071000384974977,0.03978576893649579,4.597014925373134,0.4717108270345734,0.006276827809443389,0.0029695306452747873,0.005235381042854127,642611,0,0
207.0,209,2512.133997,0.009569377990430622,0.02303231378785594,0.011409942950285249,4.5,0.47911589507390107,0.0063989222867727544,0.003017035727316101,0.005500827930734473,658961,0,0
204.0,209,2519.359044,0.023923444976076555,0.02303485987696514,0.03639120545868082,4.425373134328358,0.48988545296753355,0.006310693196764895,0.0028125262362522037,0.00512131643019058,622670,0,0
209.0,209,2526.696971,0.0,0.022969233495549284,0.0,4.507462686567164,0.48053282920261303,0.0063062434600627834,0.002846180676665504,0.005343564701778863,628361,0,0
208.0,209,2534.034925,0.004784688995215311,0.022917572857764246,0.007215007215007215,4.473880597014926,0.47178929984815693,0.006427110721589249,0.00297705994463225,0.005550686532281624,649724,0,0
201.0,209,2541.316046,0.03827751196172249,0.022961085433129566,0.057777777777777775,4.477611940298507,0.47073217922347993,0.006312080350701959,0.0030242494867099494,0.0055768270351256866,655958,0,0
202.0,209,2548.39978,0.03349282296650718,0.022990836104127808,0.04951958610495196,4.395522388059701,0.4764767387927863,0.006363611211022881,0.003098801981019838,0.0053814016545389145,666816,0,0
201.0,209,2555.738126,0.03827751196172249,0.023033897162881595,0.04663923182441701,4.369402985074627,0.4764423808768559,0.006456330100569757,0.003048822547491274,0.005214728158152496,669862,0,0
204.0,209,2562.879148,0.023923444976076555,0.02303639589269394,0.033308099924299776,4.436567164179104,0.4780885450176273,0.006163073833074246,0.0028476702755499306,0.005213850407890935,651529,0,0
204.0,209,2570.129771,0.023923444976076555,0.023038880624019945,0.03651903651903652,4.440298507462686,0.47216585764663455,0.0063104465326839975,0.0030454763701214076,0.005432471362919267,673122,0,0
202.0,209,2577.194381,0.03349282296650718,0.023068081580283874,0.04036557501904037,4.41044776119403,0.4858491332218012,0.006416131989000917,0.0029276167284567082,0.004405105544687197,678119,0,0
209.0,209,2584.587488,0.0,0.02300382508563127,0.0,4.417910447761194,0.46402547300536223,0.006411480642785038,0.0029738357023981667,0.004433470657244973,696067,0,0
206.0,209,2591.756222,0.014354066985645933,0.02297979797979798,0.01819620253164557,4.529850746268656,0.46766690332642136,0.006393513984111437,0.002761453912286429,0.004325824355207313,675106,0,0
202.0,209,2598.940679,0.03349282296650718,0.02300891993266975,0.04453125,4.623134328358209,0.46900920741609947,0.006145372656483164,0.0026046612583769703,0.004368233985403044,652049,0,0
196.0,209,2606.211962,0.06220095693779904,0.02311718522826403,0.08966565349544073,4.5559701492537314,0.47690829174002625,0.006183195778649709,0.002530104180760384,0.004451359761872548,656391,0,0
207.0,209,2613.405552,0.009569377990430622,0.023079863445239695,0.017777777777777778,4.567164179104478,0.4725120120804919,0.0062603721143597284,0.002711928437470486,0.004169084015812836,668257,0,0
195.0,209,2620.823885,0.06698564593301436,0.023200483726799517,0.07994389901823282,4.619402985074627,0.4690926828546137,0.006163203789428356,0.002933577349553235,0.004292711809667348,692597,0,0
193.0,209,2628.194915,0.07655502392344497,0.02334666054925608,0.09023668639053255,4.5,0.468951269718258,0.006415676800214751,0.002912556204281592,0.004415811019394671,701963,0,0
207.0,209,2635.379335,0.009569377990430622,0.023309017700734697,0.009280742459396751,4.514925373134329,0.4760551645044074,0.006237284505835742,0.0027974087161366313,0.004537423707035014,691441,0,0
203.0,209,2642.689586,0.028708133971291867,0.02332372918921033,0.039688164422395464,4.485074626865671,0.4788289103016999,0.0062871254087966365,0.0029633584729359943,0.0042715077087365685,686680,0,0
207.0,209,2649.976024,0.009569377990430622,0.02328635323486582,0.013370865587614356,4.492537313432836,0.4750166515454514,0.006256489443838023,0.0027821410505577595,0.004525971087031761,678928,0,0
209.0,209,2657.295448,0.0,0.02322324658653285,0.0,4.4216417910447765,0.4698700205283182,0.006438252512245954,0.0027345979742735395,0.004407216152712694,683638,0,0
205.0,209,2664.454559,0.019138755980861243,0.02321220742273374,0.0252486610558531,4.5,0.46865665219937414,0.0060633340393984325,0.00270069900444821,0.0047129845371743275,671892,0,0
204.0,209,2671.783308,0.023923444976076555,0.023214124505087762,0.026278409090909092,4.503731343283582,0.4798420918164285,0.005967784526010034,0.0025745973065751256,0.0045946659625033005,653592,0,0
200.0,209,2679.131953,0.0430622009569378,0.023267479549313165,0.05898305084745763,4.376865671641791,0.469341380748127,0.0062417698182775875,0.0026599947326836977,0.004279694495654464,678625,0,0
202.0,209,2686.390904,0.03349282296650718,0.0232948933386354,0.04905395935529082,4.380597014925373,0.47086334199101604,0.006238344146463187,0.0027580047805416197,0.004622941346431667,701789,0,0
202.0,209,2693.660899,0.03349282296650718,0.023322160530153777,0.03424657534246575,4.391791044776119,0.4745096078326147,0.006234936602745468,0.0027638059310489366,0.004309441475427014,687094,0,0
202.0,209,2700.99294,0.03349282296650718,0.023349282296650717,0.0289193302891933,4.436567164179104,0.47345611379292774,0.00615316280406553,0.0027042562642071435,0.004441773574060042,681043,0,0
201.0,209,2708.220232,0.03827751196172249,0.023388985035121653,0.043795620437956206,4.4888059701492535,0.46345196234174435,0.006280375780160788,0.002736263306709057,0.004599528320325224,684049,0,0
207.0,209,2715.464365,0.009569377990430622,0.02335232825250974,0.014210919970082274,4.522388059701493,0.453709532845292,0.006380435065103828,0.0025859604439015514,0.004509187306702705,676366,0,0
206.0,209,2722.848117,0.014354066985645933,0.023328523328523327,0.01928191489361702,4.451492537313433,0.4751415262264123,0.006259720062208398,0.0026049766718507,0.004626749611197511,668134,0,0
206.0,209,2730.21336,0.014354066985645933,0.02330484402418856,0.023741007194244605,4.652985074626866,0.46764505166302556,0.006178424630974847,0.0025851149083576763,0.004149109427914071,668717,0,0
202.0,209,2737.397996,0.03349282296650718,0.023331654495089397,0.05113221329437546,4.5559701492537314,0.474271149208317,0.006175226897689769,0.0026557343234323433,0.0042285478547854785,669970,0,0
208.0,209,2744.689172,0.004784688995215311,0.023282974795614662,0.005189028910303929,4.432835820895522,0.4915477178207366,0.0061329973256531575,0.002597202221765069,0.004204381814441473,642563,0,0
203.0,209,2751.97655,0.028708133971291867,0.023297176782985547,0.039525691699604744,4.582089552238806,0.4782835454554408,0.0060657356467766965,0.002616088947024199,0.004283204452480796,656552,0,0
208.0,209,2759.021927,0.004784688995215311,0.023248841305732883,0.006854531607006854,4.619402985074627,0.46739619926170795,0.006011229488278103,0.002711448194712676,0.004348548991520329,670140,0,0
206.0,209,2765.942672,0.014354066985645933,0.02322567783094099,0.02465331278890601,4.58955223880597,0.4849903885310074,0.0056510147589708265,0.0024874669932264362,0.004273340731953108,632483,0,0
206.0,209,2772.945495,0.014354066985645933,0.023202634685888273,0.021660649819494584,4.567164179104478,0.4782801737635571,0.005814323337447041,0.002506393211109556,0.004338477588773394,638838,0,0
208.0,209,2779.781935,0.004784688995215311,0.023154919800679276,0.00944138473642801,4.582089552238806,0.477747845965023,0.005748220335756976,0.002461710254165239,0.003971728399761443,640264,0,0
208.0,209,2787.003411,0.004784688995215311,0.02310745150402433,0.0066469719350073855,4.507462686567164,0.4801293220453591,0.005809023603113333,0.002543820793520218,0.004138454723786622,654881,0,0
195.0,209,2794.484277,0.06698564593301436,0.023220539633995955,0.09009009009009009,4.608208955223881,0.4606147667339393,0.0058704709001388715,0.002651180406514329,0.004279762656230274,681830,0,0
204.0,209,2801.607561,0.023923444976076555,0.023222346588602845,0.03140613847251963,4.638059701492537,0.46224227838236376,0.005842798499005213,0.002531039867025965,0.004470244541264765,664708,0,0
203.0,209,2808.831771,0.028708133971291867,0.02323641271009692,0.036490683229813664,4.705223880597015,0.4564436782369566,0.005727420023361845,0.002599947247447153,0.004408606202192999,682985,0,0
201.0,209,2816.039264,0.03827751196172249,0.023274880994627933,0.0529500756429652,4.559701492537314,0.4714960310376089,0.005738054073016112,0.002593399984965797,0.004297276303590669,669186,0,0
209.0,209,2823.435818,0.0,0.023215506298213066,0.0,4.395522388059701,0.4883354648865264,0.005735564247066615,0.0025366438826895923,0.004136104064878104,642606,0,0
207.0,209,2830.64725,0.009569377990430622,0.023180783325419726,0.013229571984435798,4.458955223880597,0.47506596496679854,0.005783084477902136,0.0026298078121494628,0.004025724755091358,658101,0,0
207.0,209,2837.881183,0.009569377990430622,0.02314623661137153,0.01107011070110701,4.492537313432836,0.47870563974266356,0.005718476896110192,0.0026230404893027187,0.00418940589997638,649806,0,0
199.0,209,2845.279113,0.04784688995215311,0.023208769910968444,0.059147180192572216,4.518656716417911,0.4690635304732375,0.005791170634920635,0.0026785714285714286,0.004203869047619047,678615,0,0
203.0,209,2852.474447,0.028708133971291867,0.02322265719394906,0.03127272727272727,4.4664179104477615,0.4655443245474018,0.00588795566715733,0.0026718454287940822,0.004168573655109286,689021,0,0
205.0,209,2859.835373,0.019138755980861243,0.0232123702891302,0.02815934065934066,4.4888059701492535,0.46502223470453086,0.005984108182805251,0.0026897640904155564,0.004281413483367881,705083,0,0
187.0,209,2867.393255,0.10526315789473684,0.02341852804693323,0.13154172560113153,4.5335820895522385,0.4579859097362225,0.005822613405551794,0.002695882316735397,0.004493137194558995,712692,0,0
209.0,209,2874.571759,0.0,0.023359834994184026,0.0,4.414179104477612,0.4781946928485279,0.005734001276951034,0.0026644074456067973,0.004015028731398262,704708,0,0
207.0,209,2881.936447,0.009569377990430622,0.02332535885167464,0.014925373134328358,4.354477611940299,0.4817702700238493,0.00576845354006687,0.0026698999399884875,0.004311031095761228,701676,0,0
202.0,209,2889.289435,0.03349282296650718,0.023350714123781455,0.04944289693593315,4.470149253731344,0.4800604701828555,0.005595396625658192,0.002541140825626428,0.0040438346792420555,680184,0,0
206.0,209,2896.511066,0.014354066985645933,0.02332833440453236,0.02426470588235294,4.623134328358209,0.4649111236463218,0.0055691636505441205,0.002437270744220622,0.0037533969460997576,673556,0,0
200.0,209,2903.600509,0.0430622009569378,0.023377301815332374,0.061823802163833076,4.675373134328358,0.47240639424485426,0.0053611155010394,0.0022976209290168858,0.003610547174169392,644932,0,0
201.0,209,2910.94007,0.03827751196172249,0.02341418352361552,0.0476878612716763,4.611940298507463,0.46882566749784016,0.0053359204462769825,0.0024860538442881396,0.003638127577007034,659801,0,0
206.0,209,2918.134433,0.014354066985645933,0.023391812865497075,0.022566995768688293,4.541044776119403,0.47713388950526864,0.005298429826046985,0.002479858708537972,0.003725836498681441,641339,0,0
201.0,209,2924.967212,0.03827751196172249,0.023428477148985317,0.04849884526558892,4.630597014925373,0.4661992223490451,0.005273510565122425,0.002510046218639507,0.003511651200115848,651077,0,0
207.0,209,2931.959318,0.009569377990430622,0.023394425308300906,0.015349194167306216,4.507462686567164,0.4817859337381042,0.005440932180947107,0.002503791800081855,0.0037677251607000986,649206,0,0
201.0,209,2938.833461,0.03827751196172249,0.023430903461863214,0.05298507462686567,4.541044776119403,0.4802572481644813,0.005427799459621735,0.00258180726508556,0.003806664665265686,657964,0,0
201.0,209,2946.065722,0.03827751196172249,0.023467203238146488,0.03968253968253968,4.567164179104478,0.466710241690038,0.0054985864200488765,0.002551631606689348,0.003845416646700848,656038,0,0
205.0,209,2953.309987,0.019138755980861243,0.023456646049714085,0.03056768558951965,4.664179104477612,0.4669269365100015,0.005329764223658895,0.002545380671837096,0.004170600255733081,661006,0,0
207.0,209,2960.539644,0.009569377990430622,0.023422857076333833,0.017024426350851222,4.5559701492537314,0.473419193174223,0.005352374594697692,0.0025271790959374403,0.004362960137325959,661509,0,0
202.0,209,2967.827342,0.03349282296650718,0.02344729874111581,0.041053446940356314,4.582089552238806,0.4750390451980504,0.005410869306695208,0.002509216315852063,0.004209775240813414,664885,0,0
200.0,209,2975.149585,0.0430622009569378,0.023494792451081478,0.06102941176470588,4.58955223880597,0.4696160844211665,0.005220073555581919,0.0025744453671847196,0.004472653932850872,669823,0,0
200.0,209,2982.371029,0.0430622009569378,0.023542056722834756,0.0549777117384844,4.436567164179104,0.48022836423394627,0.005373416972422772,0.0025210084033613447,0.0046159308793940115,656691,0,0
209.0,209,2989.531315,0.0,0.023485328875309852,0.0,4.332089552238806,0.4840592939967206,0.005419190309212623,0.0026564658378493253,0.004356603974072893,654904,0,0
203.0,209,2996.678607,0.028708133971291867,0.023497883695252117,0.04048892284186402,4.496268656716418,0.4747466322181765,0.005359119926503498,0.0026383359638171068,0.004522861652257897,656169,0,0
201.0,209,3003.941741,0.03827751196172249,0.023533326448888735,0.05970149253731343,4.473880597014926,0.47351548350580147,0.0053112111206420455,0.002643855093239956,0.004582682161615924,661967,0,0
205.0,209,3011.311872,0.019138755980861243,0.0235228131224102,0.027266028002947678,4.585820895522388,0.4746783209727787,0.0051695034463356306,0.0023561682374454917,0.004595114174520561,633450,0,0
208.0,209,3018.614317,0.004784688995215311,0.023478092062440763,0.00847457627118644,4.477611940298507,0.4832057603567496,0.0051452359792319565,0.0023153561906543805,0.004478694045558726,619665,0,0
205.0,209,3025.602218,0.019138755980861243,0.02346776030986557,0.0203125,4.447761194029851,0.4885669957108891,0.005086268242321018,0.002193161535679705,0.004456317588455571,617700,0,0
208.0,209,3032.736721,0.004784688995215311,0.023423382468263077,0.007823613086770981,4.5559701492537314,0.4789930046844306,0.00521360658217831,0.0022809528797030107,0.00460845581817547,636721,0,0
209.0,209,3039.954871,0.0,0.023367876822603686,0.0,4.373134328358209,0.48705682050678256,0.0053867050546797,0.002321855627017112,0.004411525691332513,647483,0,0
209.0,209,3047.195388,0.0,0.02331263361498524,0.0,4.231343283582089,0.5031549313784892,0.005408410251659004,0.0023509791886226505,0.004296617137827603,653245,0,0
209.0,209,3054.490486,0.0,0.0232576509885348,0.0,4.175373134328358,0.5026372342625427,0.005395350986644484,0.0024261749618743936,0.004320902074957253,645772,0,0
205.0,209,3061.66075,0.019138755980861243,0.02324795947086969,0.02666666666666667,4.380597014925373,0.47805944341188505,0.005440232362467007,0.002512649692834338,0.004714099653069927,676338,0,0
200.0,209,3068.966669,0.0430622009569378,0.023294471774827595,0.054599850411368736,4.369402985074627,0.4824767348474111,0.00530122698681018,0.0025183703039293476,0.004737756005565714,671142,0,0
204.0,209,3076.122433,0.023923444976076555,0.023295944779982744,0.028067361668003207,4.485074626865671,0.47085043594407316,0.005254402569838812,0.002420696380427924,0.00495611770779556,664071,0,0
208.0,209,3083.386184,0.004784688995215311,0.02325269418235478,0.00436046511627907,4.5,0.47139404067574253,0.005287674682110034,0.002437824041752029,0.004978654733155552,654698,0,0
201.0,209,3090.548715,0.03827751196172249,0.023287717067621373,0.053237410071942444,4.5559701492537314,0.4704614419027413,0.0053326329732569025,0.0023979720008221617,0.004921552058830246,660275,0,0
206.0,209,3097.677794,0.014354066985645933,0.023266941137198176,0.01627906976744186,4.5,0.47435180154474693,0.005217589428115744,0.002358168147641832,0.00480747322852586,648679,0,0
202.0,209,3104.85357,0.03349282296650718,0.023290667081117686,0.046395431834404,4.5559701492537314,0.47822458508621013,0.005103316587483804,0.0023300220499647656,0.004807801595780955,635900,0,0
204.0,209,3112.153926,0.023923444976076555,0.023292131844763423,0.03221188260558339,4.473880597014926,0.4775808224924504,0.005091511124214728,0.0023586510330437936,0.004762660739799968,631707,0,0
209.0,209,3119.219799,0.0,0.02323833939246605,0.0,4.5,0.47563665522148024,0.005226539962667572,0.0023870128400927653,0.00487584139374399,637368,0,0
198.0,209,3126.102096,0.05263157894736842,0.02330606575088748,0.06651884700665188,4.58955223880597,0.47483398106199703,0.005248721682299956,0.0023591028636573996,0.005056832932624474,638002,0,0
207.0,209,3133.058581,0.009569377990430622,0.02327448715833471,0.01753048780487805,4.559701492537314,0.47862866504701235,0.005326576576576577,0.0023536036036036034,0.004144144144144144,650420,0,0
194.0,209,3139.99037,0.07177033492822966,0.023385716166981256,0.08592057761732852,4.585820895522388,0.47649522530904875,0.00522507135312493,0.0023597096433467424,0.004348607771310425,662041,0,0
206.0,209,3147.080835,0.014354066985645933,0.023365048777550284,0.021320495185694635,4.57089552238806,0.47428757281980916,0.00515695067264574,0.002298206278026906,0.004282511210762332,650747,0,0
201.0,209,3154.423468,0.03827751196172249,0.023399095497148848,0.039056742815033164,4.425373134328358,0.49110740609617953,0.0051006140870907485,0.002214740327289404,0.0035681927495218174,634423,0,0
209.0,209,3161.774938,0.0,0.023345794596244182,0.0,4.455223880597015,0.47977294161057393,0.00520031246512666,0.0023992857939962057,0.0037161031134917977,666071,0,0
204.0,209,3168.773412,0.023923444976076555,0.023347107438016528,0.030421216848673948,4.451492537313433,0.48432121180670035,0.005288707773843722,0.0023715679070078163,0.0037410648673926114,665013,0,0
206.0,209,3175.735547,0.014354066985645933,0.023326715056038363,0.016733067729083666,4.458955223880597,0.47948360993911865,0.005232170628749167,0.002355032215063319,0.0034325705398800268,664165,0,0
202.0,209,3182.813555,0.03349282296650718,0.023349715300179697,0.036671368124118475,4.414179104477612,0.48622400923168524,0.005275875063731684,0.002316508168739332,0.0036022256212453726,659973,0,0
199.0,209,3189.794562,0.04784688995215311,0.023405013662825234,0.06638115631691649,4.380597014925373,0.4826607638454416,0.0052532044547173775,0.002399884982470886,0.0036385352960042468,669765,0,0
201.0,209,3196.884284,0.03827751196172249,0.023438510280615544,0.05078683834048641,4.470149253731344,0.4795604065022078,0.005087064951115623,0.0023173180905298935,0.0037628831850985414,655432,0,0
198.0,209,3204.118958,0.05263157894736842,0.023504112682113866,0.06891385767790262,4.514925373134329,0.4818449973349685,0.005031931292666813,0.0021911473243778905,0.003809733538868091,645775,0,0
203.0,209,3211.513551,0.028708133971291867,0.023515780891282426,0.03428571428571429,4.597014925373134,0.4799880797874656,0.004998736583061424,0.002087384507212463,0.0034606637882732935,635545,0,0
203.0,209,3218.7529,0.028708133971291867,0.023527396893698555,0.03669724770642202,4.615671641791045,0.4793616095937839,0.0049766513932431545,0.0020608159954398964,0.0032775743757262185,639431,0,0
200.0,209,3226.109428,0.0430622009569378,0.023571001367054,0.05540540540540541,4.559701492537314,0.4783143234170632,0.004998578085008641,0.002154748102290377,0.003182902019119288,660887,0,0
209.0,209,3233.35603,0.0,0.023518504704766574,0.0,4.5111940298507465,0.48460426959394665,0.004943525945326568,0.0022589621869373057,0.003382986850002728,654763,0,0
206.0,209,3240.589649,0.014354066985645933,0.023498139287612973,0.019809244314013204,4.585820895522388,0.4631980549167915,0.005084874946919132,0.0022647837022680504,0.0036693851330016005,672540,0,0
205.0,209,3247.934424,0.019138755980861243,0.0234884732492388,0.02421129860601614,4.440298507462686,0.4816781941734985,0.005040957781978576,0.0023683810268778655,0.0037481259370314842,665294,0,0
208.0,209,3255.18554,0.004784688995215311,0.023447093195579454,0.008513931888544891,4.537313432835821,0.4697696300338153,0.005094630043141761,0.002308842976998287,0.003923949097058122,689247,0,0
204.0,209,3262.365304,0.023923444976076555,0.023448144744763776,0.0319634703196347,4.563432835820896,0.46672041707264084,0.005169914988427178,0.0022496701204871403,0.004142421423781609,685406,0,0
209.0,209,3269.546394,0.0,0.023396496848850198,0.0,4.365671641791045,0.49156264657182586,0.005125880842155244,0.0022553875705483076,0.004273365923144161,671730,0,0
203.0,209,3276.861384,0.028708133971291867,0.023408170776591828,0.03571428571428571,4.470149253731344,0.47369601529452326,0.0051900506083773015,0.0023042963282007105,0.0041778830623452135,675561,0,0
202.0,209,3284.167028,0.03349282296650718,0.02343028624192059,0.04996530187369882,4.373134328358209,0.48808320287353596,0.005060598246518824,0.002181107099879663,0.003996905621454358,659634,0,0
199.0,209,3291.373127,0.04784688995215311,0.023483714258791998,0.07680722891566265,4.496268656716418,0.4746519513472058,0.005135572686043893,0.0021871750061648316,0.004074149521287432,694821,0,0
206.0,209,3298.650812,0.014354066985645933,0.023463780531121373,0.023449319213313162,4.4216417910447765,0.4906348425313689,0.004953090064935759,0.00216095938038234,0.004075868930325107,653320,0,0
202.0,209,3305.961155,0.03349282296650718,0.02348563029677581,0.04693140794223827,4.5,0.47976376219058076,0.00485701171020186,0.0022416977124008583,0.0038535851151271895,662454,0,0
206.0,209,3313.190293,0.014354066985645933,0.023465779072186395,0.024531024531024532,4.507462686567164,0.48292127804518736,0.004931565212760292,0.002119614421899132,0.003962294296213453,663177,0,0
209.0,209,3320.615883,0.0,0.023414877165305298,0.0,4.324626865671642,0.4986946628555484,0.004920611303590027,0.002253066082853317,0.0039003549641847515,673631,0,0
209.0,209,3327.905278,0.0,0.02336419561299944,0.0,4.2611940298507465,0.5016234616701011,0.004782456549632568,0.002226864468786783,0.003912918995153919,663542,0,0
209.0,209,3335.139375,0.0,0.023313732987485403,0.0,4.253731343283582,0.5117225782441402,0.004761300152361605,0.00207381073302861,0.003999492127983748,634282,0,0
209.0,209,3342.493885,0.0,0.023263487873288236,0.0,4.2611940298507465,0.5128123273367421,0.0047613517593775405,0.0020903495528974566,0.0037056196619545826,638328,0,0
209.0,209,3349.881454,0.0,0.023213458867109123,0.0,4.111940298507463,0.5104618124725373,0.004856209838828611,0.002127883703781734,0.0038660065311281995,648091,0,0
209.0,209,3357.172687,0.0,0.023163644577694726,0.0,4.294776119402985,0.5055799813629294,0.004677366800155562,0.002144231072430864,0.004004666855863526,641462,0,0
209.0,209,3364.57413,0.0,0.023114043625708226,0.0,4.25,0.5117121982033186,0.004572723077568486,0.002055627805512439,0.0037441792171833705,622183,0,0
209.0,209,3371.843845,0.0,0.023064654643602012,0.0,4.4664179104477615,0.47798716958783066,0.0047406260137928145,0.002040666827129357,0.0039766840733802865,651682,0,0
205.0,209,3379.070434,0.019138755980861243,0.02305628385754073,0.0255500354861604,4.522388059701493,0.4720410077650071,0.004824460642008312,0.002182494099956141,0.0039472859798249825,675241,0,0
209.0,209,3386.488591,0.0,0.02300722793443958,0.0,4.537313432835821,0.46935257896328386,0.0047097560721467945,0.002125642121057403,0.0038761709266340876,666140,0,0
205.0,209,3393.743364,0.019138755980861243,0.022999014618189945,0.02454873646209386,4.574626865671642,0.4670465161406811,0.004699717185160539,0.0021834969223091,0.00409665613042755,664846,0,0
199.0,209,3401.08835,0.04784688995215311,0.023051658421863595,0.07055435565154787,4.645522388059701,0.4639943223123462,0.0046173800259403375,0.002178988326848249,0.003984435797665369,664080,0,0
205.0,209,3408.429209,0.019138755980861243,0.023043385900846678,0.02335456475583864,4.667910447761194,0.4670908158493876,0.004535100434872644,0.0020708221163802027,0.0038206668047214743,645997,0,0
208.0,209,3415.725314,0.004784688995215311,0.02300486544323986,0.009084027252081756,4.608208955223881,0.4689959009015952,0.0046080092573459516,0.0021386948795305205,0.003853783526883498,650904,0,0
199.0,209,3422.949044,0.04784688995215311,0.023057164442205992,0.06953892668178382,4.600746268656716,0.46625926480214197,0.004608865105632714,0.002165238640230134,0.003732458989349088,671070,0,0
206.0,209,3429.745373,0.014354066985645933,0.023038880624019945,0.018628281117696866,4.585820895522388,0.46952711605822023,0.004599096642762339,0.0021400718158715135,0.0034467502803699856,682129,0,0
203.0,209,3436.772791,0.028708133971291867,0.02305076585116307,0.03666427030913012,4.641791044776119,0.4687445265226549,0.004466302517557189,0.0021048092324120085,0.003203416978109984,667755,0,0
194.0,209,3443.785769,0.07177033492822966,0.023152689635843125,0.09278350515463918,4.652985074626866,0.4663286860891808,0.004324213546469925,0.0021621067732349626,0.0033302592478737575,685708,0,0
204.0,209,3450.804042,0.023923444976076555,0.023154298728411463,0.025925925925925925,4.582089552238806,0.4635491600524429,0.0044481256518804834,0.0021269198519336566,0.00328240996380146,701035,0,0
203.0,209,3457.675981,0.028708133971291867,0.023165869218500796,0.04033485540334855,4.604477611940299,0.4624687000358111,0.004459320183270917,0.0020714919844485036,0.00326540608385971,695923,0,0
195.0,209,3464.690847,0.06698564593301436,0.023256970625391678,0.10067114093959731,4.634328358208955,0.4617605706686589,0.004562489815870947,0.002036825810656673,0.0033302102004236596,704805,0,0
201.0,209,3471.807365,0.03827751196172249,0.023288133574222238,0.05483625285605483,4.634328358208955,0.46156592997507223,0.004573496082038356,0.00208348154848414,0.0032116105820536012,702707,0,0
207.0,209,3479.073405,0.009569377990430622,0.023259730353551864,0.01020408163265306,4.623134328358209,0.47115869896201074,0.004452332657200811,0.00204868154158215,0.003316430020283976,663307,0,0
203.0,209,3486.387667,0.028708133971291867,0.02327098738581992,0.04439428141459744,4.5783582089552235,0.47235066333737696,0.0045747598757122756,0.0020849569345060374,0.0035019179579567424,678392,0,0
198.0,209,3493.74804,0.05263157894736842,0.02333152468800868,0.06588072122052704,4.529850746268656,0.46911154848570963,0.004737325885597115,0.0020908879708285773,0.0033332996636397613,697228,0,0
201.0,209,3501.075424,0.03827751196172249,0.02336227774824266,0.04896142433234421,4.526119402985074,0.46542052558044844,0.004737807705489809,0.002137053688433701,0.003457591580814903,704506,0,0
203.0,209,3507.981213,0.028708133971291867,0.02337325486574379,0.04122137404580153,4.615671641791045,0.46217109465554895,0.004697952819274685,0.002082390221819828,0.003541069362708113,691094,0,0
205.0,209,3514.897303,0.019138755980861243,0.023364577613930505,0.03607060629316961,4.574626865671642,0.4657002667108201,0.004738480072281899,0.0021283003714486497,0.0035137034434293743,692476,0,0
206.0,209,3522.086821,0.014354066985645933,0.023346151211827672,0.022727272727272728,4.623134328358209,0.4655674371503645,0.004618498036386952,0.002174000160294943,0.003586599342790735,691533,0,0
195.0,209,3529.312183,0.06698564593301436,0.023435211405136217,0.08692476260043827,4.58955223880597,0.4626436152304751,0.004709481956984732,0.0020597734249232585,0.0035796062433132354,694806,0,0
196.0,209,3536.651018,0.06220095693779904,0.02351416404369561,0.0795774647887324,4.619402985074627,0.463577480293538,0.004849960581596096,0.0020457652658995877,0.0035227079944514855,702556,0,0
194.0,209,3544.028775,0.07177033492822966,0.02361224569183491,0.08164794007490636,4.638059701492537,0.4668851706106028,0.004721068515253832,0.0020418123325464887,0.003605541777472336,686022,0,0
208.0,209,3551.141001,0.004784688995215311,0.02357405592165921,0.007698229407236336,4.585820895522388,0.46835134778792176,0.004810702819827252,0.002057470007653391,0.0036577244580504728,682582,0,0
208.0,209,3558.053526,0.004784688995215311,0.023536020765937662,0.007746478873239437,4.552238805970149,0.47019725422782643,0.004790858684547249,0.0020929009988394816,0.0036204211591299084,679866,0,0
199.0,209,3564.975236,0.04784688995215311,0.023585133632980523,0.06802721088435375,4.5,0.47443986851756764,0.004731923655658509,0.0020986774372376655,0.0037122832026609646,680441,0,0
203.0,209,3572.199039,0.028708133971291867,0.02359546226269486,0.03978978978978979,4.458955223880597,0.4763345471735325,0.00479159051166283,0.002173504974362521,0.0032207391892826445,691639,0,0
199.0,209,3579.465735,0.04784688995215311,0.0236442578918487,0.06102635228848821,4.5335820895522385,0.4674210886394198,0.004821629296574572,0.0021791003569386104,0.003273580626713207,689362,0,0
191.0,209,3586.839399,0.0861244019138756,0.023769720028439117,0.10369206598586017,4.626865671641791,0.4716091987922884,0.004783040872363669,0.0021454792390437857,0.003247743802222244,697606,0,0
203.0,209,3594.149067,0.028708133971291867,0.023779616649567077,0.03731343283582089,4.597014925373134,0.4733828384500478,0.004783326130515067,0.0020626252308175853,0.003378776568577378,692886,0,0
209.0,209,3601.358907,0.0,0.02373205741626794,0.0,4.526119402985074,0.4761661212048087,0.004802932729536076,0.002107409258878074,0.0034698738495015733,698301,0,0
