#{"t_start": 1709985676.7436483, "env_id": "PhyRMSA-v0"}
r,l,t,episode_service_blocking_rate,service_blocking_rate,episode_bit_rate_blocking_rate,number_cuts_total,rss_total_metric,C_BVTs,L_BVTs,S_BVTs,total_path_length,num_moves,num_defrag_cycle
209.0,209,47.981257,0.0,0.0,0.0,1.585820895522388,0.8676329885284555,0.7238095238095238,0.0,0.0,144988,191,20
209.0,209,130.031614,0.0,0.0,0.0,2.0,0.8108987739468072,0.60381861575179,0.01909307875894988,0.0,250258,205,20
209.0,209,195.733433,0.0,0.0,0.0,2.1305970149253732,0.7884702668749846,0.5254777070063694,0.025477707006369428,0.0,316658,231,21
209.0,209,253.581833,0.0,0.0,0.0,2.324626865671642,0.7627667250612299,0.45280764635603343,0.013142174432497013,0.0,352825,231,21
209.0,209,314.934801,0.0,0.0,0.0,2.514925373134328,0.741732501968734,0.41204588910133844,0.008604206500956023,0.0,403865,231,21
209.0,209,362.623828,0.0,0.0,0.0,2.921641791044776,0.6951957292664157,0.399203187250996,-0.0007968127490039841,0.012749003984063745,477803,231,21
209.0,209,414.264159,0.0,0.0,0.0,3.074626865671642,0.6771810356639744,0.3709016393442623,-0.008879781420765027,0.015027322404371584,494902,231,21
209.0,209,461.98868,0.0,0.0,0.0,3.1343283582089554,0.6666243431883542,0.3550508069336521,-0.019127316198445904,0.026897788404064555,526857,231,21
209.0,209,508.43257,0.0,0.0,0.0,3.1343283582089554,0.668186760282986,0.3379383634431456,-0.023379383634431455,0.02497343251859724,532258,231,21
209.0,209,549.519609,0.0,0.0,0.0,3.3992537313432836,0.6360122071705541,0.32759445241511237,-0.03204208512673362,0.03538976566236251,571473,231,21
209.0,209,589.634261,0.0,0.0,0.0,3.5223880597014925,0.6209160553862999,0.31869565217391305,-0.03739130434782609,0.04043478260869565,585522,220,20
209.0,209,624.059229,0.0,0.0,0.0,3.458955223880597,0.6227041127499363,0.3132722200079713,-0.04264647269828617,0.04184934236747708,603524,220,20
209.0,209,661.925814,0.0,0.0,0.0,3.544776119402985,0.6136756916201649,0.3127299484915379,-0.051508462104488596,0.04047093451066961,633304,231,21
209.0,209,689.516583,0.0,0.0,0.0,3.701492537313433,0.5983697263312316,0.31158182439357707,-0.05158865732832251,0.04543901605739665,657078,231,21
209.0,209,713.901014,0.0,0.0,0.0,3.906716417910448,0.5774584560039081,0.30739795918367346,-0.05548469387755102,0.046556122448979595,666881,231,21
209.0,209,743.089545,0.0,0.0,0.0,3.876865671641791,0.5790524265645813,0.3034379671150972,-0.05829596412556054,0.04663677130044843,684236,231,21
207.0,209,766.641919,0.009569377990430622,0.0005629045876723895,0.012620638455827766,3.798507462686567,0.5870568064613694,0.3015202702702703,-0.061936936936936936,0.04842342342342342,675580,231,21
199.0,209,786.165468,0.04784688995215311,0.003189792663476874,0.05637982195845697,3.8917910447761193,0.5768752655618472,0.3020527859237537,-0.065049320181285,0.044521460943748335,672482,231,21
205.0,209,803.910608,0.019138755980861243,0.004029211785444472,0.03470031545741325,3.720149253731343,0.5940280341620412,0.294994944388271,-0.0659757330637007,0.04373104145601618,654983,231,21
209.0,209,820.983675,0.0,0.003827751196172249,0.0,3.75,0.5928881093538996,0.29603841536614645,-0.06698679471788715,0.04201680672268908,673717,231,21
204.0,209,840.067513,0.023923444976076555,0.004784688995215311,0.031226199543031227,3.7574626865671643,0.589730957079811,0.29457541771572443,-0.0711833371480888,0.03936827649347677,660743,220,20
207.0,209,859.823308,0.009569377990430622,0.005002174858634189,0.015957446808510637,3.91044776119403,0.5749313106954288,0.28868006993006995,-0.06949300699300699,0.03649475524475525,670298,220,20
204.0,209,878.663266,0.023923444976076555,0.005824838776783857,0.03335860500379075,3.832089552238806,0.5815532821090518,0.28514644351464435,-0.06966527196652719,0.033891213389121336,663689,231,21
203.0,209,900.450252,0.028708133971291867,0.006778309409888357,0.03991291727140784,3.8097014925373136,0.5815683548078087,0.28155729480232794,-0.06903471804134056,0.03552077062010837,667854,231,21
207.0,209,922.309107,0.009569377990430622,0.006889952153110048,0.011661807580174927,3.6865671641791047,0.587930181414096,0.28285163776493255,-0.0697495183044316,0.03236994219653179,667713,231,21
208.0,209,944.670517,0.004784688995215311,0.006808980493191019,0.008308157099697885,3.705223880597015,0.5850539559631761,0.28343831048536494,-0.07261948869951834,0.031493145609485,677988,231,21
207.0,209,965.555947,0.009569377990430622,0.006911217437533227,0.016874541452677916,3.6940298507462686,0.5895051300983487,0.28349687778768956,-0.07368421052631578,0.02925958965209634,664103,231,21
204.0,209,987.735757,0.023923444976076555,0.007518796992481203,0.025910364145658265,3.7425373134328357,0.5824940079299846,0.2818040970907213,-0.07453950766052676,0.02926493372353245,676553,231,21
202.0,209,1011.640577,0.03349282296650718,0.008414453060551065,0.04006410256410257,3.705223880597015,0.5885770603314459,0.2783230743636666,-0.07519547496256862,0.028780568956912327,662230,231,21
193.0,209,1035.432073,0.07655502392344497,0.010685805422647528,0.10261707988980716,3.8134328358208953,0.5767808489583274,0.27627337201805285,-0.07430689877498388,0.029013539651837523,675096,231,21
197.0,209,1054.043002,0.05741626794258373,0.01219323969748418,0.0697211155378486,3.83955223880597,0.5770298475672344,0.27511326355256993,-0.07467583190126542,0.026870801437275427,659411,220,20
204.0,209,1071.658707,0.023923444976076555,0.012559808612440191,0.03134110787172012,3.888059701492537,0.571394346785702,0.27660862982588946,-0.07479182437547313,0.025738077214231644,667740,220,20
208.0,209,1088.812328,0.004784688995215311,0.01232419892706974,0.005860805860805861,3.8022388059701493,0.5810385268332008,0.2746220460883605,-0.07603111698223984,0.02583296638778805,640697,231,21
208.0,209,1107.588946,0.004784688995215311,0.012102448634956376,0.008634222919937205,3.75,0.5912970491700772,0.27075915111807436,-0.07605754166073209,0.025494943740207946,625638,231,21
209.0,209,1131.23385,0.0,0.011756664388243335,0.0,3.720149253731343,0.5939142858652103,0.2697095435684647,-0.07482710926694329,0.025726141078838173,639333,231,21
207.0,209,1155.726315,0.009569377990430622,0.011695906432748537,0.009216589861751152,3.7611940298507465,0.5886226486730679,0.2693290305230604,-0.07476132849267178,0.024068844964367352,659325,231,21
206.0,209,1176.416582,0.014354066985645933,0.011767748609853874,0.016191210485736313,3.7574626865671643,0.5850312649660647,0.2680884469449169,-0.07418552924244406,0.024074316367918357,671989,231,21
207.0,209,1195.326715,0.009569377990430622,0.011709896751447998,0.015861027190332326,3.548507462686567,0.6037836515732883,0.2667515923566879,-0.07388535031847134,0.023184713375796178,644578,231,21
209.0,209,1215.588941,0.0,0.011409642988590356,0.0,3.5708955223880596,0.5991808603178638,0.2644248666087604,-0.07383050006204243,0.02221119245563966,629637,231,21
209.0,209,1239.977318,0.0,0.011124401913875598,0.0,3.8059701492537314,0.5794501714123269,0.2623367198838897,-0.07268988872762458,0.02116594097726173,636117,231,21
206.0,209,1259.026449,0.014354066985645933,0.011203174232699264,0.02039329934450109,4.014925373134329,0.5516233823865577,0.2615057823932027,-0.07151286287467548,0.020533396270946424,666651,220,20
204.0,209,1279.701529,0.023923444976076555,0.011506037821827296,0.036458333333333336,3.888059701492537,0.567761718416908,0.25858492740262734,-0.0732887762157179,0.020281170776676655,647918,220,20
199.0,209,1297.798565,0.04784688995215311,0.012351173917881384,0.046934140802422405,3.917910447761194,0.5639322436742837,0.2595471443055086,-0.07468739438999662,0.01971386729751042,666669,231,21
206.0,209,1320.828915,0.014354066985645933,0.012396694214876033,0.017303532804614274,3.8097014925373136,0.5770028154374071,0.25916547396234724,-0.07376417483210393,0.019156666299680724,679409,231,21
199.0,209,1342.704865,0.04784688995215311,0.01318447634237108,0.0647887323943662,3.798507462686567,0.5806048058993083,0.2579185520361991,-0.07272139625080802,0.01766860590390002,672321,231,21
204.0,209,1364.686152,0.023923444976076555,0.013417932182234242,0.0351008215085885,3.705223880597015,0.5901343803057093,0.25806451612903225,-0.07284419144001687,0.01686696183849884,670040,231,21
207.0,209,1388.656086,0.009569377990430622,0.013336048050493739,0.012987012987012988,3.720149253731343,0.5958309474425888,0.257608583513876,-0.0733519034354689,0.017125760858351387,663452,231,21
200.0,209,1411.111734,0.0430622009569378,0.013955342902711323,0.06475349521707138,3.746268656716418,0.5894182486141996,0.25694935813201253,-0.07419387445668654,0.01728494895380572,672034,231,21
206.0,209,1434.908041,0.014354066985645933,0.013963480128893663,0.019382627422828428,3.578358208955224,0.5996864495822919,0.25774829191009013,-0.07485889692048718,0.016734330131696208,667205,231,21
204.0,209,1456.870762,0.023923444976076555,0.014162679425837321,0.029500756429652043,3.5634328358208953,0.6016171750478227,0.25720663884305545,-0.07560904590895856,0.01669416674754926,672402,231,21
206.0,209,1477.490892,0.014354066985645933,0.01416643212308847,0.015625,3.5559701492537314,0.5988112123699523,0.25673232467408885,-0.07545913026929299,0.01674754971928823,663135,220,20
209.0,209,1499.409392,0.0,0.013894000736106,0.0,3.462686567164179,0.6097470966088089,0.2558313118119052,-0.07613360701623437,0.01642097406232506,659258,220,20
206.0,209,1518.766042,0.014354066985645933,0.013902681231380337,0.022627737226277374,3.361940298507463,0.6160611785115838,0.25540095203222263,-0.07643720248993043,0.016385939216404247,660769,231,21
208.0,209,1541.684666,0.004784688995215311,0.013733829523303208,0.007890961262553802,3.6529850746268657,0.5880109866407851,0.2555695292849443,-0.07662594322673374,0.016798418972332016,679516,231,21
206.0,209,1564.299472,0.014354066985645933,0.013745106568073075,0.02442868400315209,3.6194029850746268,0.5959725792337051,0.2543658493561475,-0.07752690068795202,0.01666960663256306,671759,231,21
208.0,209,1584.224131,0.004784688995215311,0.013585099111414901,0.005856515373352855,3.6828358208955225,0.5881870982463012,0.25480685951844795,-0.07872856400485016,0.01740862636410878,682626,231,21
204.0,209,1605.951999,0.023923444976076555,0.013766473600268614,0.03268428372739916,3.6940298507462686,0.5927299518589414,0.2563404255319149,-0.07965957446808511,0.015914893617021277,672781,231,21
206.0,209,1628.664029,0.014354066985645933,0.013776604520706155,0.017531044558071585,3.8134328358208953,0.5745122046910124,0.25602208096353296,-0.08046169287387087,0.014302442288390766,674806,231,21
200.0,209,1645.891495,0.0430622009569378,0.014272970561998216,0.0597864768683274,3.794776119402985,0.5734336324320811,0.2561697926949654,-0.08102994406054623,0.013984863441921685,666817,231,21
201.0,209,1665.31433,0.03827751196172249,0.01467304625199362,0.05033809166040571,3.753731343283582,0.575074140343309,0.256291980254107,-0.08149227158695477,0.013919236060532492,671169,231,21
205.0,209,1685.031493,0.019138755980861243,0.014746254608204565,0.025307302964569775,3.6791044776119404,0.5847899947517708,0.25529374303454866,-0.08207291832510746,0.013532876930425092,665509,220,20
209.0,209,1704.282249,0.0,0.0145084117919432,0.0,3.735074626865672,0.5733746149812178,0.2552658366611855,-0.08331375773236238,0.014172735102967661,679084,220,20
202.0,209,1722.260695,0.03349282296650718,0.014809751651856915,0.0453857791225416,3.8134328358208953,0.5678974344208071,0.25568488398982503,-0.08224774531719725,0.013874971093810222,701852,231,21
203.0,209,1743.110172,0.028708133971291867,0.015026913875598086,0.041788856304985335,3.701492537313433,0.5742996893468965,0.2552367941712204,-0.08120825743776564,0.01366120218579235,713285,231,21
199.0,209,1764.325447,0.04784688995215311,0.015531836584468163,0.07340116279069768,3.794776119402985,0.5677966717151399,0.25457943925233645,-0.08074766355140187,0.013906542056074766,715872,231,21
202.0,209,1784.250109,0.03349282296650718,0.015803972741771786,0.04626060138781804,3.843283582089552,0.5666413787952632,0.2532960153200265,-0.08182956470501583,0.013257715253737938,702505,231,21
208.0,209,1800.833983,0.004784688995215311,0.01563950582018139,0.008289374529012811,3.828358208955224,0.5700717249016402,0.2541893362350381,-0.0822633297062024,0.011606819006166122,711316,231,21
207.0,209,1820.478709,0.009569377990430622,0.01555023923444976,0.016591251885369532,3.861940298507463,0.564235883689773,0.2531446540880503,-0.08161806746712406,0.011720983419096626,722540,231,21
208.0,209,1840.312785,0.004784688995215311,0.015394216767214478,0.007621951219512195,4.0111940298507465,0.5482198270022465,0.25204225352112675,-0.08126760563380282,0.012464788732394367,714833,231,21
205.0,209,1858.316106,0.019138755980861243,0.01544771018455229,0.031226765799256505,3.996268656716418,0.5520292755167584,0.24998264491496008,-0.0804581742450538,0.012426240888580353,711273,231,21
198.0,209,1878.782286,0.05263157894736842,0.015971426646000403,0.06353790613718412,4.037313432835821,0.540752697606108,0.2504964733273985,-0.08012052318016846,0.012189276176128193,728018,220,20
199.0,209,1896.228318,0.04784688995215311,0.016414141414141416,0.07498144023756496,3.996268656716418,0.5514451041371315,0.2496959870287799,-0.08019186596405892,0.011890285096608567,711735,220,20
199.0,209,1913.236309,0.04784688995215311,0.016844727010552535,0.05767844268204758,3.962686567164179,0.5586463191030374,0.24965002333177788,-0.07986134257716153,0.011799213385774282,704999,231,21
207.0,209,1928.593407,0.009569377990430622,0.01674641148325359,0.011177347242921014,4.029850746268656,0.5520814075559706,0.24881641241451868,-0.08054971067859022,0.01137559179379274,694650,231,21
206.0,209,1949.461645,0.014354066985645933,0.01671451355661882,0.01885424220449601,3.876865671641791,0.5689647637484829,0.2495134293499416,-0.08103023225639029,0.010899182561307902,698486,231,21
208.0,209,1970.271514,0.004784688995215311,0.016557542180810878,0.008639308855291577,3.798507462686567,0.5719772161353704,0.24983996927410063,-0.08135962104724107,0.011202150812956087,702740,231,21
209.0,209,1990.087047,0.0,0.016342509165475673,0.0,3.8208955223880596,0.5786585761710026,0.2493209525614301,-0.0823700334786179,0.01137009664582149,694495,231,21
208.0,209,2008.831209,0.004784688995215311,0.016194331983805668,0.0015349194167306216,3.8843283582089554,0.5717854716600754,0.24833219028617745,-0.08273583141093585,0.01103560072323711,677367,231,21
209.0,209,2028.320327,0.0,0.015989340439706862,0.0,3.8059701492537314,0.5805035434349238,0.24784588872476612,-0.08290251107828656,0.010524372230428361,672595,231,21
209.0,209,2048.466987,0.0,0.015789473684210527,0.0,3.7388059701492535,0.589443214607555,0.2473111745761682,-0.08318648599380203,0.010573008446253874,660121,231,21
208.0,209,2070.050953,0.004784688995215311,0.015653612144840214,0.005891016200294551,3.824626865671642,0.58108117024725,0.24674467446744675,-0.08286828682868287,0.010501050105010502,661377,220,20
207.0,209,2088.701633,0.009569377990430622,0.015579414167347415,0.013284132841328414,3.8134328358208953,0.5794883848970085,0.24762920815552394,-0.08374822190611664,0.01037221431958274,674935,220,20
202.0,209,2109.816279,0.03349282296650718,0.01579523836974693,0.03772189349112426,3.746268656716418,0.5864069626782025,0.24633946351177227,-0.08369450626683847,0.009956659247979383,650069,231,21
208.0,209,2134.614498,0.004784688995215311,0.015664160401002505,0.008118081180811807,3.7723880597014925,0.585891526494336,0.24649924777224858,-0.08419164448559195,0.010184006480731396,648203,231,21
207.0,209,2159.007968,0.009569377990430622,0.01559245707852519,0.015957446808510637,3.794776119402985,0.5779226393701584,0.24672651380867974,-0.08365258162273428,0.010520898850706157,665396,231,21
209.0,209,2182.224349,0.0,0.015411149438077223,0.0,3.675373134328358,0.5861554800702675,0.24624251327833654,-0.08351226127246017,0.010001130071194485,655769,231,21
206.0,209,2201.917149,0.014354066985645933,0.015398999065060771,0.01642710472279261,3.832089552238806,0.5672631677587602,0.24636952636282394,-0.08260723860589812,0.010444593386952637,678679,231,21
203.0,209,2221.928944,0.028708133971291867,0.01555023923444976,0.036676646706586824,3.753731343283582,0.5749768489333655,0.2465897166841553,-0.08295134478378528,0.009830452311260838,680382,231,21
206.0,209,2241.194001,0.014354066985645933,0.015536799096822752,0.021929824561403508,3.7238805970149254,0.5795731006932178,0.24681919947578224,-0.0832195707967018,0.009009992901217715,671791,231,21
209.0,209,2260.345444,0.0,0.015364167995746943,0.0,3.824626865671642,0.5728443449754385,0.24570780693229674,-0.08325234855847101,0.008908325234855847,662330,231,21
209.0,209,2281.534883,0.0,0.015195330984804668,0.0,3.8507462686567164,0.5714705700448804,0.24563557738508354,-0.08349794458384496,0.008808926378730446,641423,220,20
209.0,209,2302.163795,0.0,0.015030164343665487,0.0,3.667910447761194,0.5857454661555336,0.244350580781415,-0.082259767687434,0.008553326293558606,657386,220,20
209.0,209,2333.117303,0.0,0.014868549673303493,0.0,3.735074626865672,0.583133793052936,0.24382474280641286,-0.08172750535275994,0.008198861559350358,670904,231,21
209.0,209,2354.197495,0.0,0.0147103736129492,0.0,3.720149253731343,0.5844831010994896,0.24341357578262218,-0.08177497675379689,0.00842029135241244,659318,231,21
209.0,209,2376.496243,0.0,0.014555527574918157,0.0,3.794776119402985,0.5784285533574289,0.24306229876833443,-0.08187254050186539,0.00838145857821843,655159,231,21
209.0,209,2398.667266,0.0,0.01440390749601276,0.0,3.746268656716418,0.5779204191236595,0.24327467637540454,-0.08191747572815535,0.00849514563106796,649217,231,21
209.0,209,2419.779811,0.0,0.014255413604301288,0.0,3.7388059701492535,0.5828045362066537,0.2427820865649237,-0.0814610958218664,0.00840630472854641,655837,231,21
208.0,209,2437.692896,0.004784688995215311,0.014158773557269798,0.0073152889539136795,3.7425373134328357,0.5810703069497305,0.2418659931659486,-0.08131530728470263,0.0077254494131629775,637338,231,21
206.0,209,2458.482242,0.014354066985645933,0.014160746218162486,0.018328445747800588,3.7388059701492535,0.5835070483953082,0.24133535957644983,-0.08162164812000589,0.007843521741261827,621544,231,21
209.0,209,2481.507132,0.0,0.014019138755980862,0.0,3.6641791044776117,0.5944510328211109,0.2406347049689441,-0.08152173913043478,0.007084627329192547,618091,231,21
209.0,209,2502.59155,0.0,0.01388033540196125,0.0,3.6828358208955225,0.5947968751084395,0.24066868424845078,-0.08228851419512898,0.007157611567468896,610845,220,20
209.0,209,2528.070609,0.0,0.013744253682334178,0.0,3.6156716417910446,0.5987565059468497,0.24060686768762485,-0.08242176353086654,0.007134024541044421,616048,220,20
209.0,209,2559.733628,0.0,0.01361081432619501,0.0,3.6044776119402986,0.6027151194991456,0.2403578996939016,-0.08245820579232399,0.0072050859430186015,616175,231,21
209.0,209,2587.54988,0.0,0.01347994111152006,0.0,3.8022388059701493,0.5790066579829354,0.24053348255922402,-0.08226077224398433,0.00783435926133184,649913,231,21
204.0,209,2610.827209,0.023923444976076555,0.013579403053087264,0.03464203233256351,3.962686567164179,0.5632410537956686,0.24103843311160383,-0.08250184774575019,0.007852919438285292,679551,231,21
207.0,209,2634.857288,0.009569377990430622,0.013541572627967862,0.015514809590973202,3.8022388059701493,0.5829928706499186,0.24044840997483413,-0.08313886982383893,0.007687028140013727,659413,231,21
209.0,209,2660.253244,0.0,0.013415015874435452,0.0,3.876865671641791,0.5798684726933541,0.24025562001450326,-0.08352973168963017,0.0074782451051486586,654130,231,21
203.0,209,2682.815998,0.028708133971291867,0.013556618819776715,0.0436817472698908,4.067164179104478,0.5603475708731142,0.2400413167467553,-0.0838011407014865,0.007634616248259757,675244,231,21
208.0,209,2701.337672,0.004784688995215311,0.013476142399367895,0.008236101578586136,4.0111940298507465,0.5635444739084237,0.2407563959955506,-0.0839154616240267,0.007430478309232481,697677,231,21
207.0,209,2717.99156,0.009569377990430622,0.013440626359286646,0.01032448377581121,3.8955223880597014,0.5759560300204737,0.24001410810334187,-0.08429591746759545,0.007186315139758399,667604,231,21
209.0,209,2743.03511,0.0,0.013319539635329109,0.0,3.917910447761194,0.5709120394971462,0.23860906032938708,-0.08435629723472107,0.007120702459481892,652734,220,20
209.0,209,2764.877305,0.0,0.013200615174299385,0.0,3.712686567164179,0.5888097055218624,0.2386147186147186,-0.08484848484848485,0.0070562770562770565,640645,220,20
209.0,209,2796.71121,0.0,0.013083795570987001,0.0,3.764925373134328,0.5802386231472656,0.23836286412973529,-0.08464541593375949,0.007121712643185036,662807,231,21
209.0,209,2820.939266,0.0,0.012969025434399395,0.0,3.9365671641791047,0.5670586004004472,0.2381154860107152,-0.08504124500382686,0.00731354707032911,652888,231,21
209.0,209,2844.530597,0.0,0.012856251300187227,0.0,3.787313432835821,0.5822712536906444,0.23804105028027142,-0.08538795465081975,0.007417709782104775,632550,231,21
203.0,209,2865.252104,0.028708133971291867,0.012992905461145026,0.044182621502209134,3.8507462686567164,0.5780059084448014,0.23760969494358547,-0.08575010447137485,0.007438361888842457,629239,231,21
205.0,209,2889.256865,0.019138755980861243,0.013045434098065677,0.030373831775700934,3.6865671641791047,0.593984401211722,0.23733167598922728,-0.08560182307851667,0.007333747669359851,637349,231,21
201.0,209,2915.208472,0.03827751196172249,0.013259265266401752,0.05167173252279635,3.7611940298507465,0.593511890515289,0.2368507560815253,-0.08567554240631163,0.007642998027613412,642600,231,21
205.0,209,2936.870869,0.019138755980861243,0.013308672751397209,0.021408839779005526,3.6977611940298507,0.5994529187077954,0.23682816511144617,-0.08573407766594679,0.00786439020414816,640267,231,21
209.0,209,2963.635947,0.0,0.013197767145135566,0.0,3.861940298507463,0.5810076872498663,0.23692929292929293,-0.08557575757575757,0.007474747474747475,647407,231,21
209.0,209,2986.494291,0.0,0.013088694689390645,0.0,3.8656716417910446,0.5792096716302488,0.2365479386193357,-0.08566048319243559,0.006851236027084418,626008,220,20
209.0,209,3010.027086,0.0,0.01298141030669072,0.0,3.8022388059701493,0.5845668663567345,0.23704704386522568,-0.08586300063572791,0.006595677050222504,637950,220,20
208.0,209,3028.673289,0.004784688995215311,0.012914770296028319,0.00646551724137931,3.8022388059701493,0.5801993115003384,0.23711380832282472,-0.08578972257250946,0.006699243379571248,630382,231,21
208.0,209,3047.28965,0.004784688995215311,0.01284920512424757,0.004964539007092199,3.828358208955224,0.5799326424855517,0.23698405253283303,-0.08560037523452158,0.0066056910569105695,636838,231,21
206.0,209,3069.537234,0.014354066985645933,0.012861244019138756,0.024964336661911554,3.5634328358208953,0.6065598023245777,0.23702985653354014,-0.08573090345094998,0.0063978286157425355,631520,231,21
208.0,209,3091.030094,0.004784688995215311,0.012797144376091744,0.008571428571428572,3.764925373134328,0.5796454982059229,0.2368259096853604,-0.08566043541810908,0.007115931994768829,660998,231,21
207.0,209,3109.770018,0.009569377990430622,0.012771728892740083,0.01282051282051282,3.7611940298507465,0.5828282218556573,0.23632894485785155,-0.0853653882846785,0.00694523945811868,645743,231,21
208.0,209,3127.398412,0.004784688995215311,0.01270933014354067,0.007434944237918215,3.8097014925373136,0.5846707604617111,0.23564154015068337,-0.0851474652633173,0.006852686177261197,639775,231,21
205.0,209,3146.419884,0.019138755980861243,0.012759170653907496,0.026124818577648767,3.753731343283582,0.5844263790162229,0.23476594785483507,-0.08516793147494177,0.00646179277180855,617157,231,21
204.0,209,3167.176935,0.023923444976076555,0.01284504968715495,0.036135693215339236,3.843283582089552,0.575134807988191,0.23506822757437923,-0.08489299828498993,0.006599060472746253,640097,231,21
200.0,209,3187.394894,0.0430622009569378,0.013075714964023521,0.060044477390659746,3.7276119402985075,0.5893115095964379,0.23503071571312265,-0.08522685219450818,0.006328177040929613,623909,220,20
206.0,209,3207.251969,0.014354066985645933,0.013085399449035813,0.017869907076483203,3.7313432835820897,0.5909735369093515,0.23538269428529454,-0.08505949757602468,0.0058395769061260466,636417,220,20
208.0,209,3225.634785,0.004784688995215311,0.01302298809224017,0.0058309037900874635,3.6305970149253732,0.6008033065656679,0.23534771832628662,-0.08518005540166206,0.005685960052485785,635197,231,21
201.0,209,3247.613872,0.03827751196172249,0.013211454688281082,0.04982698961937716,3.7611940298507465,0.59010392878704,0.2359518037413612,-0.08539277056120419,0.0062235409053081015,655675,231,21
201.0,209,3268.901391,0.03827751196172249,0.013397129186602871,0.04978038067349927,3.8059701492537314,0.5805997448686335,0.2359005675695093,-0.0854228033623105,0.006430059630720597,650755,231,21
203.0,209,3291.406351,0.028708133971291867,0.01350971010413735,0.04356992269852424,3.6902985074626864,0.5878457542339722,0.23676045790093078,-0.08587425555436683,0.006312185728041083,669092,231,21
203.0,209,3310.117643,0.028708133971291867,0.013620647504627527,0.034023668639053255,3.7425373134328357,0.5865434579483814,0.2370769012887693,-0.08635462399093613,0.005558702733323892,672611,231,21
206.0,209,3333.506874,0.014354066985645933,0.013625962138547951,0.023125996810207338,3.6082089552238807,0.6032565788179262,0.23666080843585238,-0.08650263620386643,0.005553602811950791,654512,231,21
207.0,209,3352.770768,0.009569377990430622,0.013596778079928401,0.01308139534883721,3.705223880597015,0.5830428754679152,0.2374986914191995,-0.08668039222528527,0.0059671284502913775,690309,231,21
209.0,209,3372.436923,0.0,0.013499658236500341,0.0,3.5223880597014925,0.600198322513684,0.23747661608813136,-0.08688422365412596,0.005889281507656066,681149,231,21
209.0,209,3391.007351,0.0,0.013403915979503885,0.0,3.8358208955223883,0.5659096003769345,0.23738607050730867,-0.08701633705932932,0.006053310404127257,679141,220,20
209.0,209,3410.78213,0.0,0.013309522205000337,0.0,3.7611940298507465,0.5697873098176751,0.2367504439284251,-0.08697582297500342,0.005941811227974321,666081,220,20
209.0,209,3430.359846,0.0,0.013216448623147187,0.0,3.7276119402985075,0.5802108982849301,0.2367680466551385,-0.08669853863628657,0.00596751771606822,657681,231,21
209.0,209,3454.250169,0.0,0.013124667729930888,0.0,3.6305970149253732,0.5876947149266033,0.23698740825533635,-0.08679550198639822,0.005757188068143559,671162,231,21
207.0,209,3475.184786,0.009569377990430622,0.013100148490348127,0.0171898355754858,3.746268656716418,0.5713227258810115,0.23695208800026749,-0.08656257313852017,0.006118559630880337,699977,231,21
206.0,209,3491.870616,0.014354066985645933,0.013108736973192633,0.0171898355754858,3.7574626865671643,0.5760737876455945,0.23646023576290884,-0.08683380375228292,0.00561182135148597,668114,231,21
202.0,209,3512.223864,0.03349282296650718,0.013247404224847834,0.041573867854491464,3.8917910447761193,0.5725619836968266,0.23659992743345318,-0.0873437345383778,0.005607414981693439,669771,231,21
203.0,209,3534.321092,0.028708133971291867,0.01335186861502651,0.04046692607003891,3.764925373134328,0.5810322208939305,0.23725425950196594,-0.08758191349934469,0.005439056356487549,684834,231,21
206.0,209,3554.18444,0.014354066985645933,0.013358594778587715,0.02546296296296296,3.7761194029850746,0.5739814223676828,0.23758380524637115,-0.08774327930742694,0.0055327735468333,695939,231,21
209.0,209,3574.16117,0.0,0.013269537480063796,0.0,3.671641791044776,0.5776430244770856,0.2381768223694844,-0.08818490383061257,0.005592371100695006,709486,231,21
209.0,209,3590.305512,0.0,0.013181659748407744,0.0,3.671641791044776,0.5728815990391926,0.23869766247110197,-0.08833162085795017,0.00516953506293347,716664,220,20
206.0,209,3607.316281,0.014354066985645933,0.01318937295391589,0.02088167053364269,3.7686567164179103,0.5733484041869371,0.23843700159489634,-0.08845295055821371,0.005263157894736842,710366,220,20
208.0,209,3624.756205,0.004784688995215311,0.013134440379022422,0.008,3.7425373134328357,0.5780515885319342,0.23838646302047026,-0.08872552126243742,0.00545028202040687,691099,231,21
207.0,209,3644.38268,0.009569377990430622,0.013111290623252345,0.011756061719324026,3.6156716417910446,0.588641639176454,0.23865890130646938,-0.08880843695891705,0.005194396348181961,693109,231,21
203.0,209,3660.222657,0.028708133971291867,0.01321191541904615,0.03741007194244604,3.7388059701492535,0.5778468349258575,0.23873873873873874,-0.08896396396396396,0.005286536536536536,679623,231,21
209.0,209,3681.886244,0.0,0.013127223653539443,0.0,3.6865671641791047,0.5852598608688353,0.23864872424402522,-0.08910091058830842,0.0050346520806787455,660780,231,21
209.0,209,3704.671052,0.0,0.013043610764026452,0.0,3.7388059701492535,0.5838889914454471,0.23896127956524424,-0.08979188538257271,0.004786018650033965,664821,231,21
204.0,209,3721.91041,0.023923444976076555,0.013112470474229301,0.03835021707670044,3.7686567164179103,0.5799993501396626,0.2392451672292114,-0.08999693157410249,0.0046026388462718625,647428,231,21
204.0,209,3740.385468,0.023923444976076555,0.013180464024555385,0.029345372460496615,3.8208955223880596,0.5764794091607393,0.23964749649326098,-0.09022992010733671,0.004756967738000854,668102,231,21
204.0,209,3762.460337,0.023923444976076555,0.013247607655502392,0.027679205110007096,3.7388059701492535,0.583143350902304,0.23955997333171708,-0.0905509424813625,0.004969998181707983,655261,231,21
209.0,209,3779.444784,0.0,0.013165324378139023,0.0,3.6641791044776117,0.5892263975812697,0.23967838106423345,-0.09094468033848285,0.004818261209985846,647638,220,20
209.0,209,3801.703785,0.0,0.013084056943706067,0.0,3.6865671641791047,0.582941328692551,0.23979530763706008,-0.09088460617668183,0.004788125448886761,681521,220,20
209.0,209,3822.921641,0.0,0.01300378665570787,0.0,3.746268656716418,0.5764399573836363,0.2403271375464684,-0.09127137546468402,0.004788104089219331,678436,231,21
208.0,209,3844.562549,0.004784688995215311,0.012953670206558524,0.009531374106433678,3.656716417910448,0.587636957262616,0.23985457984807732,-0.09136050601483758,0.004876895338870334,660057,231,21
209.0,209,3869.403533,0.0,0.012875163114397565,0.0,3.455223880597015,0.6119593358626405,0.23941014041478173,-0.09121085717642911,0.004905704717701662,636065,231,21
209.0,209,3892.716832,0.0,0.012797601890816857,0.0,3.5,0.6115030590095534,0.2390295173863537,-0.09115062333946454,0.004934162506204198,626156,231,21
209.0,209,3924.239118,0.0,0.012720969544165258,0.0,3.5111940298507465,0.605881740495084,0.23888566453859547,-0.09091700522344748,0.004875217643644805,642768,231,21
209.0,209,3947.296059,0.0,0.012645249487354751,0.0,3.6417910447761193,0.5874639080707552,0.2395223398425106,-0.09077273645043123,0.005105425596354091,666039,231,21
207.0,209,3968.593534,0.009569377990430622,0.012627049064296028,0.009537784299339692,3.7313432835820897,0.5780760102649466,0.2393623121917651,-0.09077875903199908,0.005189815345796536,686997,231,21
209.0,209,3992.043091,0.0,0.012552772305094287,0.0,3.746268656716418,0.5830061534039586,0.23930454610232293,-0.09069402878723101,0.0051588998147356424,688565,231,21
209.0,209,4015.208555,0.0,0.012479364279918297,0.0,3.7723880597014925,0.5752939592793627,0.23955913186377287,-0.09055363517878393,0.005043350144500481,693102,220,20
209.0,209,4033.153106,0.0,0.0124068098364304,0.0,3.6977611940298507,0.5865347427911496,0.23952905388277046,-0.09092189392445708,0.005295327155451652,679469,220,20
209.0,209,4056.895459,0.0,0.012335094172636004,0.0,3.5223880597014925,0.6040855839901775,0.23941532258064516,-0.09089381720430108,0.004956317204301075,651451,231,21
209.0,209,4084.039309,0.0,0.012264202826816256,0.0,3.667910447761194,0.5838236504572465,0.2394421090726873,-0.09047632304223156,0.005233707302135241,691260,231,21
209.0,209,4105.12309,0.0,0.012194121667805879,0.0,3.7761194029850746,0.576454105196175,0.23927484085247716,-0.09042347079988929,0.0057016329919734295,701590,231,21
207.0,209,4125.09714,0.009569377990430622,0.012179208351457155,0.01444043321299639,3.8208955223880596,0.573896445371747,0.23942537909018355,-0.09034868040839915,0.005201309959545367,700858,231,21
199.0,209,4146.169932,0.04784688995215311,0.012380720676884817,0.06568778979907264,3.7388059701492535,0.5831286423042789,0.2387781913728925,-0.09010291219619006,0.005118239544558791,685135,231,21
203.0,209,4167.322709,0.028708133971291867,0.012472447717864632,0.047692307692307694,3.7686567164179103,0.5878059809427265,0.23805764990881625,-0.09004055635700482,0.004763330520700074,668810,231,21
209.0,209,4189.774504,0.0,0.01240276923899388,0.0,3.6529850746268657,0.5972734692379322,0.2380643065930497,-0.08969362347082387,0.004790516401429036,673490,231,21
202.0,209,4210.223979,0.03349282296650718,0.01251993620414673,0.04253731343283582,3.8582089552238807,0.5751841161779991,0.23781965006729475,-0.08944818304172275,0.004845222072678331,679444,231,21
204.0,209,4232.208411,0.023923444976076555,0.01258293901504137,0.03428571428571429,3.6455223880597014,0.5895079390825565,0.2378058574717567,-0.08949510092627296,0.0050061573057771595,688473,220,20
209.0,209,4253.265368,0.0,0.012513801987486198,0.0,3.6940298507462686,0.5884789208219002,0.2373878550701488,-0.08939648057929345,0.00489843729201608,662561,220,20
209.0,209,4274.147115,0.0,0.01244542055586059,0.0,3.4888059701492535,0.6101804295145691,0.23713332627343006,-0.08959017261463519,0.004844858625436831,658041,231,21
209.0,209,4298.417851,0.0,0.012377782400665695,0.0,3.4925373134328357,0.6032315990733227,0.23751349358889973,-0.0895447723861931,0.0044759221716121214,667304,231,21
209.0,209,4322.280983,0.0,0.012310875468770206,0.0,3.6902985074626864,0.581637014268083,0.237261063105525,-0.08913328096360304,0.004687090861482063,678391,231,21
209.0,209,4339.868618,0.0,0.012244687966249935,0.0,3.8134328358208953,0.56316151320972,0.23703742284955337,-0.08877835360295841,0.004765749108049689,690504,231,21
202.0,209,4358.327241,0.03349282296650718,0.012358314356625643,0.04630969609261939,3.888059701492537,0.5588706147303106,0.23737727001891143,-0.08885780161135721,0.004248594595994922,695990,231,21
194.0,209,4375.623775,0.07177033492822966,0.012674335742644814,0.08291991495393337,3.8582089552238807,0.5611663150985187,0.2372986209563088,-0.08887743265884779,0.00427890192035056,690641,231,21
207.0,209,4392.933193,0.009569377990430622,0.0126579073947495,0.013677811550151976,3.671641791044776,0.5789710873376124,0.23714168504179273,-0.08884159786677606,0.0043331111225065385,671455,231,21
200.0,209,4413.745478,0.0430622009569378,0.012817929992445227,0.045554739162380606,3.5634328358208953,0.5908286448616163,0.23746237436865467,-0.08892403448803632,0.004336513443191674,684525,231,21
208.0,209,4431.601449,0.004784688995215311,0.01277587113905659,0.008106116433308769,3.514925373134328,0.6026043561979982,0.23712255772646537,-0.08934280639431616,0.004491245876681045,642959,220,20
209.0,209,4456.443442,0.0,0.01270933014354067,0.0,3.7276119402985075,0.5872088367616927,0.23695701557333604,-0.08927534768671597,0.004593755521340771,656882,220,20
205.0,209,4477.136899,0.019138755980861243,0.012742643230780672,0.03150787696924231,3.7723880597014925,0.5837384745896562,0.23736942547207715,-0.08939333065488148,0.004168340699075934,668132,231,21
205.0,209,4499.453936,0.019138755980861243,0.012775612884131603,0.030557677616501147,3.753731343283582,0.5866531743356934,0.23745284668615255,-0.08931025006870019,0.004122011541632316,662281,231,21
208.0,209,4523.186368,0.004784688995215311,0.012734633787265366,0.00529500756429652,3.720149253731343,0.5924811804697175,0.2372691801078609,-0.08951959639138107,0.0038770286055123393,648070,231,21
209.0,209,4544.45331,0.0,0.012669661165901767,0.0,3.708955223880597,0.585548080918827,0.23784799485734065,-0.0894773277950848,0.003980616130148841,669581,231,21
205.0,209,4564.769941,0.019138755980861243,0.012702499210647755,0.031857031857031856,3.783582089552239,0.5785247641860701,0.23805072445942288,-0.08954269267668692,0.004157339302846178,680860,231,21
205.0,209,4584.483932,0.019138755980861243,0.012735005557972065,0.014136904761904762,3.8208955223880596,0.5794766034616816,0.23793322890150773,-0.08955844918738985,0.004332289015077345,681198,231,21
206.0,209,4602.940181,0.014354066985645933,0.012743141545045803,0.01902587519025875,3.716417910447761,0.5844474901516906,0.237981588816911,-0.08947445326579319,0.0040670206029905995,673934,231,21
209.0,209,4626.038975,0.0,0.012679425837320573,0.0,3.712686567164179,0.588811254974734,0.2376002519929248,-0.08936056795328438,0.004143345206076906,655344,231,21
209.0,209,4647.438686,0.0,0.012616344116736889,0.0,3.888059701492537,0.5734877552763947,0.23748794599807135,-0.0894165863066538,0.004146576663452266,655408,220,20
209.0,209,4671.010227,0.0,0.012553886967644133,0.0,3.832089552238806,0.5783849019066795,0.23725683033893832,-0.08901628727002327,0.004077814291539735,654342,220,20
209.0,209,4694.487219,0.0,0.012492045159921748,0.0,3.8917910447761193,0.5729624678803719,0.23724282781994369,-0.08890639171320827,0.004105207885817939,663491,231,21
209.0,209,4715.83363,0.0,0.012430809644431936,0.0,3.7388059701492535,0.5862318721285004,0.2369677250813404,-0.08875008905882632,0.0037285961954069396,658729,231,21
209.0,209,4737.947625,0.0,0.012370171548605438,0.0,3.6977611940298507,0.5877581528954625,0.23704981567255884,-0.08859533037149069,0.0038519708857169864,658164,231,21
209.0,209,4760.521566,0.0,0.012310122172155897,0.0,3.9477611940298507,0.5627128131426036,0.23710758377425045,-0.0884891240446796,0.004044679600235156,678830,231,21
209.0,209,4780.558409,0.0,0.01225065298291843,0.0,3.9813432835820897,0.5536680219244677,0.23669677540131978,-0.08836055599756634,0.004212102775307718,690275,231,21
200.0,209,4799.900922,0.0430622009569378,0.012398785425101215,0.05195729537366548,3.8022388059701493,0.5731845584735433,0.23675874598220525,-0.08846135929566311,0.004099315228024409,684876,231,21
203.0,209,4818.576691,0.028708133971291867,0.012476820585609304,0.040758959943780745,3.638059701492537,0.5893953349042782,0.23666458029070173,-0.08820733940700559,0.004056842154067274,670942,231,21
209.0,209,4836.645659,0.0,0.01241740715424926,0.0,3.611940298507463,0.5905096435573493,0.2365616204494071,-0.08798966455959027,0.004129562127993356,668082,231,21
209.0,209,4855.818244,0.0,0.01235855688337604,0.0,3.6529850746268657,0.5881620262863607,0.23623005395476984,-0.08768224084490873,0.003971989438640799,685046,220,20
209.0,209,4871.507691,0.0,0.012300261803737474,0.0,3.8022388059701493,0.570553391292998,0.236358650945983,-0.08735490357371356,0.004021570240380221,701855,220,20
200.0,209,4891.708445,0.0430622009569378,0.012444684053283016,0.05514705882352941,3.783582089552239,0.5781883573114642,0.2359202984259849,-0.08736693658447821,0.004094258939132017,680632,231,21
209.0,209,4910.272424,0.0,0.012386531324062066,0.0,3.6641791044776117,0.5875058861855706,0.23589070246530686,-0.08736105765965635,0.003939057795485931,680448,231,21
209.0,209,4931.354643,0.0,0.012328919550461778,0.0,3.5186567164179103,0.6089687699073074,0.23545581542066604,-0.0873101707899599,0.0037627867153350457,659817,231,21
209.0,209,4953.229984,0.0,0.01227184121920964,0.0,3.466417910447761,0.6123000782275732,0.23547352604785718,-0.0874391693391043,0.003745150366665919,655992,231,21
208.0,209,4974.273412,0.004784688995215311,0.012237338213569114,0.002150537634408602,3.8582089552238807,0.5714668269275869,0.23522846492109198,-0.08745730931494007,0.0044197415120873235,670823,231,21
207.0,209,4992.825531,0.009569377990430622,0.012225099863921689,0.014958863126402393,3.8208955223880596,0.5806610694854906,0.23467982046838198,-0.08743278673954584,0.004377194151890859,652220,231,21
209.0,209,5019.636016,0.0,0.012169277490113827,0.0,3.716417910447761,0.5847535609143154,0.2348778060378193,-0.08722768992590954,0.004003096317593719,641775,231,21
209.0,209,5044.912805,0.0,0.012113962592431492,0.0,3.5708955223880596,0.6007807730311492,0.2341273335681578,-0.08678231771750616,0.0037865445579429377,611952,231,21
209.0,209,5075.482132,0.0,0.012059148282058499,0.0,3.7276119402985075,0.5840756907849198,0.2338658427015537,-0.08666973462187452,0.004032169701750926,626601,220,20
209.0,209,5096.286068,0.0,0.012004827794301478,0.0,3.6455223880597014,0.5901416795979375,0.2333449674970551,-0.08657999214693948,0.003904716199118712,622359,220,20
209.0,209,5126.017917,0.0,0.011950994485806853,0.0,3.548507462686567,0.6001998724297416,0.23317626110182188,-0.08646934919980022,0.00382184968838896,612956,231,21
209.0,209,5149.923567,0.0,0.011897641831852358,0.0,3.8544776119402986,0.571518553435118,0.23320363164721142,-0.08607868568958063,0.003761348897535668,637699,231,21
209.0,209,5170.345704,0.0,0.011844763423710792,0.0,4.022388059701493,0.5549921429127779,0.23333835460199273,-0.08607889130388001,0.0038305106630226603,652250,231,21
209.0,209,5187.763643,0.0,0.011792352966083754,0.0,3.7574626865671643,0.5775776474327237,0.23297913363897338,-0.08586486139080508,0.0039204764557178974,647313,231,21
207.0,209,5204.961964,0.009569377990430622,0.011782560124781316,0.014534883720930232,3.8544776119402986,0.5656712439136001,0.23288898368348085,-0.08578436600191959,0.0038391809747253917,667295,231,21
198.0,209,5222.794673,0.05263157894736842,0.011961722488038277,0.07516105941302792,3.83955223880597,0.5649644052095636,0.23314147356795448,-0.08586963447528832,0.003483210500605314,687933,231,21
207.0,209,5242.062615,0.009569377990430622,0.011951275568834751,0.013908205841446454,3.9365671641791047,0.549733767782438,0.23341086910551914,-0.08568407697187566,0.003341086910551914,702923,231,21
208.0,209,5261.006906,0.004784688995215311,0.011920116496775535,0.008553100498930863,3.671641791044776,0.5778474569833673,0.23329403343298666,-0.08587730009684619,0.003452776959029854,674144,231,21
209.0,209,5280.842686,0.0,0.011868514260858758,0.0,3.6529850746268657,0.5777442766233428,0.23308948372356258,-0.08581549877376486,0.0035424570817699707,669272,220,20
209.0,209,5303.597295,0.0,0.011817356871803332,0.0,3.91044776119403,0.549234294895731,0.2332206361131981,-0.08575423658068286,0.003652224726604892,695012,220,20
209.0,209,5321.811197,0.0,0.011766638601967267,0.0,3.701492537313433,0.5751840062329546,0.23337142857142856,-0.0859012987012987,0.003553246753246753,683010,231,21
209.0,209,5340.301902,0.0,0.01171635382161698,0.0,3.7611940298507465,0.5762674847564642,0.2331071295568337,-0.08581950593784914,0.0037654653039268424,678521,231,21
209.0,209,5361.058807,0.0,0.011666496996844142,0.0,3.6828358208955225,0.5857724245575409,0.23261850318274518,-0.08588261953319737,0.003666852069299384,645847,231,21
209.0,209,5382.502686,0.0,0.011617062687535479,0.0,3.5858208955223883,0.5912524661996612,0.2326673777486052,-0.08584263209714474,0.00350754840827043,664976,231,21
209.0,209,5404.362358,0.0,0.011568045545393979,0.0,3.8134328358208953,0.5722240146478514,0.23242989318028634,-0.08576213721124977,0.003696819917893834,679189,231,21
209.0,209,5429.518507,0.0,0.011519440312009972,0.0,3.6156716417910446,0.5944565053009822,0.23237746593451292,-0.0857433394346146,0.0035387431360585724,657789,231,21
209.0,209,5448.056683,0.0,0.011471241816980641,0.0,3.8134328358208953,0.5668431435235215,0.23250774620790216,-0.0856234431640981,0.003665525830818769,689731,231,21
203.0,209,5466.071764,0.028708133971291867,0.011543062200956938,0.043812451960030745,3.7313432835820897,0.580899464427979,0.23264491145980395,-0.08563591625993304,0.003569843894961881,684173,231,21
209.0,209,5486.364529,0.0,0.011495165677301515,0.0,3.7388059701492535,0.581389190590356,0.2324717318390874,-0.08587897411178727,0.0036552790664979616,671374,220,20
208.0,209,5505.67185,0.004784688995215311,0.011467436434813556,0.00819672131147541,3.8134328358208953,0.5766275715341639,0.23252465049300985,-0.08576171523430469,0.0038200764015280304,685817,220,20
209.0,209,5525.75977,0.0,0.011420245338373993,0.0,3.6305970149253732,0.5910870003139793,0.2323534098151689,-0.08564372211599745,0.003405831739961759,662053,231,21
209.0,209,5546.414047,0.0,0.01137344105420033,0.0,3.548507462686567,0.6000835444618338,0.23228276176686435,-0.0855068726818335,0.0033520439534284073,646514,231,21
209.0,209,5566.99798,0.0,0.011327018845815839,0.0,3.425373134328358,0.6120075205803407,0.23213368624817288,-0.08564769090980918,0.0033382056650732824,628093,231,21
209.0,209,5588.404903,0.0,0.011280974053759676,0.0,3.514925373134328,0.6040698913105925,0.23220222287793843,-0.08576767974820498,0.0035015245401790107,625879,231,21
209.0,209,5611.510255,0.0,0.011235302094027856,0.0,3.6156716417910446,0.5913849882205924,0.2323681529660685,-0.08590627693754407,0.0034675965833398637,633411,231,21
209.0,209,5630.695722,0.0,0.011189998456551936,0.0,3.6194029850746268,0.5904666220914369,0.2326302850564845,-0.08577058903869042,0.0031607905878680274,661043,231,21
209.0,209,5648.719342,0.0,0.01114505870371438,0.0,3.6902985074626864,0.5803211874046732,0.23257937895923206,-0.08577202596090319,0.0032645447126034744,678288,231,21
205.0,209,5665.755797,0.019138755980861243,0.011177033492822966,0.025510204081632654,3.8208955223880596,0.5724627132388582,0.23264366036348152,-0.08601234830743028,0.0034257843497783884,660008,231,21
203.0,209,5684.268768,0.028708133971291867,0.011246878514649537,0.03865791393143691,3.8544776119402986,0.5688667409107236,0.23271640640061692,-0.08613842298052825,0.0035666088297667247,666677,220,20
203.0,209,5702.502024,0.028708133971291867,0.011316169210906052,0.04512893982808023,3.6828358208955225,0.5845969507740151,0.23286540049545829,-0.08624431087127686,0.00341827818639218,653219,220,20
194.0,209,5724.894785,0.07177033492822966,0.011555118482516029,0.08737201365187713,3.7313432835820897,0.5788599348543796,0.23314902328429027,-0.08619205234660493,0.003233397746187843,674649,231,21
207.0,209,5743.957936,0.009569377990430622,0.011547300606562935,0.011291460832745237,3.6902985074626864,0.5810809458274344,0.23329648969013225,-0.08646186682928689,0.003430270229065823,675774,231,21
203.0,209,5765.451713,0.028708133971291867,0.01161459799230697,0.04548789435069699,3.6865671641791047,0.5728433677471152,0.2334984908024375,-0.08641342521404029,0.0035499364048825863,711660,231,21
202.0,209,5790.353632,0.03349282296650718,0.01170005980861244,0.03880597014925373,3.667910447761194,0.5794244290812294,0.23372227160120274,-0.08657501087388188,0.0032716201138448153,714049,231,21
207.0,209,5809.488827,0.009569377990430622,0.011691769217880215,0.015789473684210527,3.7761194029850746,0.5727075641266512,0.23379045322683947,-0.08680254681083525,0.0032588629770560974,693213,231,21
208.0,209,5828.586966,0.004784688995215311,0.011664997589110196,0.0072306579898770785,3.7574626865671643,0.5705368389731645,0.23372237024805795,-0.08698915450144482,0.0033587270612076407,689887,231,21
207.0,209,5848.940997,0.009569377990430622,0.011656906393748499,0.014503263234227702,3.6343283582089554,0.5861754013138879,0.2335283452645745,-0.08715724939720752,0.003570026728472365,670694,231,21
209.0,209,5869.375515,0.0,0.011612072138387927,0.0,3.503731343283582,0.598478446252661,0.23368087879352076,-0.08719046732452057,0.0033885682368274064,661829,231,21
209.0,209,5887.439835,0.0,0.011567581440539699,0.0,3.6343283582089554,0.5867158989734017,0.23360967376991412,-0.0871306960440661,0.0032085164784213358,674926,220,20
209.0,209,5906.437575,0.0,0.011523430366339165,0.0,3.5671641791044775,0.5952378846607242,0.23396393733372747,-0.08731155778894473,0.0032146024238841266,677080,220,20
209.0,209,5928.657435,0.0,0.011479615041752324,0.0,3.701492537313433,0.5841292818012724,0.23400261332057345,-0.08739900988276865,0.00316543055376631,682031,231,21
209.0,209,5947.276949,0.0,0.011436131651442655,0.0,3.8917910447761193,0.5729817896531143,0.23394932717339492,-0.08768745645876874,0.0031899681003189967,672323,231,21
207.0,209,5967.988258,0.009569377990430622,0.011429087298004875,0.015873015873015872,3.9141791044776117,0.5682299240911005,0.23406936606213358,-0.08784906763099738,0.0031413803809836904,668927,231,21
205.0,209,5987.222215,0.019138755980861243,0.011458071014857718,0.01796821008984105,3.83955223880597,0.572887355033829,0.23437898031223844,-0.08797627279013065,0.0031842497907492995,682138,231,21
206.0,209,6006.765526,0.014354066985645933,0.011468917441714603,0.023190442726633873,3.701492537313433,0.5853882469414453,0.23450076136610834,-0.08810093539264738,0.003154231020230585,667928,231,21
207.0,209,6027.021315,0.009569377990430622,0.011461829607941156,0.01327088212334114,3.798507462686567,0.5796134531445798,0.23456321901356306,-0.08816889707608676,0.0033952791172274293,673100,231,21
209.0,209,6044.720108,0.0,0.011419220575941373,0.0,3.787313432835821,0.5861102446120907,0.23458078445483987,-0.08832313781935948,0.0032565671104713926,650988,231,21
209.0,209,6067.494633,0.0,0.01137692716640085,0.0,3.8917910447761193,0.576410467921808,0.2345623689257739,-0.0882969761064009,0.003405689293588342,655038,231,21
209.0,209,6087.665346,0.0,0.011334945885344021,0.0,3.787313432835821,0.5808662716495583,0.2344905175184828,-0.08825315189828208,0.0034286938819243543,638800,220,20
209.0,209,6108.793748,0.0,0.011293273290177316,0.0,4.037313432835821,0.5561281338777668,0.2344014090771612,-0.08810290533207607,0.0036116497945095807,657971,220,20
207.0,209,6129.906795,0.009569377990430622,0.011286958655379709,0.017167381974248927,4.048507462686567,0.5595636156493154,0.23456943311943843,-0.08822278157904066,0.003775658524479739,660249,231,21
205.0,209,6150.292906,0.019138755980861243,0.011315614849998254,0.023792862141357594,3.996268656716418,0.5597282187334877,0.23481516805312705,-0.08830957805683605,0.003814973772055317,683059,231,21
207.0,209,6169.814538,0.009569377990430622,0.011309264897781644,0.013284132841328414,3.955223880597015,0.5655534910755716,0.23485728363777145,-0.08842783233027135,0.0038714672861014324,683936,231,21
208.0,209,6189.583364,0.004784688995215311,0.011285625130018722,0.0023961661341853034,3.91044776119403,0.5691366368903038,0.2348599081249781,-0.08843847529543782,0.003699547638250868,676714,231,21
209.0,209,6208.192443,0.0,0.011244882801029485,0.0,3.9365671641791047,0.5629378207972375,0.2348234718655556,-0.0882203937599357,0.003720978984329962,696519,231,21
201.0,209,6226.272905,0.03827751196172249,0.011342122474269389,0.0549777117384844,3.970149253731343,0.5614613149804252,0.23475036557342804,-0.08810319615625653,0.003168303042963582,696086,231,21
209.0,209,6247.624396,0.0,0.011301469705544409,0.0,3.753731343283582,0.5834103758645873,0.2348186564445909,-0.08825212911730526,0.002931330546545713,680848,231,21
206.0,209,6268.952547,0.014354066985645933,0.011312371838687628,0.020773638968481375,3.8656716417910446,0.5705503629032285,0.23470851552913116,-0.08802433502134499,0.0031110112514906928,688226,231,21
203.0,209,6288.999412,0.028708133971291867,0.01137427846549405,0.04714828897338403,3.779850746268657,0.57419751383462,0.23452516275705282,-0.08792325445213738,0.003203472150459853,687724,220,20
199.0,209,6309.342215,0.04784688995215311,0.01150361396721979,0.06516679596586501,3.720149253731343,0.583871095809635,0.2344621616518769,-0.08800054925250167,0.0029179039151404885,676911,220,20
204.0,209,6326.566773,0.023923444976076555,0.011547500295872995,0.028337061894108874,3.7313432835820897,0.5797927258030721,0.23477294107585736,-0.08808688959206362,0.0027024715641836995,684632,231,21
209.0,209,6345.047627,0.0,0.011506840083563582,0.0,3.75,0.5811260487203447,0.23468657326925044,-0.08804581245526127,0.0026076285918805605,678278,231,21
203.0,209,6366.72093,0.028708133971291867,0.011567195500713506,0.045746962115797,3.8694029850746268,0.5714448081728534,0.23462472612395333,-0.08811590264449615,0.0028024525706133127,681679,231,21
207.0,209,6388.922525,0.009569377990430622,0.011560210124803426,0.013793103448275862,3.8805970149253732,0.5614706990548493,0.2347843747884368,-0.08811184076907454,0.002911109606661702,689434,231,21
203.0,209,6407.579981,0.028708133971291867,0.01161995898838004,0.03545051698670606,3.8358208955223883,0.5671840223733948,0.23509369676320271,-0.08808001754178825,0.0028674076947728844,688029,231,21
207.0,209,6426.742782,0.009569377990430622,0.011612838915470495,0.010424422933730455,3.8358208955223883,0.566182280086007,0.23494806198944432,-0.08805930009748882,0.0027397720778565907,669349,231,21
205.0,209,6446.594044,0.019138755980861243,0.011638880150990877,0.02483564645726808,3.787313432835821,0.5729739971960681,0.23506256386204125,-0.08785741804720347,0.0026131090973048124,671291,231,21
207.0,209,6462.033789,0.009569377990430622,0.011631743936644118,0.014214641080312722,3.8171641791044775,0.5618588732252797,0.23481788134744433,-0.08743698460922111,0.002654158181150469,673333,231,21
204.0,209,6477.476593,0.023923444976076555,0.011673983459116395,0.02937062937062937,3.9029850746268657,0.5577553371172647,0.23490267842289136,-0.08747296622858093,0.0026285143902844785,662698,220,20
204.0,209,6494.465353,0.023923444976076555,0.011715933669790915,0.03393351800554017,3.8694029850746268,0.5574984407688447,0.2349869018801605,-0.08730974566435654,0.0026362038664323375,685067,220,20
204.0,209,6511.991125,0.023923444976076555,0.011757597530904518,0.035486160397444996,3.787313432835821,0.5670930253741555,0.23515317756700485,-0.08727981757493639,0.002693413529858885,685789,231,21
199.0,209,6531.411949,0.04784688995215311,0.011880350226214888,0.06734992679355783,3.764925373134328,0.5694583875416024,0.23510713638684388,-0.08702669762998831,0.0026516461617010064,691680,231,21
200.0,209,6548.468565,0.0430622009569378,0.011986051415132593,0.052521008403361345,3.8022388059701493,0.5728872366644086,0.23490979529523778,-0.08720061723328464,0.0025280299423806165,664853,231,21
209.0,209,6565.725552,0.0,0.011945557998189577,0.0,3.7723880597014925,0.5737412663790047,0.23490822236037037,-0.08709877957006838,0.0026339037398161176,663757,231,21
209.0,209,6583.933861,0.0,0.011905337264188938,0.0,3.66044776119403,0.5893222882343494,0.23497187576424552,-0.08727480231515448,0.0026412325752017607,655456,231,21
209.0,209,6605.777085,0.0,0.011865386468000385,0.0,3.6082089552238807,0.5983871464261092,0.23495385415312622,-0.08738463538281555,0.0026647601715845573,648139,231,21
207.0,209,6627.993367,0.009569377990430622,0.011857707509881422,0.014022140221402213,3.6529850746268657,0.5911760926172285,0.23494356366698516,-0.0872374536444754,0.002801574063577918,662943,231,21
205.0,209,6647.7787,0.019138755980861243,0.011881977671451356,0.02279874213836478,3.529850746268657,0.6044421944449603,0.2346503970559752,-0.08732003357221253,0.0028730066498805604,644534,231,21
209.0,209,6667.62096,0.0,0.011842502662576101,0.0,3.611940298507463,0.5930890641914086,0.23439234295825626,-0.08736427250060323,0.0030242097643368455,660413,220,20
209.0,209,6689.978561,0.0,0.011803289077600684,0.0,3.6044776119402986,0.5949845231266816,0.2343444383877898,-0.08747234424599994,0.003142334947253663,652456,220,20
209.0,209,6710.816377,0.0,0.01176433432816966,0.0,3.582089552238806,0.5950918174556117,0.23434479011872233,-0.08751577904542768,0.0030839045747247653,649194,231,21
209.0,209,6730.848436,0.0,0.01172563585998489,0.0,3.8059701492537314,0.5755782106355589,0.23418588355204484,-0.08736781755637661,0.0027232768505542106,657626,231,21
209.0,209,6754.18601,0.0,0.011687191152247235,0.0,3.6417910447761193,0.5918918404219479,0.2337264487865272,-0.0870779828891605,0.002698369867144966,641916,231,21
207.0,209,6777.09356,0.009569377990430622,0.011680270194202083,0.01156515034695451,3.712686567164179,0.5865231337784208,0.23349892418681178,-0.08661878243260347,0.002705353752689533,658042,231,21
208.0,209,6800.749043,0.004784688995215311,0.011657809017658153,0.0062402496099844,3.7611940298507465,0.5869523410529167,0.23319036205374039,-0.08661851898574492,0.0028068626214204618,647027,231,21
207.0,209,6819.253691,0.009569377990430622,0.01165102839743988,0.016288951841359773,3.701492537313433,0.5877072008244199,0.23307608883579836,-0.08643100765446458,0.0028920358989673544,656839,231,21
206.0,209,6840.42614,0.014354066985645933,0.01165977609513634,0.014295925661186561,3.843283582089552,0.5762025899020637,0.2330288740227796,-0.08651240031960394,0.0030080370991242226,663866,231,21
201.0,209,6860.652004,0.03827751196172249,0.011745639759222102,0.052670623145400594,3.8507462686567164,0.5749647704435725,0.23307824457285647,-0.08658441355614556,0.0030610651257223175,677024,231,21
202.0,209,6884.616942,0.03349282296650718,0.011815566393329128,0.05289492494639028,3.8097014925373136,0.5727914603188976,0.23320151949184206,-0.08657678415742932,0.002817910075974592,689426,220,20
209.0,209,6905.313632,0.0,0.011777695988222304,0.0,3.8097014925373136,0.5715940416591544,0.23329867630856133,-0.08660635309818283,0.002762216601232135,672872,220,20
209.0,209,6929.718626,0.0,0.011740067566534692,0.0,3.8694029850746268,0.56893250931991,0.2331477184841454,-0.08668213457076566,0.0029234338747099768,671181,231,21
209.0,209,6948.210557,0.0,0.011702678816322799,0.0,3.8656716417910446,0.5729486077774514,0.23301315160579103,-0.08668033734716847,0.002898595414668743,667201,231,21
209.0,209,6968.228328,0.0,0.01166552745500114,0.0,3.7611940298507465,0.5726237462551085,0.23317145140468434,-0.08655560336878343,0.002889285055634106,702784,231,21
209.0,209,6984.962792,0.0,0.011628611228877718,0.0,3.708955223880597,0.5783932660282474,0.2332215022136434,-0.08653890344225378,0.0028187569894449808,691747,231,21
209.0,209,7003.32788,0.0,0.011591927912698292,0.0,3.7611940298507465,0.571332537949647,0.23336285618300096,-0.08650703967260177,0.003023547017683169,710179,231,21
209.0,209,7021.092304,0.0,0.011555475309199242,0.0,3.6940298507462686,0.5804060166154428,0.23348808889565417,-0.08662759722962174,0.0028921531318974046,695456,231,21
204.0,209,7041.579376,0.023923444976076555,0.01159424637398569,0.028861154446177848,3.7276119402985075,0.5741034923697487,0.23356955340748722,-0.08666292356484924,0.0028983747856568386,698851,231,21
206.0,209,7058.648501,0.014354066985645933,0.011602870813397129,0.019561815336463225,3.6343283582089554,0.5802054033883726,0.23364344603282655,-0.08674079116556993,0.0029044701611073294,719133,231,21
209.0,209,7077.172519,0.0,0.011566724798402123,0.0,3.6305970149253732,0.5810021753019596,0.2336007479566909,-0.08685948668456132,0.002834997134843321,696670,220,20
209.0,209,7099.865906,0.0,0.011530803292817023,0.0,3.3843283582089554,0.6051429781732011,0.23361844775491183,-0.08682711242728079,0.0027809930400012027,689289,220,20
209.0,209,7126.98489,0.0,0.011495104211415112,0.0,3.6194029850746268,0.5873601212442128,0.23348618354013068,-0.08695977941617215,0.0029521069352035005,669673,231,21
209.0,209,7145.673766,0.0,0.011459625494713214,0.0,3.6977611940298507,0.5808282832769253,0.2332501755277035,-0.08697210976830343,0.0030026441194484694,675215,231,21
209.0,209,7166.037552,0.0,0.011424365108575635,0.0,3.8059701492537314,0.5660735630128703,0.23316455696202532,-0.08673119880863737,0.0031124348473566643,691354,231,21
209.0,209,7185.566519,0.0,0.011389321043825403,0.0,3.701492537313433,0.5758014840264106,0.23325761962024377,-0.08653632031354384,0.003177006784542526,693176,231,21
209.0,209,7203.689343,0.0,0.011354491315862634,0.0,3.7388059701492535,0.5797357776156178,0.23318730760123135,-0.08637224721761781,0.0031523798247691213,692088,231,21
209.0,209,7225.350237,0.0,0.011319873964289882,0.0,3.671641791044776,0.5841314942274095,0.233087920681057,-0.08622394027472446,0.002818065125337504,712342,231,21
207.0,209,7242.739349,0.009569377990430622,0.011314553307834383,0.014450867052023121,3.6902985074626864,0.5789518007955413,0.23302541774535185,-0.08613791480348318,0.0028536126147328785,705086,231,21
204.0,209,7260.003864,0.023923444976076555,0.01135276207046542,0.02588235294117647,3.6828358208955225,0.5829880632415969,0.2330175397430633,-0.08608552824543908,0.0029037367278700065,692344,231,21
202.0,209,7277.240374,0.03349282296650718,0.011419650471964036,0.0475095785440613,3.7388059701492535,0.5759498082769229,0.23298727884193596,-0.08597748208802457,0.002748939903494663,696117,220,20
205.0,209,7295.18436,0.019138755980861243,0.011442900789761918,0.026397515527950312,3.705223880597015,0.5896330905555219,0.23277206793498068,-0.08617246154967563,0.0026824112544646113,660450,220,20
208.0,209,7316.522256,0.004784688995215311,0.011422906159748265,0.008333333333333333,3.6455223880597014,0.591986747555809,0.23294042410941385,-0.08623170501286281,0.002630699242765577,664059,231,21
204.0,209,7335.128832,0.023923444976076555,0.011460332922671403,0.029931972789115645,3.623134328358209,0.5927831783728008,0.23313576883504572,-0.08632457576767574,0.0023910617763415304,658651,231,21
205.0,209,7361.652117,0.019138755980861243,0.011483253588516746,0.02126044039483675,3.6977611940298507,0.5900885416097669,0.23322545223371668,-0.08647344391146045,0.0024562214644859273,648555,231,21
209.0,209,7385.254976,0.0,0.011449077238550922,0.0,3.6529850746268657,0.5916035289483497,0.23317151870471473,-0.08644358335374022,0.002232753777675343,660024,231,21
209.0,209,7407.631427,0.0,0.011415103715587864,0.0,3.671641791044776,0.5926024631688425,0.23334769495906937,-0.08658624156254488,0.0022834984920292976,651995,231,21
209.0,209,7430.830142,0.0,0.0113813312193879,0.0,3.7313432835820897,0.5880503753390794,0.23335099299818154,-0.08652758487378112,0.0023482581365712567,662573,231,21
209.0,209,7453.822596,0.0,0.011347757970953127,0.0,3.701492537313433,0.5888091470453511,0.2335398583828232,-0.08674052078574691,0.0023555276381909546,663828,231,21
205.0,209,7473.20234,0.019138755980861243,0.011370672670982268,0.02207505518763797,3.656716417910448,0.5940246746530163,0.23361279945340413,-0.08677209514184447,0.0025194653609098543,670404,231,21
207.0,209,7497.257988,0.009569377990430622,0.011365390281889742,0.017011834319526627,3.6082089552238807,0.5967351671992214,0.23357933579335793,-0.08684359920522282,0.002355946636389441,662538,220,20
206.0,209,7519.986597,0.014354066985645933,0.011374129102660958,0.022545454545454546,3.7574626865671643,0.5767823407895767,0.2337757903376447,-0.08674610137831489,0.0023207766111001046,694046,220,20
199.0,209,7540.832639,0.04784688995215311,0.011480463682397087,0.061224489795918366,3.675373134328358,0.5860883873121603,0.2336696535666408,-0.08677062019332533,0.002201368799830664,684321,231,21
200.0,209,7560.044498,0.0430622009569378,0.011572271058195171,0.06896551724137931,3.638059701492537,0.5866363799559575,0.23365932596918315,-0.08673749384366425,0.002279603180187153,699112,231,21
204.0,209,7578.38252,0.023923444976076555,0.011608071562304973,0.03924418604651163,3.6902985074626864,0.5894586583022087,0.23366400538803686,-0.08681193786919979,0.0023853288245941433,681821,231,21
205.0,209,7597.956336,0.019138755980861243,0.011629836546173632,0.026234567901234566,3.7611940298507465,0.5851345498707339,0.23353946889778102,-0.08698267901614573,0.00243445168872597,670021,231,21
200.0,209,7616.2005,0.0430622009569378,0.011720419728913587,0.056018168054504165,3.779850746268657,0.5830966568537517,0.2336412088065407,-0.08707481094957725,0.002455562686608812,663466,231,21
199.0,209,7638.974088,0.04784688995215311,0.011824231424957378,0.06273909716908951,3.8582089552238807,0.5833754207053425,0.23368998093860002,-0.0873206906626967,0.0024765906529572996,647254,231,21
207.0,209,7662.963261,0.009569377990430622,0.011817770526864177,0.016299918500407497,3.6417910447761193,0.60403295468803,0.23353218645948945,-0.08738901220865705,0.002400110987791343,639665,231,21
209.0,209,7685.478264,0.0,0.011784005468215994,0.0,3.6940298507462686,0.6029392975859115,0.23342417241904023,-0.0876066898144946,0.0024485053050948276,621319,231,21
209.0,209,7715.297457,0.0,0.011750432803064382,0.0,3.798507462686567,0.592009939679648,0.2334685094761235,-0.08767138403818037,0.0024138596926811776,632684,220,20
208.0,209,7741.484246,0.004784688995215311,0.01173064375815572,0.006493506493506494,3.8358208955223883,0.5783550950054425,0.23352955739553818,-0.08744807856297968,0.002406954034054961,660351,220,20
203.0,209,7763.990804,0.028708133971291867,0.011778738631280752,0.04148148148148148,3.8208955223880596,0.5804988421673589,0.23331824603272572,-0.08724574469544226,0.0023591051859166907,658641,231,21
203.0,209,7792.152523,0.028708133971291867,0.011826561781958749,0.04582409460458241,3.7686567164179103,0.5844133868397512,0.23317649633439108,-0.08704453441295547,0.0022704891125943758,679347,231,21
203.0,209,7812.059628,0.028708133971291867,0.011874115506435743,0.037037037037037035,3.7686567164179103,0.5849823843096623,0.23311737025165383,-0.08681715883516333,0.0022232830935006477,678019,231,21
208.0,209,7835.435507,0.004784688995215311,0.011854201387022202,0.002271006813020439,3.791044776119403,0.5854810496253122,0.23285230472097168,-0.08688437631761489,0.002366606368075296,663496,231,21
209.0,209,7856.288662,0.0,0.011820996341120181,0.0,3.83955223880597,0.5737334588250285,0.23288395811859167,-0.08680084630825151,0.002183583789941952,677453,231,21
209.0,209,7874.649428,0.0,0.01178797679826789,0.0,3.7723880597014925,0.5847109452405358,0.23282076249983094,-0.08675836139624836,0.0020962659417643795,676074,231,21
209.0,209,7895.009025,0.0,0.01175514120830057,0.0,3.7686567164179103,0.5818440668438937,0.2328658125421443,-0.08664868509777478,0.002117329737019555,691359,231,21
208.0,209,7916.945807,0.004784688995215311,0.011735778841041999,0.00870253164556962,3.6044776119402986,0.5999274696564955,0.23272546329917426,-0.08658113451141773,0.002165200785389602,685079,231,21
207.0,209,7939.238861,0.009569377990430622,0.011729777730652494,0.01171875,3.764925373134328,0.5866065062293317,0.2325621940588748,-0.08666264333132166,0.002212834439750553,685921,220,20
200.0,209,7959.906636,0.0430622009569378,0.011816331385973725,0.060790273556231005,3.873134328358209,0.5811556765303555,0.23262221627767005,-0.08673844713435432,0.0022069150003343812,682603,220,20
203.0,209,7978.221663,0.028708133971291867,0.011862865277393332,0.03851851851851852,3.8656716417910446,0.5805457924842573,0.23261925088037563,-0.08670366022836411,0.0021342439440828085,677809,231,21
206.0,209,7994.645181,0.014354066985645933,0.01186970923813029,0.0182328190743338,3.91044776119403,0.5711188765840101,0.23266022827041263,-0.08649267033814882,0.0021949078138718174,708335,231,21
205.0,209,8013.324456,0.019138755980861243,0.011889624434685718,0.028846153846153848,3.9477611940298507,0.5687135763757917,0.23261120471218774,-0.08635030976797252,0.002242003741095,712026,231,21
209.0,209,8033.316743,0.0,0.011857139122022643,0.0,3.7611940298507465,0.5918105987079693,0.2325898290733979,-0.08645552204053554,0.0022887230777372067,700631,231,21
209.0,209,8052.340833,0.0,0.011824830841036204,0.0,3.917910447761194,0.5716840003491598,0.23252899191260867,-0.08621713260419278,0.00229560536696703,714093,231,21
209.0,209,8071.122589,0.0,0.01179269814853339,0.0,3.83955223880597,0.5735194123439081,0.23253427360997816,-0.08629581875115122,0.00223666552640581,701156,231,21
209.0,209,8095.013138,0.0,0.011760739616965547,0.0,3.753731343283582,0.5793178488901976,0.23235583546545954,-0.08622974480089221,0.0022961359312471297,688242,231,21
209.0,209,8119.194616,0.0,0.011728953834216993,0.0,3.791044776119403,0.5780854984639956,0.23213911860148645,-0.08629488118915524,0.002224432115565791,676009,231,21
209.0,209,8141.714037,0.0,0.011697339403397001,0.0,3.779850746268657,0.5744057326230148,0.23198882987746794,-0.08626831782652382,0.0023227591246590892,678479,220,20
209.0,209,8164.008258,0.0,0.01166589494263518,0.0,3.8544776119402986,0.5583344677858576,0.23216470159548164,-0.08618984409567684,0.0024986335597719997,722923,220,20
206.0,209,8179.164532,0.014354066985645933,0.01167310183819285,0.016818500350385426,4.003731343283582,0.5435426548352636,0.23217993977780085,-0.08624493822033018,0.0024270584570657253,732202,231,21
205.0,209,8196.329084,0.019138755980861243,0.011693063480285546,0.02359208523592085,3.906716417910448,0.556365208972057,0.23230165818803153,-0.08624907770572017,0.002317062120564897,733086,231,21
209.0,209,8213.400749,0.0,0.011661881977671451,0.0,3.8694029850746268,0.5640472634060427,0.23211381064263767,-0.08627456042963001,0.0022591722392915235,712394,231,21
205.0,209,8232.00404,0.019138755980861243,0.011681767280871424,0.032846715328467155,3.9141791044776117,0.554856942277152,0.23222217930395148,-0.08613696936923018,0.0023690885446843576,718705,231,21
203.0,209,8251.289352,0.028708133971291867,0.011726930057238587,0.04712041884816754,3.8134328358208953,0.5740185159485571,0.23216899961474252,-0.08625914986515988,0.00228586105046873,702226,231,21
204.0,209,8267.577187,0.023923444976076555,0.011759195969722285,0.03523936170212766,3.8694029850746268,0.5703722796351692,0.2319978481953019,-0.0862643133437508,0.002292696672387735,692634,231,21
208.0,209,8286.02526,0.004784688995215311,0.011740793576649708,0.0035971223021582736,3.9141791044776117,0.5681199296588675,0.2319690350272093,-0.0863672364017271,0.002248281852788636,684868,231,21
207.0,209,8305.528275,0.009569377990430622,0.011735079325107025,0.017531044558071585,3.8171641791044775,0.5748496219167045,0.23200703283262622,-0.08634330925352597,0.002306055625629069,679496,231,21
209.0,209,8324.845165,0.0,0.011704278591970261,0.0,3.8544776119402986,0.5710823070797987,0.23188645200640423,-0.08635543469973823,0.002083915728481029,664936,220,20
200.0,209,8347.628193,0.0430622009569378,0.011786367393972794,0.05454545454545454,3.798507462686567,0.5753256872105773,0.23180562244923825,-0.08626327663565617,0.001977236431848716,674499,220,20
209.0,209,8370.823116,0.0,0.0117555935887666,0.0,3.794776119402985,0.5796328699717336,0.23179996713312348,-0.08626290972985956,0.0020605003349893182,676553,231,21
209.0,209,8390.482308,0.0,0.011724980063795853,0.0,3.6977611940298507,0.5852860449683168,0.23151697009430633,-0.08623732916435524,0.0020928942458016036,647551,231,21
209.0,209,8413.414131,0.0,0.011694525570123656,0.0,3.753731343283582,0.5843105342173044,0.23136120716755737,-0.08613643508330714,0.002150267211568689,640207,231,21
209.0,209,8438.288347,0.0,0.01166422887175546,0.0,3.798507462686567,0.5824009363081343,0.23136930293224972,-0.08618657034640179,0.0020192138861715205,643520,231,21
209.0,209,8463.910791,0.0,0.011634088745471855,0.0,3.843283582089552,0.5762957478477054,0.23126477615300903,-0.08602379195176563,0.002001426016036426,664017,231,21
205.0,209,8488.494127,0.019138755980861243,0.01165343067133626,0.030492030492030493,3.985074626865672,0.5559502754908425,0.23130957728202825,-0.08586614762689025,0.002046214503169137,698135,231,21
205.0,209,8509.959459,0.019138755980861243,0.011672673152851748,0.032119914346895075,3.996268656716418,0.5528291452066516,0.23111769317884834,-0.08573419785197815,0.002090774457705375,694757,231,21
204.0,209,8528.859968,0.023923444976076555,0.011704085388295914,0.03571428571428571,3.9291044776119404,0.5647175640064456,0.23104137443052744,-0.08565363655548246,0.0020109984234765446,699703,231,21
204.0,209,8546.025448,0.023923444976076555,0.011735336947343947,0.03328290468986384,3.7238805970149254,0.5851519964054179,0.23105211673951537,-0.08577159767709662,0.0019687720558190214,687349,220,20
209.0,209,8567.880021,0.0,0.0117053998632946,0.0,3.574626865671642,0.6059854773598529,0.2310979375077189,-0.08604421390638509,0.0019883907620106213,655259,220,20
209.0,209,8596.747273,0.0,0.011675615130818023,0.0,3.66044776119403,0.593589782938424,0.23114352233952132,-0.0860074649847867,0.0019093607952795674,667685,231,21
209.0,209,8618.664127,0.0,0.01164598158987686,0.0,3.7611940298507465,0.5883368958840038,0.2311151521108763,-0.08600776527252174,0.0019290313068265593,661549,231,21
207.0,209,8642.200535,0.009569377990430622,0.011640724365574465,0.011004126547455296,3.9776119402985075,0.5602559820271438,0.23138672712788774,-0.08598566088608371,0.0018751148967461242,683953,231,21
202.0,209,8663.742301,0.03349282296650718,0.011695906432748537,0.03709090909090909,3.9141791044776117,0.5687699215446028,0.2315610596965659,-0.08601782461459467,0.0019316111837842465,697373,231,21
203.0,209,8687.088874,0.028708133971291867,0.011738758391283912,0.042582417582417584,3.955223880597015,0.5623337259491963,0.23164634146341465,-0.08604878048780487,0.0019878048780487805,714018,231,21
196.0,209,8708.534524,0.06220095693779904,0.01186554783486812,0.08415841584158416,4.018656716417911,0.5559278611717277,0.23141028760523627,-0.08595308774149593,0.0020682271643388973,724495,231,21
209.0,209,8730.297526,0.0,0.011835809619743138,0.0,3.83955223880597,0.5768027792498693,0.231333050178994,-0.08608700928341727,0.002099387173108428,703463,231,21
209.0,209,8751.690426,0.0,0.01180622009569378,0.0,3.9776119402985075,0.5553569443021478,0.23123199457719032,-0.08589343210593846,0.002069867092744571,702863,231,21
209.0,209,8771.61073,0.0,0.011776778150317985,0.0,3.951492537313433,0.560069738721872,0.23104693140794225,-0.08578534948021685,0.0020646438791157044,694580,220,20
209.0,209,8794.682761,0.0,0.011747482682282368,0.0,4.018656716417911,0.5558501287685585,0.23095914828018113,-0.08582233355814625,0.0021557953560073224,693417,220,20
209.0,209,8817.747997,0.0,0.011718332601184893,0.0,4.029850746268656,0.5603139850802409,0.23071563292127678,-0.08583510529666871,0.0021263560024507152,672369,231,21
206.0,209,8841.489886,0.014354066985645933,0.011724856696195935,0.016618497109826588,4.126865671641791,0.5510264707528928,0.23085311634929956,-0.0858868503361415,0.002157057773197359,683902,231,21
209.0,209,8859.098868,0.0,0.011695906432748537,0.0,3.8358208955223883,0.573748029336072,0.23080233336520992,-0.08606674954575882,0.0021158075929999043,653682,231,21
209.0,209,8885.166167,0.0,0.011667098781436349,0.0,3.8171641791044775,0.5735382022374819,0.23072795564299767,-0.08601919751982352,0.0021105347880522266,673409,231,21
209.0,209,8905.127321,0.0,0.01163843269106427,0.0,3.7313432835820897,0.5767523340211852,0.23072531341437305,-0.08595998762994504,0.0021766539001355947,671877,231,21
205.0,209,8927.585952,0.019138755980861243,0.0116568158363824,0.025373134328358207,3.8022388059701493,0.5705144664035368,0.2308285575291591,-0.08601193654409758,0.002100167301462998,682662,231,21
202.0,209,8946.897804,0.03349282296650718,0.011710204606871702,0.03751803751803752,3.824626865671642,0.5725609474119875,0.23080929439755685,-0.08596015672162971,0.0018584060321255667,691786,231,21
208.0,209,8968.514894,0.004784688995215311,0.011693313105379858,0.008733624454148471,3.8097014925373136,0.5747102153589767,0.23079738809054304,-0.08603242451794212,0.0019128812478598166,686065,231,21
208.0,209,8986.92812,0.004784688995215311,0.011676503800975565,0.006661732050333087,3.8544776119402986,0.5707399791919326,0.2307737611458591,-0.08611611717728541,0.00212021626205873,685416,220,20
198.0,209,9006.107085,0.05263157894736842,0.011775909323175546,0.06661502711076685,3.6940298507462686,0.5843557893754969,0.23083612433162937,-0.08613902109407133,0.002009518773135907,677415,220,20
200.0,209,9030.378508,0.0430622009569378,0.011851663055944947,0.057352941176470586,3.746268656716418,0.5778891290426892,0.23085761181780878,-0.08607773023037693,0.001922738730288997,702633,231,21
198.0,209,9054.949724,0.05263157894736842,0.011950165268243072,0.06686478454680535,3.6791044776119404,0.5893135266426234,0.2310364591253085,-0.08613570701694875,0.0018948919794603066,690909,231,21
209.0,209,9076.18832,0.0,0.011921369689283449,0.0,3.7611940298507465,0.5809371150549226,0.23110312478121864,-0.08614734778651607,0.001878602599705958,669280,231,21
209.0,209,9095.98638,0.0,0.011892712550607287,0.0,3.832089552238806,0.5663226081688851,0.23080862753314477,-0.08571661370488064,0.0018158326640360374,670855,231,21
207.0,209,9117.745617,0.009569377990430622,0.01188714100489943,0.014925373134328358,3.9141791044776117,0.5561566535856736,0.2306950927796744,-0.08544090666295083,0.0018230799600548085,680135,231,21
205.0,209,9138.939878,0.019138755980861243,0.011904489366085942,0.026529108327192335,3.9029850746268657,0.5656627072747386,0.23049476964424315,-0.08548127382041866,0.0019345944881433686,660367,231,21
207.0,209,9155.344764,0.009569377990430622,0.011898916307910153,0.011299435028248588,3.798507462686567,0.5761097080141429,0.23061366000231134,-0.08566970992719287,0.001825956315728649,639029,231,21
209.0,209,9174.42518,0.0,0.011870585554796082,0.0,3.6156716417910446,0.5917030150078926,0.23051914363780998,-0.08568233435940004,0.0017754412663277188,641898,231,21
209.0,209,9196.903099,0.0,0.011842389389582788,0.0,3.735074626865672,0.5812239606527908,0.230689607581543,-0.08570639922712425,0.0017941758292312647,666886,220,20
205.0,209,9213.87316,0.019138755980861243,0.011859679357808567,0.02175543885971493,3.675373134328358,0.5856120695842008,0.23086984957488554,-0.08586049820430737,0.0018014296696614001,670575,220,20
209.0,209,9233.702957,0.0,0.01183164229076883,0.0,3.6007462686567164,0.5918304153778884,0.23094709370206726,-0.08590691605045672,0.0017513335317414895,674587,231,21
209.0,209,9259.208957,0.0,0.011803737474045319,0.0,3.6082089552238807,0.5866300235250721,0.23092119537289743,-0.08573614552762901,0.0017471537381096483,681045,231,21
206.0,209,9279.505264,0.014354066985645933,0.011809738249366732,0.017543859649122806,3.746268656716418,0.5686899295821264,0.23088052678947787,-0.08577417774587875,0.001856978479556148,701437,231,21
206.0,209,9300.748878,0.014354066985645933,0.011815710852034055,0.018698578908002993,3.8582089552238807,0.5625728248440423,0.23107873111851154,-0.08592569019015037,0.0018298989577532024,691339,231,21
208.0,209,9320.812166,0.004784688995215311,0.011799244758692559,0.007217321571772253,3.8470149253731343,0.5624029020673762,0.23106666213105645,-0.08594981347303013,0.0019276343391048973,695908,231,21
208.0,209,9341.971654,0.004784688995215311,0.011782855609712472,0.007267441860465116,3.8208955223880596,0.5722410814133123,0.23088496476204481,-0.08588332447199629,0.0018891616421000239,674696,231,21
208.0,209,9361.820396,0.004784688995215311,0.011766542867021336,0.008633093525179856,3.8544776119402986,0.5641805424408961,0.2309298362431862,-0.0857832902592346,0.0017718690396921236,689345,231,21
204.0,209,9379.908974,0.023923444976076555,0.011794814732391232,0.03565891472868217,3.876865671641791,0.5622558259691949,0.23074844332346217,-0.08571010347817275,0.0017227595680715227,675948,231,21
205.0,209,9399.792252,0.019138755980861243,0.011811854039232229,0.014275517487508922,3.925373134328358,0.5594127264042057,0.2306776309876876,-0.08553518468589917,0.0017749618046193944,669891,220,20
208.0,209,9418.972405,0.004784688995215311,0.01179558745348219,0.007874015748031496,3.8470149253731343,0.5668349603689825,0.23059939029857437,-0.08535819958755492,0.001748408499955169,665848,220,20
209.0,209,9439.84242,0.0,0.011768345912019184,0.0,3.873134328358209,0.5623872424017756,0.23057484373777018,-0.0852817192758825,0.001934408998915389,669322,231,21
204.0,209,9463.410858,0.023923444976076555,0.011796353052719775,0.03325942350332594,3.9402985074626864,0.5596349509927764,0.23042939857424946,-0.08503185068665842,0.001963474904336379,688564,231,21
205.0,209,9489.114129,0.019138755980861243,0.011813232139910906,0.020579268292682928,3.8917910447761193,0.5650093399398056,0.23046014113666213,-0.08507157008971306,0.0019256027247835088,672712,231,21
202.0,209,9511.768453,0.03349282296650718,0.011862955972081998,0.04404332129963899,3.888059701492537,0.5711983567844455,0.23045400026653637,-0.08521389542890143,0.001843543156678957,667479,231,21
203.0,209,9530.663738,0.028708133971291867,0.011901503290157994,0.039889958734525444,3.8992537313432836,0.5737672883749023,0.2304010105599078,-0.08533247642580917,0.001761831418218888,660717,231,21
209.0,209,9551.466273,0.0,0.011874330908216994,0.0,3.7313432835820897,0.5874009890101117,0.23041036526045813,-0.08540063677368002,0.0017798708764482178,639358,231,21
209.0,209,9581.900267,0.0,0.011847282318448846,0.0,3.9029850746268657,0.5670710377731394,0.23049688413389952,-0.08535818673137374,0.001808856780455523,664245,231,21
209.0,209,9603.08379,0.0,0.011820356676816007,0.0,3.787313432835821,0.5808205905539694,0.23042894557299118,-0.08523890221625548,0.0018597178510905209,668902,231,21
209.0,209,9624.895201,0.0,0.011793553146936605,0.0,3.6641791044776117,0.5925951362747728,0.23035033979996267,-0.08533974506768552,0.001998177486468386,654675,220,20
206.0,209,9644.895793,0.014354066985645933,0.011799346164671242,0.01763046544428773,3.753731343283582,0.5850843276364642,0.2303015697400563,-0.08525671219971738,0.002059393793337642,652723,220,20
204.0,209,9668.128669,0.023923444976076555,0.011826714333545747,0.03568879371877231,3.7388059701492535,0.5833054568766113,0.23029084192233285,-0.08514312570360574,0.0020110828150787493,668135,231,21
202.0,209,9687.983076,0.03349282296650718,0.011875511875511875,0.04792560801144492,3.6455223880597014,0.592121731371722,0.2302415616991112,-0.08509733355144773,0.0019739353290801026,671162,231,21
206.0,209,9711.401267,0.014354066985645933,0.011881081662276222,0.024719101123595506,3.623134328358209,0.5949096749468227,0.23003014113012915,-0.08509156592420104,0.0018933417481855476,661858,231,21
209.0,209,9731.221371,0.0,0.011854442465724032,0.0,3.6865671641791047,0.5895267109913372,0.22999674302464446,-0.08531104114645532,0.0018564759526652915,643852,231,21
206.0,209,9750.416603,0.014354066985645933,0.01186003446688717,0.0191131498470948,3.708955223880597,0.5925856695306262,0.2297976515446943,-0.08521816369860045,0.001960656874214654,653934,231,21
196.0,209,9770.071642,0.06220095693779904,0.011972402597402598,0.07635135135135135,3.7313432835820897,0.5922156154985692,0.22984045313040471,-0.08512409200968522,0.0018051712210307852,660869,231,21
209.0,209,9790.088613,0.0,0.011945738003644462,0.0,3.873134328358209,0.5760018040545128,0.22995869328415353,-0.08516948695549012,0.001822672318029357,658652,231,21
209.0,209,9813.010281,0.0,0.01191919191919192,0.0,3.8022388059701493,0.582400780146788,0.2301517271064242,-0.08519315613902938,0.0018723770580006457,674891,231,21
209.0,209,9836.511966,0.0,0.011892763555734731,0.0,3.8470149253731343,0.5735952359193661,0.23010768850857322,-0.0850127229195074,0.0018037556769988942,687236,220,20
209.0,209,9856.462717,0.0,0.011866452131938857,0.0,3.8544776119402986,0.5715216055094633,0.23005313450743456,-0.08485452286069332,0.001885418005741955,695255,220,20
208.0,209,9878.733049,0.004784688995215311,0.011850819100731963,0.00532724505327245,3.8656716417910446,0.5651226215022375,0.2301295480781564,-0.08482620035059216,0.0018919150027790841,697962,231,21
209.0,209,9898.420781,0.0,0.011824715974959425,0.0,3.735074626865672,0.5770600915246746,0.230171172612382,-0.08502106329653922,0.001919692849144137,679634,231,21
207.0,209,9917.761358,0.009569377990430622,0.011819759188180241,0.014285714285714285,3.9440298507462686,0.5603360415594629,0.23027071893755588,-0.08514238283744094,0.0019899544545183673,676772,231,21
208.0,209,9936.499442,0.004784688995215311,0.011804331402669352,0.005551700208188758,4.048507462686567,0.5568517119583924,0.23017625822892335,-0.0851985559566787,0.001900615842004672,657960,231,21
208.0,209,9959.682345,0.004784688995215311,0.011788971134819344,0.009036144578313253,3.925373134328358,0.563908017946788,0.23025172691443827,-0.08525448150188583,0.0019388057803958131,673480,231,21
207.0,209,9980.578582,0.009569377990430622,0.01178412486157832,0.015128593040847202,3.712686567164179,0.5929542421093581,0.23008615677361383,-0.08550134785136636,0.001997991437179555,634349,231,21
209.0,209,10003.041888,0.0,0.01175845138693436,0.0,3.8917910447761193,0.5801733376214105,0.23000084384625122,-0.08556600987300114,0.002056875237331758,641189,231,21
209.0,209,10022.36769,0.0,0.011732889536093197,0.0,3.966417910447761,0.5762499745949566,0.23002115499984213,-0.0856409122962121,0.0020418258554092596,651306,231,21
209.0,209,10044.328274,0.0,0.011707438582652649,0.0,3.9738805970149254,0.5702303940720667,0.23010438764151142,-0.08569448236752011,0.0020583478607884734,658146,220,20
209.0,209,10067.21553,0.0,0.01168209780649972,0.0,3.996268656716418,0.5667083321693044,0.2300405528601817,-0.08573733901981537,0.0020224036214647233,662372,220,20
209.0,209,10094.603614,0.0,0.011656866493742701,0.0,3.8992537313432836,0.5727606202432938,0.23014429109159348,-0.08588456712672522,0.0018297783354245085,645962,231,21
209.0,209,10117.331418,0.0,0.011631743936644118,0.0,3.7425373134328357,0.5893176345149124,0.23002848230028483,-0.08590595624367495,0.0017944892487141233,645136,231,21
209.0,209,10143.921001,0.0,0.011606729433554562,0.0,3.798507462686567,0.5806425282528481,0.23011097461950072,-0.0858960211538862,0.0017905848549834476,660253,231,21
209.0,209,10165.773457,0.0,0.011581822288847363,0.0,3.876865671641791,0.5742176620557264,0.23007884321730188,-0.0859900069598097,0.001703595209157863,655969,231,21
209.0,209,10187.735209,0.0,0.011557021812854113,0.0,3.8171641791044775,0.5775877294382701,0.22993283303619552,-0.08611468137153282,0.0017413657282640243,640367,231,21
209.0,209,10210.649749,0.0,0.011532327321801006,0.0,3.9029850746268657,0.5632766226921254,0.22995293995966282,-0.08599058799193257,0.001685887159331851,664058,231,21
204.0,209,10232.293821,0.023923444976076555,0.011558747615306925,0.032647267565649396,3.91044776119403,0.5603124819868556,0.23011900215710762,-0.08589210333474388,0.0017339429656617366,681818,231,21
209.0,209,10250.989086,0.0,0.011534154535274356,0.0,3.8022388059701493,0.5763574520003918,0.22993264536859667,-0.08586170672928381,0.001586026488702136,656335,231,21
209.0,209,10276.04388,0.0,0.011509665884456365,0.0,3.6305970149253732,0.5897219767371651,0.23008622195731038,-0.08589310121573987,0.0014901291787846713,665309,220,20
209.0,209,10295.197037,0.0,0.01148528099910794,0.0,3.8134328358208953,0.5712537388209185,0.22991098896591328,-0.08590385167562246,0.0016920300258419132,669147,220,20
203.0,209,10309.39049,0.028708133971291867,0.011521692950423339,0.03750884642604388,3.7574626865671643,0.585046256346108,0.22995527993532475,-0.08607333271932786,0.0016168810569080732,642121,231,21
207.0,209,10329.968599,0.009569377990430622,0.011517574142490866,0.013626040878122634,3.7425373134328357,0.5875035785485042,0.22997978065069544,-0.08605477605538876,0.0016849457753814105,647426,231,21
200.0,209,10348.838402,0.0430622009569378,0.011583983883152859,0.0672713529856387,3.667910447761194,0.591107795491786,0.23006134969325154,-0.08611377208894687,0.0015897927154882498,659296,231,21
208.0,209,10369.963984,0.004784688995215311,0.011569699650195006,0.006773920406435224,3.5186567164179103,0.6083175451814065,0.2300221693412248,-0.08615534809933492,0.0014643968515467693,657177,231,21
209.0,209,10390.324243,0.0,0.011545444514660006,0.0,3.712686567164179,0.5883444033032262,0.23007215124361954,-0.0862669088621211,0.0015526216981419279,654380,231,21
209.0,209,10413.10637,0.0,0.011521290865047747,0.0,3.955223880597015,0.5588663363466467,0.23012192158133507,-0.08627673363577447,0.0016404731043421906,680270,231,21
207.0,209,10431.956811,0.009569377990430622,0.011517215890361698,0.017777777777777778,3.955223880597015,0.5577464631883546,0.2303883426469548,-0.08632868157519781,0.0015562000424418194,696443,231,21
207.0,209,10454.939263,0.009569377990430622,0.011513157894736841,0.0136986301369863,3.906716417910448,0.5659597966808935,0.23041163301938164,-0.08636024443861808,0.0015932880221043502,698496,231,21
207.0,209,10473.072695,0.009569377990430622,0.011509116772274668,0.01715137956748695,3.966417910447761,0.5611700305901535,0.23040463707445685,-0.08640173890292131,0.0016302214887343645,686820,220,20
205.0,209,10493.39644,0.019138755980861243,0.011524945899263436,0.031226199543031227,3.8097014925373136,0.577894415101099,0.2305228062423427,-0.08647492418003977,0.0016670348872240856,683987,220,20
207.0,209,10512.326989,0.009569377990430622,0.011520897104421132,0.013119533527696793,3.764925373134328,0.5842269816388242,0.23056571629002354,-0.08655609560555194,0.0016435335972340532,661315,231,21
208.0,209,10530.960921,0.004784688995215311,0.011506979319071534,0.007524454477050414,3.7425373134328357,0.5817434168662626,0.23077615433080315,-0.08666606662466372,0.0016101127078895522,685019,231,21
207.0,209,10552.428044,0.009569377990430622,0.011502984264785675,0.013176144244105409,3.7388059701492535,0.5838756968035328,0.23094810379241518,-0.08674650698602794,0.0016167664670658684,693165,231,21
207.0,209,10571.256719,0.009569377990430622,0.011499005651052434,0.01112759643916914,3.746268656716418,0.5779976142624352,0.23103966854900554,-0.0868066967442509,0.0015237981415638351,685504,231,21
200.0,209,10597.084168,0.0430622009569378,0.011563817140386902,0.06259541984732825,3.75,0.5809938063299814,0.23101772242488097,-0.08684286381663303,0.001510829266353236,678588,231,21
204.0,209,10617.09537,0.023923444976076555,0.011589144246607577,0.03683806600153492,3.623134328358209,0.5906508902139116,0.23106605429963,-0.0868357619704199,0.0015772088363373044,667469,231,21
209.0,209,10642.045249,0.0,0.011565444565121673,0.0,3.5559701492537314,0.6002120830966152,0.23122154028905167,-0.08691348247871708,0.0015343496337358938,675810,231,21
207.0,209,10666.481467,0.009569377990430622,0.011561370959867201,0.008765522279035792,3.626865671641791,0.5938244103300852,0.23132168295020103,-0.08694320685192686,0.0015904847520918331,687844,231,21
198.0,209,10689.966291,0.05263157894736842,0.011645017004648262,0.07042253521126761,3.623134328358209,0.5924124804219221,0.23137293566674882,-0.08698052748336209,0.0015873798373182155,681871,220,20
208.0,209,10709.161255,0.004784688995215311,0.01163107324853153,0.00599250936329588,3.7723880597014925,0.5789059987774386,0.23133234284139995,-0.08691074749343225,0.0016136491100331586,680376,220,20
207.0,209,10733.426971,0.009569377990430622,0.011626891310888322,0.013856812933025405,3.7238805970149254,0.5797220446581228,0.2314218381775334,-0.08692065985860173,0.0015710919088766694,690032,231,21
209.0,209,10755.927319,0.0,0.011603355093659803,0.0,3.787313432835821,0.5702164402067793,0.23149663396995562,-0.08682103695283638,0.0015776734705876588,702444,231,21
197.0,209,10779.520308,0.05741626794258373,0.011695906432748537,0.07634164777021919,3.746268656716418,0.5735406377872233,0.23138313479255912,-0.08672221896211099,0.0016528763961426364,701397,231,21
202.0,209,10800.619476,0.03349282296650718,0.011739851828985955,0.0503003003003003,3.6977611940298507,0.5784650110192343,0.23141496173668594,-0.08669764173043885,0.0016203342183351555,694306,231,21
202.0,209,10819.453656,0.03349282296650718,0.011783620382582577,0.04576976421636616,3.708955223880597,0.5820886416370508,0.23148563078421822,-0.086673161227472,0.0016755966877739894,684745,231,21
197.0,209,10841.03415,0.05741626794258373,0.011875252204992217,0.06912804399057344,3.832089552238806,0.5753657303109498,0.23139226229253163,-0.08663354302993767,0.0016821103192120334,676804,231,21
209.0,209,10861.540451,0.0,0.011851454104381012,0.0,3.6492537313432836,0.595022877570353,0.23131113181183047,-0.08671013817730167,0.0015622574134451172,666043,231,21
209.0,209,10888.32265,0.0,0.01182775119617225,0.0,3.5671641791044775,0.596231000554115,0.23133685178908633,-0.08665084975548347,0.0016075146467825498,673063,231,21
