#{"t_start": 1709985676.6872191, "env_id": "PhyRMSA-v0"}
r,l,t,episode_service_blocking_rate,service_blocking_rate,episode_bit_rate_blocking_rate,number_cuts_total,rss_total_metric,C_BVTs,L_BVTs,S_BVTs,total_path_length,num_moves,num_defrag_cycle
209.0,209,47.249303,0.0,0.0,0.0,1.8470149253731343,0.8376770981834972,0.7904761904761904,0.0,0.0,134435,60,19
209.0,209,132.888985,0.0,0.0,0.0,2.373134328358209,0.7701298680290821,0.5823389021479713,0.07159904534606205,0.0,229636,77,18
209.0,209,242.982347,0.0,0.0,0.0,2.783582089552239,0.7116746903991655,0.46178343949044587,0.12898089171974522,0.0,294319,80,20
209.0,209,347.377453,0.0,0.0,0.0,2.970149253731343,0.6864346487727297,0.3715651135005974,0.1111111111111111,0.015531660692951015,327572,139,20
209.0,209,465.44977,0.0,0.0,0.0,3.287313432835821,0.6398139980812756,0.3279158699808795,0.08317399617590822,0.04684512428298279,374815,99,21
209.0,209,562.412406,0.0,0.0,0.0,4.119402985074627,0.5380273194028973,0.29800796812749003,0.07410358565737052,0.10597609561752988,446438,124,20
203.0,209,628.935261,0.028708133971291867,0.004101161995898838,0.03793843951324266,3.996268656716418,0.545927305058553,0.2729766803840878,0.061042524005486966,0.11042524005486969,459620,164,21
201.0,209,703.707266,0.03827751196172249,0.008373205741626795,0.06264682850430697,4.026119402985074,0.5443598247581963,0.26220614828209765,0.04822182037371911,0.10307414104882459,494928,148,21
200.0,209,782.904106,0.0430622009569378,0.012227538543328018,0.061746987951807226,3.8507462686567164,0.5579896148198293,0.24690693921463153,0.038192576654115115,0.10650887573964497,498562,133,21
201.0,209,858.163605,0.03827751196172249,0.014832535885167464,0.05416012558869702,3.8805970149253732,0.5469129817331083,0.23398058252427184,0.03446601941747573,0.10194174757281553,522419,140,21
203.0,209,935.579174,0.028708133971291867,0.016093953892996955,0.02765321375186846,3.9888059701492535,0.539053757921282,0.22359699513919576,0.03049049933716306,0.0967741935483871,526203,147,20
206.0,209,1001.454828,0.014354066985645933,0.01594896331738437,0.017557251908396947,3.888059701492537,0.5406862059461712,0.21385176184690158,0.026731470230862697,0.09801539084649656,541706,161,20
200.0,209,1080.20029,0.0430622009569378,0.0180345969819654,0.05959752321981424,3.8694029850746268,0.5420453611172068,0.20644436118396403,0.023229674035219184,0.0947920569501686,554228,132,20
203.0,209,1151.567856,0.028708133971291867,0.018796992481203006,0.03520599250936329,3.91044776119403,0.5336365418258263,0.20299442896935932,0.020891364902506964,0.09644846796657382,573441,172,21
199.0,209,1214.196129,0.04784688995215311,0.02073365231259968,0.07426856714178545,3.970149253731343,0.5306144225055893,0.19342233800065126,0.011722565939433409,0.09671116900032563,584533,172,21
198.0,209,1287.445178,0.05263157894736842,0.022727272727272728,0.05972434915773354,3.985074626865672,0.5249139942853784,0.19210767818904864,0.007647598654022637,0.08993576017130621,610043,154,21
195.0,209,1361.007623,0.06698564593301436,0.02533070644525753,0.09725315515961395,3.8134328358208953,0.5383431670940203,0.18677829099307158,0.002598152424942263,0.0825635103926097,607220,156,21
194.0,209,1442.93417,0.07177033492822966,0.027910685805422646,0.09198813056379822,3.828358208955224,0.5367341273642671,0.18234007654455986,0.0019136139967195188,0.08091853471842538,614433,147,21
198.0,209,1510.152223,0.05263157894736842,0.029211785444472425,0.08675078864353312,3.7388059701492535,0.5496847321394801,0.17686721991701246,-0.0015560165975103733,0.07909751037344398,607116,178,21
203.0,209,1579.015452,0.028708133971291867,0.029186602870813396,0.05093632958801498,3.7686567164179103,0.5424480095206597,0.17073170731707318,-0.004434589800443459,0.07489529440748953,604425,185,21
196.0,209,1656.26897,0.06220095693779904,0.030758714969241284,0.06930693069306931,3.8843283582089554,0.536165821048258,0.16333725029377202,-0.007990599294947122,0.06862514688601645,603483,165,20
189.0,209,1721.643349,0.09569377990430622,0.03371030882992605,0.1344984802431611,3.966417910447761,0.5280937754835057,0.15774077407740775,-0.012151215121512151,0.059180918091809184,592288,174,20
199.0,209,1774.34408,0.04784688995215311,0.034324942791762014,0.07505686125852919,4.074626865671642,0.5192862153590726,0.15464139564936463,-0.013999569244023262,0.055782898987723456,598166,198,21
198.0,209,1844.735697,0.05263157894736842,0.03508771929824561,0.0660377358490566,3.9925373134328357,0.5288195721742043,0.15368725469944228,-0.013633546787853749,0.05412104936996488,612925,157,21
203.0,209,1918.421708,0.028708133971291867,0.034832535885167465,0.03134110787172012,3.9888059701492535,0.5222419102189971,0.15126883425852497,-0.01387787470261697,0.054321966693100715,617240,152,21
201.0,209,1977.961615,0.03827751196172249,0.03496503496503497,0.04607250755287009,3.958955223880597,0.5292678699246088,0.14775977121067682,-0.015061963775023833,0.05624404194470925,612590,189,21
201.0,209,2032.074867,0.03827751196172249,0.03508771929824561,0.04768892149669846,3.906716417910448,0.5362709022183473,0.14891663606316563,-0.01744399559309585,0.051964744766801324,612119,199,21
196.0,209,2084.586576,0.06220095693779904,0.03605604921394395,0.07913165266106442,3.9291044776119404,0.5267649186688095,0.14817440623892236,-0.01914214817440624,0.05157745480326126,629868,200,21
201.0,209,2145.437105,0.03827751196172249,0.03613265137766045,0.06330128205128205,4.018656716417911,0.5164864727946613,0.14718466541160363,-0.021221975012835872,0.05100119801471847,638426,175,21
191.0,209,2205.54175,0.0861244019138756,0.03779904306220096,0.10606060606060606,4.059701492537314,0.509298999829586,0.14733178654292342,-0.021710308253231687,0.04209479615512098,651692,176,21
198.0,209,2250.240273,0.05263157894736842,0.03827751196172249,0.06374501992031872,4.100746268656716,0.5059539593192798,0.14746469833119383,-0.023106546854942234,0.03738767650834403,647373,183,20
200.0,209,2299.194571,0.0430622009569378,0.03842703349282297,0.048104956268221574,4.044776119402985,0.5104071493607568,0.14521144278606965,-0.021766169154228857,0.03684701492537314,641813,180,20
206.0,209,2348.371872,0.014354066985645933,0.03769754965927215,0.01391941391941392,3.996268656716418,0.5146778058672523,0.14432057848749624,-0.021994576679722808,0.03555287737270262,623646,196,21
203.0,209,2401.494112,0.028708133971291867,0.0374331550802139,0.040031397174254316,4.074626865671642,0.5133923870611838,0.13945329630171027,-0.023096038590849292,0.03552112264288847,605676,185,21
198.0,209,2468.140726,0.05263157894736842,0.037867395762132605,0.07815924032140248,4.059701492537314,0.5142282037188554,0.13737746839039636,-0.022020173320073874,0.036368802386702655,612248,177,21
196.0,209,2536.755014,0.06220095693779904,0.03854332801701223,0.06989247311827956,4.067164179104478,0.509112549926187,0.13669661368348307,-0.020870767104353836,0.03635107118175535,618282,140,21
194.0,209,2582.237487,0.07177033492822966,0.039441355230828916,0.09097918272937548,3.966417910447761,0.5205814876005618,0.13231928927177278,-0.01978731996230987,0.0399784627809934,619899,192,21
204.0,209,2634.829281,0.023923444976076555,0.039032989171493324,0.03625377643504532,3.8134328358208953,0.5361237871537072,0.12904493646010742,-0.02056858378095113,0.03864797589414385,597223,203,21
202.0,209,2691.888932,0.03349282296650718,0.03889093362777573,0.04468864468864469,3.9365671641791047,0.5224543689969158,0.12776005105296745,-0.0204211869814933,0.037779195915762606,603594,194,21
197.0,209,2755.283636,0.05741626794258373,0.03935406698564593,0.06470588235294118,4.0559701492537314,0.5133383582786024,0.12649402390438247,-0.021040836653386453,0.03710159362549801,600007,171,21
192.0,209,2821.182072,0.08133971291866028,0.0403781071303536,0.11361981063364894,4.190298507462686,0.4989958627471551,0.1253647859922179,-0.02152237354085603,0.036478599221789886,606830,141,20
203.0,209,2855.420095,0.028708133971291867,0.040100250626566414,0.03794642857142857,4.208955223880597,0.5012787139767448,0.12258217633796131,-0.022665242672362643,0.03631185475258099,606846,193,20
198.0,209,2898.392479,0.05263157894736842,0.04039167686658507,0.050719152157456475,4.164179104477612,0.5073059705260877,0.12115942028985507,-0.02284057971014493,0.034434782608695653,626049,197,21
201.0,209,2946.827058,0.03827751196172249,0.040343627664201825,0.058399423215573176,3.9925373134328357,0.5242743444647768,0.11987310219805121,-0.022773623385452073,0.03274416496714253,637441,196,21
197.0,209,2994.368954,0.05741626794258373,0.04072301967038809,0.0795774647887324,3.996268656716418,0.5189199370429299,0.12058073811370941,-0.022498060512024826,0.029369389338357532,654082,203,21
198.0,209,3060.295358,0.05263157894736842,0.04098190139380071,0.07841672890216579,3.9440298507462686,0.5293473718623299,0.12005205509163865,-0.023858583667714997,0.029714781477063225,642426,176,21
203.0,209,3117.71706,0.028708133971291867,0.04072075740608775,0.04736440030557677,4.018656716417911,0.5248385894556871,0.11895161290322581,-0.025360780984719864,0.026634125636672328,627921,181,21
194.0,209,3186.075201,0.07177033492822966,0.04136762360446571,0.10228108903605593,4.022388059701493,0.5194950964962063,0.11894364732792681,-0.024953212726138492,0.026408816801829903,652779,167,21
196.0,209,3248.432192,0.06220095693779904,0.04179279367249292,0.06030150753768844,3.9925373134328357,0.5088547055493488,0.11860607295700021,-0.023741593641736294,0.02720603219889953,663586,156,21
200.0,209,3306.512107,0.0430622009569378,0.04181818181818182,0.06354009077155824,4.007462686567164,0.510381014279863,0.11663670860794888,-0.022967845016976234,0.026862392650289595,659723,156,20
204.0,209,3347.592945,0.023923444976076555,0.04146730462519936,0.03125,4.108208955223881,0.5041827448533113,0.11303581914268937,-0.022313564298297124,0.026619690741828145,641390,176,20
208.0,209,3389.935453,0.004784688995215311,0.04076186970923813,0.0036469730123997084,4.0783582089552235,0.5053814909391877,0.11030117015154421,-0.020717437176290043,0.02560905428735853,639617,188,20
204.0,209,3444.445776,0.023923444976076555,0.040444163582197344,0.034306569343065696,3.9738805970149254,0.5136082933125371,0.11044214487300094,-0.021636876763875823,0.02370649106302916,641913,188,21
199.0,209,3497.099738,0.04784688995215311,0.0405812511075669,0.06527977044476327,4.018656716417911,0.5098600598377697,0.10998245452026964,-0.021516298827223196,0.021793332717702465,643141,190,21
200.0,209,3550.694894,0.0430622009569378,0.04062635928664637,0.05358550039401103,3.985074626865672,0.5202178276836765,0.10889473206999728,-0.022304832713754646,0.020944781938525704,620013,183,21
206.0,209,3599.181796,0.014354066985645933,0.04015721120984279,0.01903367496339678,3.9477611940298507,0.5216266047898891,0.10894526034712951,-0.022607921673342236,0.02064975522919448,626382,202,21
198.0,209,3652.798555,0.05263157894736842,0.040376059766641485,0.06815020862308763,3.9477611940298507,0.524082978123536,0.10907023528382752,-0.021953992827779236,0.02072946733140908,611755,200,21
193.0,209,3714.125446,0.07655502392344497,0.0409998350107243,0.10445580715850986,3.9477611940298507,0.5311731490959168,0.10794770342336144,-0.021589540684672285,0.01849303285738861,604448,175,21
198.0,209,3774.942768,0.05263157894736842,0.04119698321304031,0.07473309608540925,4.100746268656716,0.5107555857570494,0.10690121786197564,-0.019451962110960758,0.018183355886332884,600846,182,21
196.0,209,3826.246444,0.06220095693779904,0.041547049441786284,0.08940646130728776,3.9477611940298507,0.522651088468373,0.106738768718802,-0.01896838602329451,0.01747088186356073,613750,192,21
199.0,209,3873.167265,0.04784688995215311,0.04165032551572672,0.06579898770788142,4.029850746268656,0.5167918116882974,0.10549144774531467,-0.018986823799001556,0.01718634912840658,601451,204,20
203.0,209,3926.652174,0.028708133971291867,0.04144158049081648,0.034223134839151265,3.91044776119403,0.5341026163529083,0.10400901626147158,-0.01867654161970697,0.01827402994686846,600468,184,20
198.0,209,3988.621608,0.05263157894736842,0.041619199513936354,0.07791225416036308,3.8544776119402986,0.5355762055862722,0.10396196513470682,-0.01854199683042789,0.018225039619651346,623568,176,21
200.0,209,4074.140493,0.0430622009569378,0.04164174641148325,0.056451612903225805,3.9888059701492535,0.5151979754767916,0.10514820592823713,-0.018642745709828393,0.017706708268330734,649543,128,21
195.0,209,4142.280849,0.06698564593301436,0.04203165255796835,0.08938953488372094,4.205223880597015,0.4953927619241904,0.10388013830195927,-0.01813292354975029,0.019439108720706876,662095,155,21
197.0,209,4202.797345,0.05741626794258373,0.04226475279106858,0.05705474171164225,4.104477611940299,0.5100228474608784,0.10210414774447472,-0.018240993036633363,0.01983045716015743,664726,163,21
204.0,209,4248.83713,0.023923444976076555,0.04199100192815825,0.024868123587038434,4.0783582089552235,0.5111499828475208,0.10159511031604054,-0.018634466308884913,0.020050685748360168,653370,180,20
194.0,209,4304.128399,0.07177033492822966,0.04242893329580636,0.10030165912518854,4.108208955223881,0.4995621468448068,0.10095518001469508,-0.019103600293901544,0.020426157237325496,671872,179,21
204.0,209,4353.251276,0.023923444976076555,0.04216073781291173,0.03353658536585366,4.138059701492537,0.5108780048342184,0.09982626321123497,-0.01911104676415231,0.020631243665846243,659756,189,21
188.0,209,4414.325119,0.10047846889952153,0.042993848257006154,0.11970260223048328,4.0559701492537314,0.5163855036880801,0.09962862448221682,-0.01899728610198543,0.019497214683616627,662559,153,21
194.0,209,4467.071125,0.07177033492822966,0.043399150886178316,0.09241877256317689,4.074626865671642,0.506772660628089,0.10052127359819668,-0.018385460693153,0.01873767258382643,688099,159,20
197.0,209,4511.451167,0.05741626794258373,0.043593833067517275,0.08314773570898293,4.074626865671642,0.506880839821835,0.10018759119016188,-0.01868964079760995,0.01771694573751129,684895,174,20
201.0,209,4547.384115,0.03827751196172249,0.04352100675099954,0.05191059841384282,4.059701492537314,0.5023740128014836,0.10175414553926271,-0.018980402905303548,0.017884061943264355,697358,201,21
196.0,209,4596.568503,0.06220095693779904,0.043773438510280614,0.08569299552906111,4.037313432835821,0.5190416633373099,0.09925625422582826,-0.019134550371872887,0.017714672075726842,660237,196,21
205.0,209,4646.129413,0.019138755980861243,0.04344497607655502,0.02030456852791878,4.145522388059701,0.5100063932137553,0.09896632210736912,-0.018472824274758253,0.015005001667222408,666032,185,21
201.0,209,4698.959443,0.03827751196172249,0.04337698312767565,0.05255579553635709,3.9029850746268657,0.5300895902712058,0.1000921295077652,-0.01855751513556199,0.014806528033693077,651665,192,21
207.0,209,4742.019842,0.009569377990430622,0.04293792332069844,0.015497553017944535,3.9402985074626864,0.5300475903883807,0.09881191975589171,-0.01928195806011816,0.015386612997468026,633190,210,21
204.0,209,4787.535496,0.023923444976076555,0.042694147957305854,0.029930928626247123,4.082089552238806,0.5193061802068681,0.09739219580957263,-0.019350291535849298,0.015505862753892484,632804,195,21
204.0,209,4839.36659,0.023923444976076555,0.04245654412210042,0.03350707371556218,4.100746268656716,0.5138970749714549,0.0974637910315603,-0.019480108785023084,0.014736575801657074,642318,203,21
198.0,209,4892.568376,0.05263157894736842,0.042583732057416265,0.06997900629811056,4.022388059701493,0.5243328398303904,0.09713286276469486,-0.019863826597538884,0.014866637516397026,617007,192,21
200.0,209,4951.672266,0.0430622009569378,0.04258963908086715,0.06111929307805596,4.100746268656716,0.519667403916601,0.0971682398667407,-0.020235671540502192,0.0154852242581282,619998,166,20
202.0,209,5008.650485,0.03349282296650718,0.04247870229898471,0.03468634686346864,4.190298507462686,0.5064921035777619,0.09670343062579977,-0.01925537749070745,0.014563402595819877,633273,162,20
202.0,209,5062.227475,0.03349282296650718,0.04237043869256932,0.04363905325443787,4.130597014925373,0.5092423757446672,0.09546740504424246,-0.01884066694757118,0.014205742490820442,610106,175,21
209.0,209,5110.173664,0.0,0.041866028708133975,0.0,4.201492537313433,0.5041971826095453,0.09552966353584591,-0.018963262394483416,0.01373201759600523,595492,192,21
201.0,209,5158.45124,0.03827751196172249,0.04182381086405854,0.04559270516717325,4.123134328358209,0.5071996846157933,0.09563531692416143,-0.018269400223227397,0.013452387945720496,615037,156,20
206.0,209,5209.167561,0.014354066985645933,0.04150439523756537,0.014326647564469915,4.0111940298507465,0.5120597325575902,0.09513030355795461,-0.017238377154797143,0.014162168436937721,621256,197,21
202.0,209,5259.824478,0.03349282296650718,0.041412308199967,0.044490075290896644,4.108208955223881,0.5016949595401242,0.09471631002237393,-0.016981240318971948,0.015489644885548735,631617,172,20
195.0,209,5322.873617,0.06698564593301436,0.041702914310569814,0.08383233532934131,4.0559701492537314,0.5060648884079447,0.09429252241007602,-0.01633949846817202,0.01577215477136049,651882,164,21
197.0,209,5380.588722,0.05741626794258373,0.04187946884576098,0.07236842105263158,3.970149253731343,0.5162399790500015,0.09364304550300175,-0.015597823037647982,0.014924535712281884,635177,164,21
203.0,209,5427.342447,0.028708133971291867,0.0417331206804891,0.044096728307254626,3.996268656716418,0.5146310870201972,0.0921446799068013,-0.015588594252746033,0.015533118828359036,629795,196,21
201.0,209,5469.294474,0.03827751196172249,0.041695146958304855,0.056103108415466264,4.048507462686567,0.5165888183782349,0.09134800021945466,-0.01612991715586767,0.015800735173094858,619991,185,20
200.0,209,5533.608299,0.0430622009569378,0.04171000624089869,0.057938299473288185,4.0,0.5203262400834234,0.09176751505942367,-0.016226189830140555,0.015140825961903729,647626,169,20
202.0,209,5580.502044,0.03349282296650718,0.04162164943149663,0.0338855421686747,4.104477611940299,0.508583984363539,0.09184604648666059,-0.016426002469268345,0.015406087283268022,659872,190,21
203.0,209,5638.85432,0.028708133971291867,0.0414842716074519,0.039511494252873564,4.164179104477612,0.5027854225612445,0.09144010195412064,-0.016461342395921834,0.014284197111299916,650232,184,21
196.0,209,5702.020005,0.06220095693779904,0.04170234197935029,0.06987577639751552,4.223880597014926,0.498918412039623,0.09118141685936515,-0.016869875972251418,0.014767710742064327,646881,147,21
201.0,209,5745.86701,0.03827751196172249,0.041666666666666664,0.04081632653061224,4.130597014925373,0.5093931368529842,0.09085235841697437,-0.01721358364969577,0.014353320505486504,631482,213,21
201.0,209,5806.406931,0.03827751196172249,0.04163172692744044,0.060842433697347896,4.074626865671642,0.5080203770130354,0.09037570766855378,-0.016726711271230058,0.014050437467833247,633468,169,21
198.0,209,5847.513083,0.05263157894736842,0.041743970315398886,0.0753474762253109,3.996268656716418,0.5152249952870781,0.08966782147951906,-0.017016507030772367,0.014010597106174852,609160,200,21
204.0,209,5903.693855,0.023923444976076555,0.041563965008941085,0.025659824046920823,3.9141791044776117,0.5273178204749693,0.08879588543767648,-0.016740621218233158,0.013059701492537313,597316,173,21
207.0,209,5975.795618,0.009569377990430622,0.04124401913875598,0.012148823082763858,4.007462686567164,0.5144787651380439,0.08962523079994011,-0.017266330655222317,0.013174310095314137,618450,175,21
205.0,209,6020.485409,0.019138755980861243,0.04102515514709366,0.02645113886847906,4.044776119402985,0.5153863853495141,0.088865836791148,-0.017733649476388065,0.012448132780082987,593856,195,20
209.0,209,6066.201282,0.0,0.040622947743690775,0.0,4.138059701492537,0.5051737634920129,0.08922896396616634,-0.017699115044247787,0.013054319659707622,611621,190,20
208.0,209,6118.787488,0.004784688995215311,0.04027500348399684,0.006512301013024602,4.041044776119403,0.5155445264987732,0.08837907168094478,-0.017569333526934804,0.012826097478340836,601092,171,21
199.0,209,6183.526485,0.04784688995215311,0.04034781008465219,0.06268221574344024,4.0,0.5177215902693236,0.0886385426653883,-0.017641418983700863,0.012847555129434324,610169,173,21
197.0,209,6245.702543,0.05741626794258373,0.0405103668261563,0.09237875288683603,4.022388059701493,0.5145649720983232,0.08842665146982001,-0.017618844089851357,0.012442418198223868,626729,150,21
198.0,209,6289.36876,0.05263157894736842,0.04062471788390359,0.07193229901269393,3.958955223880597,0.5189931081815972,0.0879792989884733,-0.017689955304634204,0.012091272641731357,621146,199,21
203.0,209,6326.570315,0.028708133971291867,0.040513347940795065,0.0452147701582517,3.9776119402985075,0.5220269262008214,0.08803243545530805,-0.017755615621213534,0.012675925062913599,617398,199,21
188.0,209,6383.503976,0.10047846889952153,0.041068580542264754,0.12246489859594384,4.0783582089552235,0.5104741226984785,0.08777603252332994,-0.017370414857248453,0.012242446641411808,630035,141,21
198.0,209,6424.573241,0.05263157894736842,0.041174663096440016,0.06794783802333562,4.115671641791045,0.5052185844168811,0.08821644387474821,-0.017533418787767808,0.01268082768723677,650670,194,21
207.0,209,6459.114639,0.009569377990430622,0.04088734232274902,0.007374631268436578,4.156716417910448,0.5085066285855688,0.08815926715341708,-0.01804906806947531,0.012743186250056687,619289,216,21
200.0,209,6510.767902,0.0430622009569378,0.04090693564377775,0.053840063341250986,4.17910447761194,0.5065646136761123,0.087861219720462,-0.01820142914925172,0.011954518898027055,607996,174,20
208.0,209,6558.275662,0.004784688995215311,0.040584415584415584,0.0056777856635912,4.0559701492537314,0.5187319900056421,0.08789349481276994,-0.019413152856315955,0.011532125205930808,588321,179,20
205.0,209,6606.076495,0.019138755980861243,0.04039463098615404,0.02916978309648467,4.0335820895522385,0.5171580170731515,0.08859865866572537,-0.01985527709142252,0.012222026120720085,598912,194,21
199.0,209,6660.809986,0.04784688995215311,0.040460001678838245,0.06595092024539877,3.9291044776119404,0.5279198900268052,0.08909591917071251,-0.02068844858505008,0.011459563486856493,571766,190,21
208.0,209,6695.064304,0.004784688995215311,0.04014978156854587,0.007722007722007722,3.955223880597015,0.5319910249492836,0.08963633999393178,-0.021455506913441117,0.01226648173031078,568478,215,21
197.0,209,6757.837503,0.05741626794258373,0.040298630589011716,0.07952871870397643,3.8955223880597014,0.5406978821259701,0.09003782018222452,-0.02209042461750043,0.011260099707753138,566803,172,21
196.0,209,6845.437125,0.06220095693779904,0.04048582995951417,0.09423676012461059,3.753731343283582,0.5549885619777986,0.09043641322877599,-0.02263041254688033,0.011336515513126491,571825,143,21
197.0,209,6909.153484,0.05741626794258373,0.04062930824750628,0.07826747720364742,3.7611940298507465,0.5578432599930747,0.0899792908161109,-0.02320273868391023,0.011411182959300114,560590,176,21
200.0,209,6960.768613,0.0430622009569378,0.04064975272405613,0.05939226519337017,3.8544776119402986,0.5471690228478965,0.08960227987091908,-0.022840618582624365,0.012405180000838187,578722,203,21
198.0,209,7040.889859,0.05263157894736842,0.04074960127591706,0.07096774193548387,3.764925373134328,0.5548097091556721,0.09015337295814456,-0.023151419427241363,0.011970572342990149,581195,159,21
203.0,209,7116.696125,0.028708133971291867,0.04065008501720115,0.030534351145038167,3.8544776119402986,0.5419036248724979,0.09026461132635397,-0.023658395845354875,0.010798779985161981,560237,168,20
205.0,209,7191.92459,0.019138755980861243,0.040473762648050825,0.029133284777858703,3.8208955223880596,0.5450458089330948,0.0905709731475048,-0.023868884620100544,0.010749172354600073,571560,141,20
200.0,209,7246.246775,0.0430622009569378,0.04049480686194422,0.05316091954022988,3.83955223880597,0.5436332645988993,0.09149876353022257,-0.024283455628977987,0.01049985811002554,562595,189,21
199.0,209,7309.057397,0.04784688995215311,0.040554097854607195,0.062411347517730496,3.7761194029850746,0.5474831745199096,0.09217405292367088,-0.024853213222874607,0.010456044397973136,585855,189,21
202.0,209,7370.994022,0.03349282296650718,0.04049760765550239,0.05420827389443652,3.6977611940298507,0.556818761969958,0.09250837721397798,-0.02537099090473911,0.01045157172490825,580253,190,21
202.0,209,7416.230493,0.03349282296650718,0.040442014126224654,0.041428571428571426,3.832089552238806,0.5427896500691699,0.09165017807677088,-0.025009893153937476,0.010486743173723783,585962,195,21
202.0,209,7474.362429,0.03349282296650718,0.040387296085596956,0.0392156862745098,3.720149253731343,0.5529999480713691,0.09151224874371859,-0.025164886934673367,0.010285804020100502,575860,185,21
200.0,209,7537.199808,0.0430622009569378,0.0404081937799043,0.04684014869888476,3.8097014925373136,0.544548357930117,0.09130570271112497,-0.025436272982237457,0.009426612651916485,561259,184,21
204.0,209,7589.362284,0.023923444976076555,0.040280405029487036,0.03193033381712627,3.824626865671642,0.5415598791352777,0.09039264183026743,-0.025583552326480137,0.009429587262328025,553999,194,21
201.0,209,7666.46034,0.03827751196172249,0.040264998159735,0.04498525073746313,3.8470149253731343,0.5344355946937851,0.09103807953368868,-0.02546305173141082,0.009663688307704107,582641,150,21
200.0,209,7724.036594,0.0430622009569378,0.04028635085284342,0.05707931801334322,3.7425373134328357,0.5520229030919914,0.09072572972561556,-0.025611751722038285,0.009133462724055257,574168,177,20
195.0,209,7773.089989,0.06698564593301436,0.040488618239814415,0.08434596140100072,3.8582089552238807,0.5410822650739447,0.09035962526443034,-0.025725294650951948,0.009821698398307646,596596,172,20
204.0,209,7840.787401,0.023923444976076555,0.04036406806489909,0.034256559766763846,3.8694029850746268,0.538266339507983,0.09064327485380116,-0.02575348627980207,0.0098215624531414,593064,164,21
190.0,209,7914.07242,0.09090909090909091,0.04074126972791545,0.10519031141868512,3.966417910447761,0.5292082462024531,0.09119332985930172,-0.025757462964341546,0.009752103029851857,610543,153,21
203.0,209,7967.792883,0.028708133971291867,0.040652135388977495,0.03806734992679356,3.970149253731343,0.5267747519326532,0.09073109461007056,-0.026118438065683994,0.010417821123794746,600453,193,21
193.0,209,8025.303548,0.07655502392344497,0.040916127216436816,0.09627547434996486,3.9813432835820897,0.5191934301806866,0.09126256327488812,-0.026190301518597314,0.010417430856136747,612277,181,21
196.0,209,8096.159276,0.06220095693779904,0.0410714909370307,0.08357988165680473,3.9813432835820897,0.5272375725447748,0.09072037293320707,-0.025930512054774566,0.009906038313059947,614201,172,21
204.0,209,8157.697259,0.023923444976076555,0.040947229734415086,0.03668261562998405,3.996268656716418,0.529465993930817,0.08990673125587448,-0.026462294844913598,0.010483696045116044,585569,184,21
201.0,209,8236.51834,0.03827751196172249,0.04092802313173385,0.05232558139534884,3.9328358208955225,0.5283056769165168,0.08976061443491369,-0.026235509456985967,0.011269425402864013,591632,169,21
206.0,209,8299.598476,0.014354066985645933,0.04073820915926179,0.02513328255902513,4.093283582089552,0.514519833521086,0.0893512415832413,-0.025401688695714134,0.01093733300081941,614235,166,21
201.0,209,8358.127595,0.03827751196172249,0.04072075740608775,0.053064275037369206,4.201492537313433,0.5042496555256128,0.08807923593915812,-0.024478245489918643,0.010930314821365405,599813,166,20
201.0,209,8422.410681,0.03827751196172249,0.0407035514522542,0.04491017964071856,4.231343283582089,0.49902962933290557,0.08798426469038671,-0.024621544729724984,0.010958519194970321,604892,132,20
205.0,209,8470.801202,0.019138755980861243,0.04055274868671998,0.026392961876832845,4.197761194029851,0.4987561835383927,0.08819221648765518,-0.024027060956897755,0.00979913516529502,619744,192,21
195.0,209,8525.074212,0.06698564593301436,0.04073631047315258,0.08670520231213873,4.074626865671642,0.5054367445841229,0.08811610266357245,-0.023830140971909528,0.010044681514322331,636702,162,21
196.0,209,8579.083995,0.06220095693779904,0.040884342517736344,0.07997010463378176,4.119402985074627,0.49821196219731934,0.08779715828946916,-0.023635050056765403,0.01045859565830667,654629,152,21
195.0,209,8616.754689,0.06698564593301436,0.04106311856852592,0.08744394618834081,3.985074626865672,0.5196166525896443,0.08734877998769736,-0.023955983869865353,0.009226983801517326,632365,213,21
192.0,209,8673.090927,0.08133971291866028,0.04133710900628194,0.09057164068299926,4.059701492537314,0.5156479391972063,0.08752631221565832,-0.024241189651660215,0.009064982684864534,634502,173,21
202.0,209,8729.113,0.03349282296650718,0.04128410707358076,0.052140077821011675,4.003731343283582,0.5139411146196673,0.08753709198813056,-0.024143512274076073,0.009610196924736985,644606,160,21
200.0,209,8788.796593,0.0430622009569378,0.04129604058957644,0.06095679012345679,4.104477611940299,0.5045654431858837,0.087486602357985,-0.02384780278670954,0.008942926045016078,653903,143,21
205.0,209,8846.30666,0.019138755980861243,0.04114832535885168,0.027245949926362298,4.063432835820896,0.4961295366615576,0.08798775822494262,-0.023984564718405908,0.009214596986128205,686357,175,21
197.0,209,8902.062135,0.05741626794258373,0.041256060077949235,0.07569141193595343,4.026119402985074,0.4981886378202177,0.08754709498314496,-0.023828409015797476,0.009121554630180448,675899,161,20
190.0,209,8951.474189,0.09090909090909091,0.041582724754469905,0.12219644238205724,3.9402985074626864,0.5093707646293486,0.08759196006305833,-0.024238045191802417,0.008013662637940094,672785,190,20
200.0,209,8989.727925,0.0430622009569378,0.041592394533571005,0.06254545454545454,3.9328358208955225,0.5138675718351143,0.08757504567997912,-0.024895588619159487,0.008385539023753589,635771,193,21
202.0,209,9047.632477,0.03349282296650718,0.04153979991300565,0.04922850844966936,3.75,0.5326492249519283,0.08777957860615883,-0.025186385737439223,0.008719611021069692,644318,194,21
198.0,209,9083.660954,0.05263157894736842,0.04161135977774348,0.05827338129496403,3.9029850746268657,0.5175459110934421,0.08731641329554239,-0.025380056686421026,0.00908271064158722,628542,220,21
200.0,209,9137.671774,0.0430622009569378,0.04162066004171267,0.05922038980509745,3.8992537313432836,0.5191028982719672,0.0873015873015873,-0.025633640552995392,0.009152585765488991,624691,190,20
199.0,209,9212.485796,0.04784688995215311,0.0416603175570658,0.061051004636785165,4.082089552238806,0.5108401179739523,0.08668553439119789,-0.02566222533151016,0.009221865360765732,630014,160,21
192.0,209,9264.972153,0.08133971291866028,0.041911452970746776,0.10709117221418235,4.059701492537314,0.5114940691578709,0.08663358513227346,-0.02572774107904801,0.009292329087518569,625047,175,21
198.0,209,9310.386785,0.05263157894736842,0.04197887514670037,0.07223476297968397,4.041044776119403,0.5087878876423696,0.0863460753211672,-0.02553632565882464,0.009768508339353582,637912,205,21
201.0,209,9371.276053,0.03827751196172249,0.04195574162679426,0.0468417317246274,4.130597014925373,0.4985748149414662,0.08592920906423622,-0.02509519945065235,0.009956926150196641,645847,169,21
203.0,209,9428.723902,0.028708133971291867,0.04187345834943089,0.034328358208955224,4.059701492537314,0.5035121245138535,0.08526410471139233,-0.025061257405167334,0.010297447349647965,631025,169,20
200.0,209,9466.471114,0.0430622009569378,0.04188079626676118,0.06961077844311377,3.970149253731343,0.5202630846510041,0.08553990320890231,-0.025399956844733517,0.010634690669214882,632591,193,20
201.0,209,9519.37252,0.03827751196172249,0.04185869022807996,0.05043227665706052,3.9813432835820897,0.5137659506359719,0.08516635010109674,-0.024814655964708044,0.00989522700814901,646411,194,21
202.0,209,9574.984288,0.03349282296650718,0.041807678842338665,0.04924543288324067,3.8805970149253732,0.5240632047660666,0.084977469248569,-0.025088296188040433,0.009651686761661187,630556,173,21
207.0,209,9619.676984,0.009569377990430622,0.041612295200811944,0.011355034065102196,3.7761194029850746,0.5331106880562286,0.08435448246649117,-0.025263985961090436,0.010196363196272427,606292,210,21
203.0,209,9675.88116,0.028708133971291867,0.04153455928979074,0.039504260263361735,3.8805970149253732,0.5272175274794145,0.08426054008540326,-0.02529019065375594,0.010434834907078848,599803,190,21
198.0,209,9736.121322,0.05263157894736842,0.041601008509297197,0.06586402266288952,3.8097014925373136,0.5366441749750916,0.08477818964486428,-0.02558890350352744,0.009386583761807964,610921,176,21
194.0,209,9806.821786,0.07177033492822966,0.04178058783321941,0.08835904628330996,3.83955223880597,0.5257203045487413,0.08583486892944184,-0.025649408547821436,0.009005528145990607,638353,163,21
205.0,209,9854.040892,0.019138755980861243,0.04164661249681493,0.030814380044020543,3.8358208955223883,0.5238395436955383,0.085817257983516,-0.025730406782665208,0.008182919263832678,637127,194,21
200.0,209,9893.648398,0.0430622009569378,0.04165493948775682,0.06463595839524518,3.843283582089552,0.5251098307830863,0.0864291797597721,-0.026254735543743208,0.008516636809491645,649721,202,21
201.0,209,9968.991181,0.03827751196172249,0.04163518844959288,0.0576036866359447,3.917910447761194,0.5183338452037997,0.0865058974658414,-0.026129861030012847,0.007970337498540231,644446,153,20
201.0,209,10014.175038,0.03827751196172249,0.0416156670746634,0.04633781763826607,3.83955223880597,0.5281659681273485,0.08591414390619104,-0.02597741851217601,0.008127013612747801,647482,198,20
205.0,209,10065.926861,0.019138755980861243,0.041485742733080734,0.029667149059334298,3.9291044776119404,0.5213789672304661,0.08517513993883086,-0.025448669859772635,0.007819262507934676,621315,199,21
199.0,209,10123.751756,0.04784688995215311,0.04152230105043172,0.06078576723498888,3.966417910447761,0.5144118089730804,0.08509051266603551,-0.025360759675244572,0.00811888573313825,630022,171,21
199.0,209,10175.666445,0.04784688995215311,0.04155844155844156,0.06441717791411043,3.951492537313433,0.5189301565001674,0.08477863989046097,-0.025245321770880878,0.007445230488361479,642412,178,21
206.0,209,10213.423864,0.014354066985645933,0.041403871248368855,0.01516245487364621,3.9776119402985075,0.5136715469526164,0.08493562475185752,-0.024956043332766152,0.007373376439226363,644532,198,21
191.0,209,10272.165602,0.0861244019138756,0.041656529613710705,0.11360123647604328,3.8171641791044775,0.534903682278821,0.0849575494316419,-0.02530110286858658,0.006825938566552901,637925,202,21
196.0,209,10338.165914,0.06220095693779904,0.04177194774474491,0.08846153846153847,3.787313432835821,0.5349835762060664,0.08510757665011641,-0.02580717551684479,0.0067884092120396086,641656,173,21
200.0,209,10398.953486,0.0430622009569378,0.041779155863248776,0.05967976710334789,3.753731343283582,0.5391092008078726,0.08558118775977015,-0.025718987977349436,0.006025272671483166,646669,200,21
198.0,209,10470.872386,0.05263157894736842,0.041839447102604996,0.07238805970149254,3.8171641791044775,0.5330486599476094,0.08563819457929925,-0.025938358254501068,0.0064915249535328875,650625,181,21
198.0,209,10529.699515,0.05263157894736842,0.04189907214042137,0.07071428571428572,3.873134328358209,0.5282011971883699,0.0854462684508208,-0.02601738170782177,0.006511242930059318,646462,182,20
207.0,209,10570.505061,0.009569377990430622,0.04172143645827856,0.013385826771653543,3.8171641791044775,0.5332979516589131,0.08550971140129485,-0.02647317019642269,0.006611434214857896,626779,204,20
206.0,209,10626.267614,0.014354066985645933,0.041571887991214994,0.022382671480144403,3.843283582089552,0.53353894771077,0.08549293469365486,-0.026597195700802007,0.006547002018658956,618486,191,21
206.0,209,10673.175417,0.014354066985645933,0.04142396505096734,0.02252252252252252,3.876865671641791,0.5286806910314078,0.08525933159722222,-0.026340060763888888,0.006510416666666667,610882,205,21
200.0,209,10751.812178,0.0430622009569378,0.0414328203801888,0.060167555217060166,4.003731343283582,0.512035296337663,0.08544679473343406,-0.026143967191884308,0.00679905029138787,629315,156,21
195.0,209,10808.703996,0.06698564593301436,0.04157020116273087,0.07526132404181185,3.8470149253731343,0.5243313932501228,0.08548270216591965,-0.025980300061730053,0.0063340400976945165,634651,187,21
200.0,209,10867.740164,0.0430622009569378,0.041578179771256045,0.057163531114327065,3.8805970149253732,0.5168956094278145,0.08542673322832964,-0.02570810753090045,0.006193438159053899,646976,184,21
192.0,209,10925.100389,0.08133971291866028,0.041789677287997554,0.10559886605244508,3.8694029850746268,0.5173997460058415,0.08581445379936788,-0.025736368223951554,0.005790018857400866,659223,179,21
201.0,209,10983.221566,0.03827751196172249,0.04177109440267335,0.0547112462006079,3.779850746268657,0.5242188177178022,0.08559653386875198,-0.02575821621050407,0.006049878474056853,643256,190,21
202.0,209,11054.046702,0.03349282296650718,0.04172752455300932,0.038941954445260836,3.783582089552239,0.5263204087083173,0.08587796289483365,-0.025411257686445577,0.005623587533505019,656295,164,21
206.0,209,11092.016461,0.014354066985645933,0.04158420802124302,0.014738393515106854,3.888059701492537,0.523257140948698,0.08541557762676424,-0.02564035546262415,0.006220595922634606,628638,195,20
202.0,209,11143.716474,0.03349282296650718,0.0415420653907496,0.05266955266955267,4.130597014925373,0.5018615065461773,0.08457698507617908,-0.02550569393167282,0.006473922312932245,621800,180,20
197.0,209,11202.888458,0.05741626794258373,0.04162431514490418,0.06976744186046512,4.197761194029851,0.4947920611828298,0.0845340024315166,-0.025323986652525932,0.006337463462583098,624904,174,21
197.0,209,11251.348068,0.05741626794258373,0.04170571696344892,0.07868601986249045,4.115671641791045,0.5019632400575226,0.08415688696726374,-0.02519559398805847,0.0063053325097797,625659,197,21
201.0,209,11295.327588,0.03827751196172249,0.04168813642497853,0.05143721633888049,3.9477611940298507,0.521186250216758,0.08403103156924495,-0.025398776147681594,0.006042450777069411,616529,168,20
200.0,209,11360.453687,0.0430622009569378,0.041695146958304855,0.059025394646533974,3.8917910447761193,0.5202095003807927,0.08406144127162035,-0.02504012023333418,0.0061390325292304555,615215,182,21
193.0,209,11418.269922,0.07655502392344497,0.04187210064848323,0.11344211344211344,3.8507462686567164,0.5280821983805336,0.08413181242078581,-0.025069708491761725,0.005982256020278834,624071,171,21
193.0,209,11486.448569,0.07655502392344497,0.0420472669276497,0.07663690476190477,3.873134328358209,0.5254667862130823,0.08407537270135963,-0.025048558383573394,0.005902681431778624,625509,171,21
197.0,209,11542.178111,0.05741626794258373,0.04212449808852877,0.06925418569254185,3.906716417910448,0.5223718265770363,0.08381024096385542,-0.025225903614457833,0.006024096385542169,634566,197,21
207.0,209,11599.898362,0.009569377990430622,0.041961722488038276,0.009665427509293681,3.9402985074626864,0.5175618037739861,0.08320223737108898,-0.02549504332409419,0.006442430144580119,606768,195,21
202.0,209,11645.657485,0.03349282296650718,0.041919588659572946,0.03279832519190509,4.037313432835821,0.5161040873889031,0.08238714005316902,-0.02524286317672489,0.006310715794181222,606510,193,20
201.0,209,11696.405977,0.03827751196172249,0.041901558576910324,0.038461538461538464,4.205223880597015,0.49350092728889927,0.08222496909765142,-0.025166872682323857,0.006551297898640297,613895,174,20
202.0,209,11750.197273,0.03349282296650718,0.041860136234001935,0.045655375552282766,4.186567164179104,0.49476152344288077,0.08213618026173373,-0.02506641739643806,0.006469546393781364,625899,168,21
204.0,209,11799.374967,0.023923444976076555,0.04177221127685524,0.02753623188405797,4.257462686567164,0.49290817511388113,0.08157920501272763,-0.025014685725474838,0.006559624045427844,622106,191,21
203.0,209,11858.239391,0.028708133971291867,0.041708484070486634,0.031892274982282066,4.167910447761194,0.5002136026984142,0.08124893446016708,-0.024769234516184027,0.006916875715433888,637580,162,21
199.0,209,11914.992526,0.04784688995215311,0.04173828215729084,0.06483439041578576,4.0559701492537314,0.5109700136885565,0.08143875127248049,-0.024795191235639148,0.00661689854088904,645103,172,21
196.0,209,11975.125966,0.06220095693779904,0.041837135658645955,0.09090909090909091,4.007462686567164,0.5154251076934528,0.08158440681237034,-0.025063926279731752,0.006682105466299995,636128,182,21
195.0,209,12038.376257,0.06698564593301436,0.04195804195804196,0.08967971530249111,4.014925373134329,0.5151118243134986,0.08187471487910875,-0.02523469951259334,0.006602799587024899,638379,173,21
192.0,209,12094.990828,0.08133971291866028,0.04214647100570042,0.11173576950105411,3.9738805970149254,0.5213917650032516,0.08185750818575081,-0.025357902535790254,0.006596400659640066,635550,187,21
203.0,209,12136.980505,0.028708133971291867,0.04208247892458419,0.048291233283803865,3.962686567164179,0.5206531116352943,0.08189040053277519,-0.025259252211968414,0.006065074683664732,636826,183,21
201.0,209,12195.973553,0.03827751196172249,0.042064445905802855,0.05113221329437546,3.925373134328358,0.5170531687872797,0.082258255414842,-0.025541484199313527,0.006154574505858682,654191,173,20
200.0,209,12258.269464,0.0430622009569378,0.04206915229755349,0.045655375552282766,3.91044776119403,0.5185787165276247,0.08267169277889033,-0.025703852043821415,0.006266933678878549,656332,145,20
199.0,209,12316.618575,0.04784688995215311,0.04209627782644832,0.06397058823529411,3.9141791044776117,0.5208408047091782,0.08247350154769721,-0.025865303442453802,0.00623768877216021,636877,160,21
207.0,209,12356.17883,0.009569377990430622,0.04194428296740151,0.010668563300142247,3.8917910447761193,0.5213119240695109,0.08251849431751884,-0.025903712865510724,0.006744300016335675,639038,199,21
203.0,209,12393.570614,0.028708133971291867,0.04188271948369868,0.048875096974398756,3.8805970149253732,0.5249455726081189,0.08243136526222883,-0.025874483207135226,0.0063641008965485205,634031,222,21
204.0,209,12460.864655,0.023923444976076555,0.04179957469431154,0.020553359683794466,3.9365671641791047,0.5233992484827872,0.08241250173378335,-0.025868047528780802,0.006172268713301586,633855,172,21
193.0,209,12526.720212,0.07655502392344497,0.041959738054814455,0.1111111111111111,3.9365671641791047,0.5245850738939949,0.08227658742031253,-0.025753147223309014,0.006628155853720283,642831,164,21
201.0,209,12572.364553,0.03827751196172249,0.0419428471094333,0.06282722513089005,4.022388059701493,0.5226660752735652,0.08169156052414552,-0.025703289654540457,0.006368551269128562,634406,203,21
195.0,209,12636.560541,0.06698564593301436,0.04205719778899303,0.08430232558139535,4.026119402985074,0.5220156778910457,0.08153351426551417,-0.025657399594042923,0.006134969325153374,624264,182,21
200.0,209,12687.823885,0.0430622009569378,0.04206176598521096,0.04561911658218682,3.9776119402985075,0.5293846225360404,0.08089086657434104,-0.025836038776761185,0.0068563125752037594,603561,196,21
199.0,209,12749.351077,0.04784688995215311,0.04208794301673559,0.07275541795665634,4.0559701492537314,0.5188991688888367,0.08104687429372147,-0.025652036342268227,0.006599466618451386,622710,165,20
209.0,209,12807.607283,0.0,0.04189835768783137,0.0,4.048507462686567,0.5202452534646345,0.08068833652007648,-0.025711393544033293,0.006950849173321336,612892,153,19
205.0,209,12868.483305,0.019138755980861243,0.04179629669362971,0.03136954858454476,4.141791044776119,0.5079141447104908,0.08072100313479624,-0.025570980743394537,0.006672637707120466,608748,165,21
197.0,209,12931.532093,0.05741626794258373,0.041866028708133975,0.07638402242466713,4.07089552238806,0.5151383665863166,0.08090153153353992,-0.025525558998595536,0.0063758164834919855,621612,163,21
190.0,209,12998.437677,0.09090909090909091,0.04208399787347156,0.1243561442236939,4.152985074626866,0.5111265408995732,0.08133726996248362,-0.026039469887006905,0.006504317712611273,630897,142,21
205.0,209,13048.66263,0.019138755980861243,0.041982470254477704,0.03312788906009245,3.966417910447761,0.5217547585408888,0.08118978166710863,-0.025965703173340404,0.006585344294174843,617064,186,21
191.0,209,13101.470948,0.0861244019138756,0.04217692810319752,0.10465116279069768,4.026119402985074,0.5111691798480059,0.08113460819048038,-0.025988601104680587,0.0065136544682349315,638202,209,21
197.0,209,13158.299641,0.05741626794258373,0.04224376731301939,0.07301360057265568,4.093283582089552,0.5057475692330469,0.08135407537248028,-0.025942156003505697,0.006375985977212971,662679,180,21
206.0,209,13198.12375,0.014354066985645933,0.04212197822862038,0.014603616133518776,4.0783582089552235,0.5030394957212218,0.08144658203551018,-0.02589102647995463,0.006216463813636958,669528,197,21
206.0,209,13236.44929,0.014354066985645933,0.04200124817973788,0.017106200997861726,4.115671641791045,0.4999523804151146,0.08110396942586641,-0.025840354382002953,0.005841222965343525,645936,204,21
203.0,209,13278.645535,0.028708133971291867,0.04194370223078357,0.041274438812454746,4.067164179104478,0.5042925543688285,0.08087774294670846,-0.02579180629121176,0.00613987677007891,645160,191,20
194.0,209,13339.009355,0.07177033492822966,0.04207226530275532,0.1068313953488372,4.145522388059701,0.492021696438735,0.08077676591530496,-0.02557643867467545,0.006329522702318672,651434,149,20
201.0,209,13379.287133,0.03827751196172249,0.042055978807729426,0.045038705137227304,3.951492537313433,0.5160291237442982,0.08068595927116827,-0.0257449088960343,0.006066452304394426,630558,206,21
201.0,209,13438.827908,0.03827751196172249,0.04203983151351572,0.04002760524499655,4.003731343283582,0.508022808639354,0.08085206292288319,-0.026018654884634267,0.0059977375082709014,633626,176,21
200.0,209,13488.399076,0.0430622009569378,0.04204418202178561,0.05555555555555555,3.970149253731343,0.5158871498046248,0.08065715925272576,-0.02601432488151155,0.006227285286178827,622103,196,21
199.0,209,13543.257548,0.04784688995215311,0.04206876976725327,0.06109324758842444,3.955223880597015,0.5176969837170698,0.08082539682539683,-0.026052910052910053,0.0062433862433862435,644368,179,21
201.0,209,13591.92336,0.03827751196172249,0.0420527728988755,0.05727554179566564,3.9925373134328357,0.519193838031724,0.08056732207961897,-0.026174369349434155,0.005985121493751449,637087,195,21
202.0,209,13643.52554,0.03349282296650718,0.04201680672268908,0.05015197568389058,4.052238805970149,0.5245859948221221,0.08014185885463665,-0.02610538685916941,0.006190586112102071,619083,171,21
192.0,209,13701.062131,0.08133971291866028,0.04218133771095674,0.10129163834126445,4.100746268656716,0.5121685596766504,0.08025917023722437,-0.025917023722437035,0.006207545198035323,632477,167,21
195.0,209,13767.701897,0.06698564593301436,0.042284688995215314,0.09454265949269793,4.0111940298507465,0.51929016167772,0.08028726061615321,-0.025895087427144046,0.0062031640299750205,618809,156,21
202.0,209,13819.914018,0.03349282296650718,0.042248208223311955,0.04712041884816754,4.0,0.5308530923949691,0.08038638530740848,-0.0260768624849716,0.005430952282243688,618220,186,20
198.0,209,13889.683881,0.05263157894736842,0.04229111471390723,0.06184798807749627,4.074626865671642,0.5203229032935187,0.08042939719240297,-0.025867052023121388,0.005388109000825764,621786,168,20
204.0,209,13939.603428,0.023923444976076555,0.04221552759564456,0.03507516105941303,4.115671641791045,0.5118286549519657,0.08046213304826906,-0.0257996875256969,0.004974919825672231,622228,191,21
204.0,209,14009.406245,0.023923444976076555,0.04214056004392502,0.030209140201394268,4.085820895522388,0.5148293419759427,0.0805560104814936,-0.025896659023910907,0.0051793318047821816,622287,164,21
207.0,209,14059.24409,0.009569377990430622,0.042007616443706666,0.0167427701674277,3.962686567164179,0.5259305434956849,0.08007338701457548,-0.025970849046988074,0.004912852920191621,603325,194,21
200.0,209,14133.39629,0.0430622009569378,0.04201190337262224,0.05389221556886228,4.0559701492537314,0.5104639309526493,0.07982945893817886,-0.025621764287889554,0.005339559435590295,614770,147,20
205.0,209,14182.688929,0.019138755980861243,0.04191929953702807,0.0264797507788162,4.130597014925373,0.5066563750811918,0.07968054993934492,-0.02551556813586737,0.005458956732713303,616786,186,21
196.0,209,14226.156523,0.06220095693779904,0.04200108041364408,0.08076358296622614,4.003731343283582,0.5181286934405409,0.07918479136458836,-0.025233607217657484,0.005296439503786048,612640,210,21
199.0,209,14281.418328,0.04784688995215311,0.04202455756038508,0.049964311206281226,4.145522388059701,0.5074384843849837,0.07914953364757797,-0.02513288536756594,0.005435763714772841,628564,173,21
196.0,209,14319.288465,0.06220095693779904,0.042105263157894736,0.07871720116618076,4.007462686567164,0.5219045127883616,0.07879962438312921,-0.02531417953687239,0.005214681025354139,606013,195,21
197.0,209,14378.946628,0.05741626794258373,0.04216626317695724,0.08533916849015317,3.9291044776119404,0.530534750597104,0.07876930425091545,-0.02535424295494348,0.004875815952873746,615216,175,20
205.0,209,14426.707741,0.019138755980861243,0.04207488418014734,0.027936962750716332,4.037313432835821,0.5238354207202655,0.07878619705468456,-0.025231403484431054,0.004816363744475056,613911,186,20
194.0,209,14499.737702,0.07177033492822966,0.04219225750326229,0.08464163822525597,4.003731343283582,0.5200198593601735,0.07935316998045294,-0.025233478784528206,0.004639958931427331,646271,174,21
197.0,209,14555.218952,0.05741626794258373,0.04225219455223599,0.06422018348623854,4.007462686567164,0.5256982057165454,0.07926205648650775,-0.02517504523640941,0.004720320981826764,652860,190,21
197.0,209,14622.81751,0.05741626794258373,0.04231166150670795,0.08290535583272193,4.0559701492537314,0.5145756982561013,0.07977900119511765,-0.02537175995768108,0.005015575713641974,681280,166,21
199.0,209,14686.891426,0.04784688995215311,0.04233328349282297,0.050746268656716415,4.0111940298507465,0.5217480610606898,0.07989851678376268,-0.02533177205308353,0.0047814207650273225,675428,181,21
204.0,209,14749.588815,0.023923444976076555,0.04226164987991734,0.03458646616541353,4.022388059701493,0.5185131780810399,0.07958168105124018,-0.025328512557343908,0.004956846279449498,661799,179,21
206.0,209,14790.907409,0.014354066985645933,0.04215348095397055,0.02096890817064353,4.0783582089552235,0.5125686281096454,0.07936108422071636,-0.025343659244917716,0.004646660212971926,649762,202,21
205.0,209,14840.364859,0.019138755980861243,0.042064621011989434,0.026831036983321246,3.9888059701492535,0.518401015587603,0.07914376627133353,-0.025474881882171438,0.004493298621155144,635116,199,21
208.0,209,14886.931278,0.004784688995215311,0.041921236658078766,0.00702576112412178,4.0111940298507465,0.5190882897504824,0.07903885676968288,-0.025488350652094576,0.00468662966021935,626472,207,21
203.0,209,14951.14758,0.028708133971291867,0.04187061174357,0.039493293591654245,4.145522388059701,0.5036957604839247,0.07888493475682087,-0.025044962308192708,0.004783224275819844,645663,156,20
194.0,209,15013.549784,0.07177033492822966,0.04198473282442748,0.09358081979891725,4.16044776119403,0.49993489109250777,0.07870758673274876,-0.02474266107510484,0.0049370949294700725,652135,147,20
195.0,209,15065.46876,0.06698564593301436,0.042079793330543784,0.08071748878923767,4.152985074626866,0.4975838205135622,0.07847307947963156,-0.024404140157629855,0.005089735067894787,658378,186,21
197.0,209,15118.446674,0.05741626794258373,0.04213788603740757,0.08147080028839221,4.018656716417911,0.5157942795175313,0.07827518353137063,-0.0242942556573072,0.004692348444713539,654555,184,21
201.0,209,15177.687573,0.03827751196172249,0.04212331858806536,0.047619047619047616,4.082089552238806,0.5098228647891938,0.07812941775205925,-0.024126816579646767,0.0045237781086837694,644115,170,21
197.0,209,15228.63592,0.05741626794258373,0.04218081087887182,0.07532826537664132,4.093283582089552,0.5113627388503602,0.07808450704225352,-0.023981220657276994,0.0044882629107981225,647881,180,21
200.0,209,15272.388806,0.0430622009569378,0.042184111965306526,0.05832747716092762,3.9925373134328357,0.524562399013582,0.07805425631431244,-0.024078578110383535,0.0045088868101029,645762,212,21
200.0,209,15339.688664,0.0430622009569378,0.042187388416767835,0.05308352849336456,4.014925373134329,0.5212197605997748,0.07778191985088537,-0.023895619757688724,0.004529356943150047,651383,181,21
205.0,209,15390.855479,0.019138755980861243,0.04210170576830722,0.025252525252525252,4.085820895522388,0.5151468595209688,0.07750440998978739,-0.023823229040943274,0.0046049577569399315,633787,177,21
197.0,209,15457.162124,0.05741626794258373,0.04215842636895269,0.08524833209785027,4.052238805970149,0.51941399827308,0.07735143935469548,-0.02371790128024865,0.004292163102197884,624948,147,21
206.0,209,15519.632231,0.014354066985645933,0.04205582725683716,0.020202020202020204,4.134328358208955,0.5083622409551648,0.07720520476243134,-0.023406686571565482,0.004386449924435106,629217,164,20
204.0,209,15557.676558,0.023923444976076555,0.041989164086687306,0.03154805575935436,4.2388059701492535,0.5016575617568618,0.07697109911497925,-0.023374095699753957,0.004388380889427491,623128,182,20
202.0,209,15596.616932,0.03349282296650718,0.04195804195804196,0.04864091559370529,4.1940298507462686,0.5044223340750588,0.07705253914825114,-0.02336089565344651,0.00457339382408898,630331,210,21
198.0,209,15655.994282,0.05263157894736842,0.04199699647260154,0.07557732680195942,4.186567164179104,0.5032524896956317,0.0771390033174146,-0.0234588604134009,0.0047209361671102035,649221,154,21
197.0,209,15701.344162,0.05741626794258373,0.04205306655067421,0.07822878228782287,4.059701492537314,0.5137283673379798,0.07706278719192139,-0.02361103543471549,0.004649557747143973,634916,196,21
206.0,209,15736.172806,0.014354066985645933,0.041952707856598014,0.020766773162939296,3.9776119402985075,0.5251138630308702,0.07668506287885642,-0.023794444947073192,0.004867456799059079,612753,211,21
202.0,209,15787.814995,0.03349282296650718,0.04192216675591177,0.055353241077931534,4.126865671641791,0.5031357765888271,0.07723511276975499,-0.023852020120071395,0.004489155714208448,643163,173,21
205.0,209,15839.841192,0.019138755980861243,0.0418402120408936,0.02451708766716196,4.242537313432836,0.49415542994808415,0.07713033481822101,-0.023782152608133354,0.0047420606408966805,640603,181,21
207.0,209,15883.125169,0.009569377990430622,0.041724545969028144,0.015706806282722512,4.138059701492537,0.498833549112911,0.07704146459313875,-0.023801428085685142,0.0051003060183611015,635020,193,21
203.0,209,15933.61888,0.028708133971291867,0.04167805878332194,0.04011461318051576,4.014925373134329,0.5148680921166607,0.07690524588994686,-0.023929246460539923,0.005170999607717271,634533,176,21
194.0,209,15980.818394,0.07177033492822966,0.041785148734015565,0.10038022813688213,3.9402985074626864,0.5159480712300477,0.076942213376928,-0.023900063970431446,0.005028786694150259,630032,175,18
200.0,209,16001.402941,0.0430622009569378,0.041789677287997554,0.047323506594259115,4.044776119402985,0.5178709945923368,0.07672285572632623,-0.02406331893193569,0.0049224449323606485,623643,217,20
203.0,209,16058.340876,0.028708133971291867,0.041743452753309554,0.03803131991051454,4.104477611940299,0.5071333834207408,0.07687150443726953,-0.02420649623317278,0.004887171615589548,630881,181,21
197.0,209,16101.218135,0.05741626794258373,0.04179863872228587,0.07456445993031359,4.0335820895522385,0.5196049657150286,0.07679864969407131,-0.024316055981433292,0.004799915605879457,624620,185,21
194.0,209,16148.567884,0.07177033492822966,0.041903802568622514,0.08791994281629735,4.082089552238806,0.5171508374858627,0.0768529875591379,-0.02444366567373401,0.004590853338005957,625137,187,21
196.0,209,16200.827828,0.06220095693779904,0.04197477163984341,0.09578544061302682,4.093283582089552,0.5116365463055081,0.07674710997799741,-0.02437746655956414,0.004924387943980721,634677,170,20
204.0,209,16242.415165,0.023923444976076555,0.04191187503125886,0.03249630723781388,4.044776119402985,0.5100083646144363,0.07675308856794849,-0.024395336697407344,0.004767704889507569,639169,179,21
204.0,209,16310.484595,0.023923444976076555,0.041849415204678365,0.0387192851824274,4.085820895522388,0.5064973903150934,0.07672434719284253,-0.02436106391094774,0.004594791413808649,638023,161,21
197.0,209,16372.030575,0.05741626794258373,0.041903279747024055,0.06720233747260775,3.962686567164179,0.516154609630422,0.07682604413263984,-0.0243126954778732,0.00463098961483299,643064,153,21
196.0,209,16412.503916,0.06220095693779904,0.04197327173733707,0.07107320540156362,3.91044776119403,0.5217255229046427,0.0766356105877693,-0.024420066474934127,0.004512029207639451,634917,183,21
204.0,209,16455.81873,0.023923444976076555,0.041911244841250264,0.028671328671328673,3.8917910447761193,0.5264648019331278,0.07643596300046335,-0.024420380635307444,0.004513394312779942,632479,201,20
197.0,209,16518.177181,0.05741626794258373,0.04196434423543292,0.0664819944598338,3.888059701492537,0.5193819451480082,0.07674283368680304,-0.024372306218786343,0.004583703906410344,653724,155,20
201.0,209,16580.366111,0.03827751196172249,0.04195176119013015,0.0525195173882186,3.9328358208955225,0.5142629233809604,0.07680376348667951,-0.02451038879135489,0.004670268796127427,650735,164,21
194.0,209,16644.806612,0.07177033492822966,0.042053184910327765,0.09224011713030747,3.921641791044776,0.515952406362535,0.07706029254370317,-0.02441261913256205,0.004179195759645278,657711,161,21
198.0,209,16680.617875,0.05263157894736842,0.04208904387316519,0.06932773109243698,3.8507462686567164,0.5255203748188539,0.07668342899713855,-0.024432366536292986,0.004029731972028919,644022,210,21
200.0,209,16725.735697,0.0430622009569378,0.04209233156601578,0.047128129602356406,4.0111940298507465,0.508508412358348,0.07688024164290173,-0.024434282242959113,0.004252375086481835,651833,206,21
207.0,209,16777.57195,0.009569377990430622,0.041982826671821884,0.013729977116704805,4.063432835820896,0.5071605520021225,0.07683123696778099,-0.024685545167148718,0.004557072711374184,638660,198,21
207.0,209,16839.60238,0.009569377990430622,0.0418740567098038,0.013067400275103164,4.17910447761194,0.4982171333248617,0.07678257226644324,-0.024616673648931713,0.004675324675324675,633935,157,21
201.0,209,16900.439451,0.03827751196172249,0.04186202813205102,0.05977859778597786,3.9925373134328357,0.5106873561372739,0.07687554278842942,-0.024684347651813748,0.0047431358140156326,642016,158,21
204.0,209,16954.754893,0.023923444976076555,0.04180223285486443,0.03773584905660377,3.9776119402985075,0.516592942322911,0.07688082556591212,-0.024916777629826897,0.004244340878828229,641651,182,21
195.0,209,17014.977901,0.06698564593301436,0.04188589867904433,0.09828393135725429,3.9738805970149254,0.5193136455117493,0.0768145997511406,-0.024935711323102447,0.003965159684778101,640897,176,20
198.0,209,17072.445788,0.05263157894736842,0.04192148040178713,0.08498808578236695,3.9813432835820897,0.5168545084447496,0.07671192102260513,-0.024953284937079358,0.004001785920989533,650668,179,20
202.0,209,17121.232238,0.03349282296650718,0.041893663050515575,0.05455904334828102,3.9141791044776117,0.5200439676203992,0.07637412443345694,-0.025051503914297488,0.004202719406674907,627852,192,21
205.0,209,17170.48314,0.019138755980861243,0.041818811382523295,0.02301410541945063,4.037313432835821,0.5147216558239796,0.07654402102496714,-0.025246386333771353,0.004336399474375821,642041,199,21
201.0,209,17213.96612,0.03827751196172249,0.04180720056475018,0.049391553328561204,3.962686567164179,0.5196832192730724,0.07652134051505378,-0.025294281364090305,0.004125669193366186,625902,202,21
200.0,209,17271.378732,0.0430622009569378,0.04181130187322138,0.05474171164225135,3.9925373134328357,0.5140456164364061,0.07679378600218664,-0.02526068438830959,0.00419379579314959,640720,177,21
204.0,209,17330.795084,0.023923444976076555,0.041753035238377256,0.046021840873634944,3.9888059701492535,0.5190988148568141,0.07686427583963569,-0.02529072131414166,0.004082296495080101,633973,166,21
201.0,209,17379.41348,0.03827751196172249,0.041741751071894616,0.049575070821529746,3.9813432835820897,0.5221052389573642,0.0768407742437506,-0.02524073533702947,0.004247317057354991,610654,201,21
198.0,209,17429.728454,0.05263157894736842,0.041776993233303916,0.07076483202287348,3.9776119402985075,0.5216362382557561,0.07675651218408636,-0.025159976730657358,0.004314523948031801,624342,190,21
198.0,209,17503.869013,0.05263157894736842,0.04181200802592993,0.07270029673590504,3.9888059701492535,0.5140995747198505,0.07699494217325473,-0.02535356464031442,0.0040913630359846655,632458,173,21
188.0,209,17557.352689,0.10047846889952153,0.04200064616378713,0.13295210864903503,3.9813432835820897,0.5141514371813114,0.07698731331299181,-0.025341255821422836,0.003950537979765537,632272,161,20
199.0,209,17601.836241,0.04784688995215311,0.042019384124647285,0.0664179104477612,4.082089552238806,0.5114939675028013,0.07682210376346668,-0.025468632441691078,0.004114040564119803,620288,170,20
202.0,209,17653.894203,0.03349282296650718,0.04199214271519636,0.044059795436664044,4.104477611940299,0.5108886594789711,0.07675001196725759,-0.02541845510682772,0.004196518325860446,633009,177,21
201.0,209,17707.352098,0.03827751196172249,0.04198031268094962,0.03950256035113387,4.074626865671642,0.5109512264387691,0.07674322432879502,-0.02522585570683293,0.003976332866776944,638273,166,21
201.0,209,17764.66172,0.03827751196172249,0.04196855775803144,0.04598540145985401,4.048507462686567,0.5059185945718916,0.07662549743947489,-0.0250503384966626,0.004106352956098489,645304,155,21
200.0,209,17810.516989,0.0430622009569378,0.04197201865423051,0.04697072838665759,4.029850746268656,0.5065205296776295,0.07643070504006448,-0.02489213408562894,0.004156591279060579,634990,201,21
207.0,209,17863.433695,0.009569377990430622,0.04186980212216805,0.014035087719298246,4.126865671641791,0.4966662600230862,0.07630749842470069,-0.024511657214870825,0.003812224322621298,662203,174,21
209.0,209,17914.132181,0.0,0.04173813607775872,0.0,4.007462686567164,0.5073845703747113,0.07635541459278683,-0.024494025655921743,0.003815415534864733,657976,181,21
201.0,209,17965.343704,0.03827751196172249,0.04172728772629779,0.05538221528861154,3.9328358208955225,0.5122347828168115,0.07634997652214744,-0.02433870715291908,0.0036938488026295193,663598,166,21
203.0,209,18019.499448,0.028708133971291867,0.0416866028708134,0.04538341158059468,3.917910447761194,0.5092153780354837,0.07631098559905138,-0.024355233800883093,0.0037913656717582264,661303,150,20
203.0,209,18062.749605,0.028708133971291867,0.04164617150352517,0.04595997034840623,3.970149253731343,0.5066345634721949,0.07611671021525444,-0.024527186761229315,0.003919372900335946,640355,169,20
206.0,209,18106.442217,0.014354066985645933,0.04156141341496033,0.01514004542013626,3.9291044776119404,0.5160415979366889,0.07605965706489722,-0.024510867880065734,0.0037983318346717933,629663,181,20
202.0,209,18149.712995,0.03349282296650718,0.04153643325877317,0.05407407407407407,3.8582089552238807,0.5286452947317554,0.07574493076162216,-0.024449802176063302,0.003801928783382789,609709,187,21
196.0,209,18204.8528,0.06220095693779904,0.041600212652844235,0.08100358422939068,3.824626865671642,0.5327414904371773,0.0759784283513097,-0.02445300462249615,0.0038366718027734977,618090,191,21
192.0,209,18264.020533,0.08133971291866028,0.041722488038277515,0.11310452418096724,3.787313432835821,0.5315256521760982,0.07616911448411479,-0.02456523075032262,0.003748540527253733,626554,172,21
202.0,209,18325.851652,0.03349282296650718,0.04169724366689171,0.045454545454545456,3.8544776119402986,0.5257371163020728,0.07633166906607039,-0.02455049468557601,0.003798205041810886,638255,171,21
199.0,209,18365.806695,0.04784688995215311,0.0417160499246448,0.06127080181543117,3.8694029850746268,0.5251666843772775,0.07643564961140885,-0.024750736719954803,0.003939352297192066,620534,195,21
197.0,209,18413.774635,0.05741626794258373,0.04176391644299218,0.07730496453900709,3.8544776119402986,0.5210650229394904,0.07632820825087533,-0.024722179936063328,0.0039732074897244635,632343,184,21
200.0,209,18472.297007,0.0430622009569378,0.04176786259653001,0.05852601156069364,3.6305970149253732,0.5483088535369599,0.07633935346790105,-0.024814084079526483,0.004143269084838367,627679,180,21
204.0,209,18529.075135,0.023923444976076555,0.041713788603740753,0.02823529411764706,3.7723880597014925,0.5415973628588174,0.07633068054588919,-0.02481314491481829,0.004085090931098133,640304,204,21
195.0,209,18599.218278,0.06698564593301436,0.04179013862588358,0.08045977011494253,3.8694029850746268,0.523046395521424,0.07645310685030698,-0.024770323884807433,0.004178672177887734,652547,151,20
208.0,209,18626.642043,0.004784688995215311,0.04167867642820084,0.008540372670807454,4.003731343283582,0.5208271481659019,0.07592823736409161,-0.024692843286163287,0.003985142186865573,627714,207,20
199.0,209,18681.707791,0.04784688995215311,0.041697199591936435,0.06818181818181818,3.958955223880597,0.525906847374447,0.07580664507616648,-0.024844068609811684,0.0038832913518052057,631127,178,21
199.0,209,18731.965511,0.04784688995215311,0.04171561183852391,0.061224489795918366,3.8470149253731343,0.5325908548505621,0.07601464982435159,-0.024919650198071606,0.003916585693998056,637396,190,21
199.0,209,18811.013803,0.04784688995215311,0.04173391416125116,0.06454062262718299,3.798507462686567,0.5354613722388335,0.07620651623095955,-0.025084210212537632,0.003919873610158882,630785,172,21
204.0,209,18864.694062,0.023923444976076555,0.04168090681248576,0.032624113475177303,3.843283582089552,0.5288068189955679,0.07618354185859906,-0.025023031888020447,0.00401200630033582,641758,184,21
206.0,209,18901.030403,0.014354066985645933,0.041599818267005526,0.02072141212586339,3.787313432835821,0.5418722267024669,0.07618807774354112,-0.02509480919649206,0.0037034842379710833,622434,201,21
203.0,209,18960.950307,0.028708133971291867,0.04156167718920755,0.04423495286439449,3.708955223880597,0.5466131114296469,0.0761959620127904,-0.02522634291875286,0.0038696146631810595,623088,186,21
205.0,209,19010.923309,0.019138755980861243,0.041495532878858446,0.0270848182466144,3.787313432835821,0.5432799401514256,0.07624572976793498,-0.025238543998115207,0.0037695841677464954,622803,194,21
198.0,209,19054.494942,0.05263157894736842,0.041528285955530535,0.0728476821192053,3.7723880597014925,0.5508722428065778,0.07643517838790193,-0.025223902510644547,0.0036411686976949055,621090,204,21
208.0,209,19106.379077,0.004784688995215311,0.04142053347177595,0.008136094674556213,3.708955223880597,0.5588831119184494,0.07652448842179221,-0.02533739278081911,0.0036154454170204044,612952,194,20
204.0,209,19161.923999,0.023923444976076555,0.04136937239430314,0.03127272727272727,3.9477611940298507,0.5262432140593297,0.07673447943726103,-0.025159802691106507,0.0037652140918245235,629232,165,20
202.0,209,19210.91901,0.03349282296650718,0.04134640869334747,0.048104956268221574,3.9402985074626864,0.5310881494093816,0.07631977184098714,-0.0250130958617077,0.003885105639951109,621009,208,21
200.0,209,19268.618379,0.0430622009569378,0.04135139646155558,0.06360153256704981,3.9328358208955225,0.5331166713098547,0.07637397713423481,-0.02508560153212234,0.0037577621728280427,622281,181,21
194.0,209,19336.314065,0.07177033492822966,0.04143956729769087,0.10174418604651163,3.861940298507463,0.5365133296844662,0.07656471541421916,-0.025145403512833127,0.0037038108741572384,617326,175,21
202.0,209,19400.418964,0.03349282296650718,0.041416599828525594,0.04243827160493827,3.962686567164179,0.5292391795915905,0.07603866128101558,-0.024899019042123487,0.0037507212925562607,612253,169,21
197.0,209,19459.050836,0.05741626794258373,0.041462708382168416,0.08402725208175625,4.0783582089552235,0.5224810567998326,0.07585194988276249,-0.024742149402304472,0.003639397557431995,612704,173,21
196.0,209,19511.05206,0.06220095693779904,0.04152230105043172,0.07268553940321347,4.231343283582089,0.5060538142338729,0.07558131195042532,-0.024744308808973936,0.004002122989973176,610094,181,21
203.0,209,19565.279269,0.028708133971291867,0.04148558423931671,0.045639771801140996,4.0335820895522385,0.5219528871695892,0.07546198295096973,-0.024701069855254876,0.0038331712340522912,604850,174,21
208.0,209,19603.743948,0.004784688995215311,0.041380724538619275,0.006823351023502654,4.026119402985074,0.5318813739447629,0.07519536820489418,-0.02477040670811705,0.004021447721179625,571769,209,21
206.0,209,19648.420329,0.014354066985645933,0.04130372551425183,0.01978021978021978,4.100746268656716,0.5191911994340923,0.0749466799374378,-0.02461254087871463,0.0040381060713777905,575481,193,20
199.0,209,19712.545199,0.04784688995215311,0.04132231404958678,0.05844155844155844,4.126865671641791,0.5124909045220418,0.07494789377419217,-0.024528917183002735,0.0037431411192559087,585537,147,20
201.0,209,19765.319865,0.03827751196172249,0.04131368854792144,0.05407407407407407,4.104477611940299,0.5116573440754503,0.07491870493425704,-0.024459211084405484,0.003605259437296762,589247,182,20
199.0,209,19824.674729,0.04784688995215311,0.04133214391911983,0.07908351810790835,3.9888059701492535,0.5228402613080687,0.07504687786377927,-0.02439058777086946,0.0033413695385526372,598295,173,21
195.0,209,19882.216363,0.06698564593301436,0.04140440730507446,0.0850480109739369,3.966417910447761,0.5337225206832608,0.07505202182104494,-0.0244221359878522,0.0033603284404701648,590369,182,21
203.0,209,19943.438812,0.028708133971291867,0.04136874361593463,0.03406510219530658,4.0111940298507465,0.5296197255966237,0.07489449997897009,-0.024338609502712858,0.00328066510578042,598538,184,21
203.0,209,20004.284858,0.028708133971291867,0.041333279723372605,0.04428904428904429,4.067164179104478,0.5127084049310316,0.0751432965189431,-0.02436739829442192,0.003355235565496994,602949,171,21
199.0,209,20064.63621,0.04784688995215311,0.04135147416535244,0.06397562833206398,4.119402985074627,0.5163563069341751,0.07518576865702854,-0.02431373642459814,0.003192572041991384,617823,170,21
201.0,209,20104.934744,0.03827751196172249,0.0413429115965401,0.04249084249084249,4.0335820895522385,0.5185876540004876,0.07530932851383289,-0.02442652578896149,0.0032253579869317393,623096,216,21
205.0,209,20169.885047,0.019138755980861243,0.041281233386496544,0.029272151898734177,4.0559701492537314,0.5187657167864405,0.07531711374506134,-0.02452346295141055,0.0032716434463159355,614717,171,21
199.0,209,20218.842429,0.04784688995215311,0.04129942080080584,0.07265625,4.115671641791045,0.5151488446920602,0.0753034534243924,-0.024635717643155364,0.0031796941963668536,601758,172,20
190.0,209,20274.734738,0.09090909090909091,0.04143646408839779,0.135258358662614,3.985074626865672,0.5307093009155417,0.07513374882797419,-0.024598753516077435,0.0030748441895096794,600302,173,20
193.0,209,20337.758885,0.07655502392344497,0.04153320943229599,0.09555555555555556,4.014925373134329,0.5268218715088954,0.07553941994306695,-0.024781000316294675,0.003286714248387585,595657,158,20
189.0,209,20409.705611,0.09569377990430622,0.041682002208318,0.10869565217391304,4.104477611940299,0.5146868571978263,0.07572764930184073,-0.024661893396976928,0.003291910130853428,617982,145,21
201.0,209,20477.420654,0.03827751196172249,0.04167267483777938,0.05695266272189349,4.0783582089552235,0.5140466521007039,0.07599819442734622,-0.024621445278837868,0.0032555022090907846,635518,142,21
209.0,209,20535.590482,0.0,0.041558815070463044,0.0,4.141791044776119,0.5085259046638785,0.07552239620273883,-0.02423754705657701,0.003409896884718206,636727,191,20
196.0,209,20591.920645,0.06220095693779904,0.04161506068863017,0.06378454996456413,4.0111940298507465,0.5095248077351587,0.07562030688867123,-0.024036891936010447,0.0036864729567961693,651562,163,20
202.0,209,20638.691998,0.03349282296650718,0.04159298939047223,0.043631245601688955,3.876865671641791,0.5241532117715254,0.07538595110833762,-0.024065984751878884,0.0037713324470249883,639320,190,21
206.0,209,20681.282363,0.014354066985645933,0.04151917117257297,0.020664206642066422,3.996268656716418,0.5090267339279632,0.07541937229437229,-0.024120670995670997,0.0038825757575757574,634946,189,20
206.0,209,20716.795354,0.014354066985645933,0.04144575197206776,0.015302218821729151,4.007462686567164,0.5098204726316878,0.07519628740253083,-0.024080619485740497,0.003817823705582387,619156,212,21
204.0,209,20756.859736,0.023923444976076555,0.041398522034073175,0.027698863636363636,4.003731343283582,0.5027913349429626,0.07532624781380332,-0.02417597201668236,0.0038746132113547695,621021,198,20
201.0,209,20801.986782,0.03827751196172249,0.04139013222205073,0.05220338983050848,4.029850746268656,0.4983551772700627,0.075686627041097,-0.02416444164173297,0.0038239121976090485,644347,175,20
196.0,209,20849.811032,0.06220095693779904,0.0414459253178034,0.08829712683952348,4.0559701492537314,0.49264733500934793,0.07578251502134437,-0.024007386888273315,0.00366668004871064,669290,165,21
199.0,209,20900.642958,0.04784688995215311,0.041463040196504874,0.05859969558599695,4.014925373134329,0.5025321784712142,0.07586151669647385,-0.02393027787416918,0.0036836345193924673,666878,170,21
205.0,209,20926.316008,0.019138755980861243,0.041403508771929824,0.02359208523592085,4.0,0.502549664260516,0.07538832173137586,-0.023851672412186713,0.004019645685535931,648141,224,21
200.0,209,20981.647455,0.0430622009569378,0.04140792018731548,0.05547445255474453,4.041044776119403,0.4971160051334119,0.07544038974658507,-0.02378834742669021,0.003955874739483081,656934,165,21
197.0,209,21022.075031,0.05741626794258373,0.04145038264820479,0.07255048616305161,3.996268656716418,0.5108966391853137,0.0753230589979875,-0.023832221163012392,0.0039587967376337255,632754,195,21
201.0,209,21060.47044,0.03827751196172249,0.04144198881040986,0.05053191489361702,3.9925373134328357,0.5195501095590108,0.07521557131349946,-0.023993450329464275,0.00369739465726472,626995,214,21
199.0,209,21110.450713,0.04784688995215311,0.04145888828571789,0.06546762589928058,3.962686567164179,0.5271042536496059,0.07515014224001686,-0.02408861026235381,0.003529659677589295,622810,195,21
206.0,209,21151.363159,0.014354066985645933,0.04138755980861244,0.02191380569758948,3.9925373134328357,0.5187255572204384,0.07494680431870124,-0.024023432369243702,0.003638321906112906,618054,199,21
208.0,209,21204.217025,0.004784688995215311,0.04129148928154316,0.0037064492216456633,4.018656716417911,0.5136107018206325,0.0747819024914202,-0.023944879620654422,0.0038117942940976133,619387,175,20
201.0,209,21255.493545,0.03827751196172249,0.04128359928855933,0.05375494071146245,4.044776119402985,0.5128654606745936,0.07476843081666515,-0.023921194622630416,0.003697268202187006,621614,170,20
208.0,209,21307.565596,0.004784688995215311,0.04118830187264982,0.007616146230007616,4.041044776119403,0.5153675412551472,0.07472215345728395,-0.02390848327709085,0.0033224322810126252,625765,202,21
204.0,209,21354.57376,0.023923444976076555,0.04114334130781499,0.030046224961479198,3.9738805970149254,0.5276554102602372,0.0744850886881944,-0.024156974855434995,0.003079721915405107,590261,188,20
206.0,209,21393.180591,0.014354066985645933,0.04107375877710806,0.020216606498194945,4.123134328358209,0.5143375770340505,0.07459727064190459,-0.024053602208369513,0.003421417555500836,586871,211,21
206.0,209,21437.464576,0.014354066985645933,0.041004536777648315,0.014162077104642014,3.985074626865672,0.5287821001418658,0.07452789949203148,-0.02426098982770432,0.003399382165522768,580026,193,21
203.0,209,21497.258563,0.028708133971291867,0.040972763126985896,0.0413589364844904,4.041044776119403,0.5217360154684643,0.07477117442310172,-0.0245455717416527,0.0036354260667783938,603092,179,21
198.0,209,21559.271711,0.05263157894736842,0.041002811621368325,0.06791406791406791,4.097014925373134,0.5107343216327127,0.07472225079724308,-0.024264478963069644,0.0033818537187532147,620410,168,21
192.0,209,21620.936809,0.08133971291866028,0.041106505455037454,0.10920770877944326,4.164179104477612,0.5069816525198444,0.0745382247306311,-0.024256028732683427,0.0034248332478193947,626015,141,21
196.0,209,21670.756719,0.06220095693779904,0.04116059379217274,0.09006211180124224,3.970149253731343,0.5307888540999808,0.07458160601873176,-0.024399918112492962,0.003454629203132197,635922,190,21
202.0,209,21746.731885,0.03349282296650718,0.04114098312509942,0.040090771558245086,3.9141791044776117,0.5373221391729834,0.07463181806580056,-0.024400826973633834,0.0034201995967227342,632020,158,20
200.0,209,21800.590292,0.0430622009569378,0.041145884190996976,0.05079825834542816,3.8022388059701493,0.5454892219297318,0.07470913210621452,-0.02446599964357545,0.003449680490847527,615037,187,20
193.0,209,21876.316896,0.07655502392344497,0.041235983783191495,0.09182879377431907,3.705223880597015,0.5542275756773359,0.07478000279361532,-0.02443143579129154,0.003453924394610862,625029,172,21
199.0,209,21954.838162,0.04784688995215311,0.04125276273285891,0.06568265682656826,3.787313432835821,0.5436405975080644,0.07476884103863204,-0.024458518049398352,0.003293223559214693,617256,170,21
193.0,209,22023.78525,0.07655502392344497,0.041342135545999636,0.10591471801925723,3.8843283582089554,0.5279542054577611,0.0749276625854466,-0.024575767913776327,0.003361004763529308,636442,175,21
196.0,209,22095.181049,0.06220095693779904,0.04139480933739307,0.07345454545454545,3.985074626865672,0.5158788413116342,0.07504505980665246,-0.024615888781053454,0.003201451997126256,641536,157,21
195.0,209,22162.740617,0.06698564593301436,0.04145926988297398,0.07898351648351648,4.003731343283582,0.5124466617440699,0.07512510372922272,-0.02459325571453718,0.003218749214172555,659747,156,21
190.0,209,22205.910071,0.09090909090909091,0.04158351566444664,0.11951909476661952,4.097014925373134,0.5001277536241284,0.07484571772615524,-0.0246224474436807,0.003512116802970247,666347,206,21
202.0,209,22262.223962,0.03349282296650718,0.04156323823913852,0.05211480362537765,3.8992537313432836,0.5176779377812195,0.07474413832795336,-0.02458524134824713,0.003540775217075795,647643,188,21
201.0,209,22324.451085,0.03827751196172249,0.04155502392344498,0.05401563610518834,3.9738805970149254,0.5112271811252598,0.07473136395971396,-0.024498608459071224,0.0034570119934603815,643443,160,19
201.0,209,22357.881935,0.03827751196172249,0.04154685057690701,0.04944289693593315,4.08955223880597,0.5062010173831448,0.07446967433522557,-0.024474653918932377,0.0035106065132954885,646823,212,20
198.0,209,22406.514473,0.05263157894736842,0.04157442452807732,0.07647058823529412,3.966417910447761,0.521170305668736,0.07443558602190598,-0.02456349502024191,0.0031294240369570078,625913,180,20
199.0,209,22461.855762,0.04784688995215311,0.04158998895841001,0.05873261205564142,3.9365671641791047,0.5258696328315802,0.07431402911117993,-0.024713533601734283,0.0030721585630226074,612488,176,21
194.0,209,22526.456713,0.07177033492822966,0.04166469278506798,0.0953757225433526,4.018656716417911,0.5167225054679211,0.07433359285211137,-0.024716074098790147,0.0032501637439909044,638299,140,21
203.0,209,22563.903089,0.028708133971291867,0.041632701281824086,0.038787023977433006,3.8917910447761193,0.5348408848998937,0.07413525307561451,-0.02482680407287789,0.00320504918517788,612194,207,21
198.0,209,22632.108226,0.05263157894736842,0.041659792113512624,0.061585835257890686,3.9738805970149254,0.5234652014532173,0.07412690605017216,-0.024889326119035906,0.003160354156419085,616280,158,21
206.0,209,22690.643821,0.014354066985645933,0.04159270187978322,0.023791250959324637,3.888059701492537,0.5311315518987478,0.07434438093368986,-0.02491229791722886,0.003029708313912126,612858,168,20
200.0,209,22752.659739,0.0430622009569378,0.041596303593207616,0.05298507462686567,4.029850746268656,0.522245403469778,0.07418691726011306,-0.02486356850940949,0.002912169933680836,617082,179,20
196.0,209,22819.337609,0.06220095693779904,0.04164668171874451,0.07792207792207792,4.123134328358209,0.5099922810627872,0.07427797172920583,-0.02488952906423183,0.0029662361758746123,627132,158,21
203.0,209,22862.048752,0.028708133971291867,0.04161512428521415,0.04512372634643377,4.059701492537314,0.5188664208397362,0.07425266362252664,-0.02502283105022831,0.0031050228310502285,618531,197,21
200.0,209,22901.03045,0.0430622009569378,0.04161864515302856,0.050333086602516654,4.052238805970149,0.5223177671073322,0.07433950804737322,-0.025156392347403585,0.0029881566960218648,604214,194,20
195.0,209,22951.883688,0.06698564593301436,0.04168021554327124,0.06661502711076685,3.9888059701492535,0.5287564795226019,0.07449103247697528,-0.025290838584585557,0.0028599127484246244,612767,173,20
195.0,209,23000.239292,0.06698564593301436,0.04174148777181783,0.08823529411764706,3.9738805970149254,0.5322284892074491,0.0746902012935985,-0.025303753853593666,0.002853170525297709,633437,190,21
193.0,209,23053.683087,0.07655502392344497,0.04182557843885075,0.09732540861812779,3.9776119402985075,0.5305684031515507,0.07467313166401313,-0.025160418777440054,0.0027982824335407923,626090,180,21
203.0,209,23108.299362,0.028708133971291867,0.041793970138928924,0.03479576399394856,4.029850746268656,0.5233538638617841,0.07470731912743199,-0.02502677142616501,0.0028034796837963687,624084,172,21
206.0,209,23157.908506,0.014354066985645933,0.04172800883327199,0.019098548510313215,4.08955223880597,0.5137667624269097,0.07452260643086045,-0.024868874299362676,0.0028805645906597693,623957,194,21
199.0,209,23215.787146,0.04784688995215311,0.04174268240909665,0.07249466950959488,4.085820895522388,0.5050737842657326,0.07468030078068873,-0.024821591072369368,0.0030173858901288374,632925,155,21
205.0,209,23263.774732,0.019138755980861243,0.04168860603008173,0.030950626381724394,3.9738805970149254,0.5219840597313856,0.07467660443616297,-0.02501164582362848,0.003045830795141004,619067,199,21
206.0,209,23293.016711,0.014354066985645933,0.04162336846672985,0.023305084745762712,4.082089552238806,0.5159090224358831,0.07468395152930522,-0.025081320671535977,0.003038354760684881,615037,207,21
201.0,209,23327.378019,0.03827751196172249,0.04161540214171793,0.05390625,3.8843283582089554,0.5332262528672547,0.07487400152149107,-0.02531856219094713,0.0028527957398250285,607823,203,21
202.0,209,23379.095471,0.03349282296650718,0.04159610860448465,0.04907539118065434,3.8917910447761193,0.5293844875754418,0.07508597177754062,-0.02543578797580932,0.0028578204672121427,610647,163,20
206.0,209,23422.20089,0.014354066985645933,0.04153155400349214,0.01350337584396099,3.8059701492537314,0.5372950030578967,0.07513958550203463,-0.025397463802403708,0.003111100596195704,611717,197,20
205.0,209,23472.318336,0.019138755980861243,0.041478615946701054,0.027110766847405113,3.7313432835820897,0.5420249230757994,0.07526462987219881,-0.0254658311797123,0.0031035744208824535,618650,201,21
204.0,209,23539.494674,0.023923444976076555,0.04143721224158166,0.02718589272593681,3.888059701492537,0.5288651587618753,0.07521337335923245,-0.02541644593560539,0.0032373888986991584,609723,171,21
195.0,209,23590.146512,0.06698564593301436,0.041497326203208555,0.08912280701754385,3.958955223880597,0.521234832548818,0.07526427061310782,-0.025416960300681232,0.0031007751937984496,624226,177,21
205.0,209,23637.455388,0.019138755980861243,0.04144484129658333,0.02019446522064323,3.8582089552238807,0.5270150188324915,0.07513035327201359,-0.025250454039486787,0.0028355498271720662,631927,180,21
203.0,209,23687.50731,0.028708133971291867,0.04141501294219154,0.040096230954290296,3.9328358208955225,0.5166674524689383,0.0752326179454809,-0.02536587646701267,0.0028872679665217188,634708,198,21
204.0,209,23741.930035,0.023923444976076555,0.041374144792738,0.0377906976744186,3.9738805970149254,0.5169675258273403,0.07503031999253662,-0.025270547625711355,0.002903722362160649,613895,205,21
194.0,209,23798.376368,0.07177033492822966,0.04144499838279742,0.08273381294964029,3.9029850746268657,0.5152855927065698,0.07517510995276104,-0.025166965303795405,0.003106601819747283,621433,171,21
201.0,209,23842.659298,0.03827751196172249,0.04143763213530655,0.05581395348837209,3.8955223880597014,0.5193616612095103,0.07502292592893542,-0.025235933926892405,0.003203826018317527,610409,192,21
199.0,209,23895.018595,0.04784688995215311,0.04145250280309506,0.05638829407566024,3.9925373134328357,0.5133994885729914,0.07479211544252194,-0.025282004956801704,0.003485975030690478,600358,167,20
202.0,209,23937.636505,0.03349282296650718,0.04143407761828814,0.0408017179670723,3.9328358208955225,0.519563607980253,0.07458289041918935,-0.025211443360909552,0.0034316217590238942,581651,199,20
203.0,209,23980.127427,0.028708133971291867,0.0414046874482027,0.03945480631276901,3.832089552238806,0.5325888380833981,0.07473112701870872,-0.025233138522898872,0.003504282371384768,590623,209,21
196.0,209,24044.657282,0.06220095693779904,0.04145260511983772,0.082039911308204,3.925373134328358,0.5296967273064213,0.07486169735586047,-0.02524526435644703,0.003139843812897512,601599,155,20
205.0,209,24086.337616,0.019138755980861243,0.04140130891492053,0.03353658536585366,3.9738805970149254,0.5233823601922556,0.07499541031760602,-0.02539241784468515,0.0031324582338902148,613824,205,21
193.0,209,24140.298353,0.07655502392344497,0.04148193670163733,0.10541516245487365,3.9813432835820897,0.5250453135206399,0.07497853340202645,-0.025519491670959987,0.003159883221707024,617951,191,21
200.0,209,24184.227614,0.0430622009569378,0.041485552866981266,0.04607977991746905,4.037313432835821,0.5223971103824255,0.0748986235650237,-0.025541150265577704,0.002924210406076875,610297,193,21
206.0,209,24237.11803,0.014354066985645933,0.04142360883528872,0.01915991156963891,3.996268656716418,0.5326121381695599,0.07488233752321911,-0.025709108728105664,0.0028831580266891546,602483,183,21
197.0,209,24296.740678,0.05741626794258373,0.041460038582685745,0.06484149855907781,4.134328358208955,0.5162753770953739,0.07511256651657798,-0.025640150998317186,0.0028880702233137763,625450,169,21
201.0,209,24360.265458,0.03827751196172249,0.041452805567638105,0.04914196567862714,4.097014925373134,0.519394985188291,0.07499801472506779,-0.025524963414219105,0.003017617896969903,630238,161,21
199.0,209,24428.003448,0.04784688995215311,0.04146730462519936,0.06852589641434263,4.007462686567164,0.5312108312177763,0.07485172273282927,-0.025580658305790736,0.002976864218771223,624711,156,20
198.0,209,24482.476202,0.05263157894736842,0.04149256316438979,0.07263751763046544,3.9813432835820897,0.5404080704679447,0.074706931990152,-0.025591218123912993,0.0028120976667494863,610862,186,20
198.0,209,24554.041715,0.05263157894736842,0.04151770766954324,0.06423982869379015,3.8582089552238807,0.5409992307773411,0.07483322816190391,-0.025612999188677543,0.0029185071666816913,610879,177,21
192.0,209,24612.236317,0.08133971291866028,0.041607396870554765,0.09728183118741059,3.8470149253731343,0.543498652037508,0.07484033462265,-0.025726365026535938,0.00308086714041558,615068,203,21
201.0,209,24672.234147,0.03827751196172249,0.041599913983119186,0.04794007490636704,3.8955223880597014,0.5412367913134979,0.07483985325958917,-0.025859070868438472,0.0028719835758439258,606307,187,21
204.0,209,24711.337891,0.023923444976076555,0.04156028064453837,0.02214285714285714,3.962686567164179,0.5317634779810768,0.07464657883838327,-0.02587837610951299,0.002854232659137462,594078,220,21
198.0,209,24772.645104,0.05263157894736842,0.04158504864969012,0.07262996941896024,3.828358208955224,0.5482665545687218,0.07455968907403478,-0.02599984364355197,0.002814416064508203,584754,189,21
183.0,209,24833.249412,0.12440191387559808,0.04176990772385509,0.14932432432432433,3.861940298507463,0.5364423114631298,0.07470854416976884,-0.025991395644323578,0.002964713225295914,625063,176,20
206.0,209,24902.343235,0.014354066985645933,0.04170884794492812,0.018102824040550327,3.9888059701492535,0.5237382930223409,0.07472644782492661,-0.02583177653233698,0.0028578418290187706,628356,163,21
203.0,209,24965.898484,0.028708133971291867,0.04167995746943115,0.0359501100513573,4.003731343283582,0.5191995951683159,0.07472456757386471,-0.02569593147751606,0.002940164871132019,635807,174,21
206.0,209,25015.595316,0.014354066985645933,0.04161936791181744,0.01760821716801174,4.186567164179104,0.505782734716288,0.07441026379003066,-0.02553770880148776,0.003199132138547882,630686,183,19
200.0,209,25068.518954,0.0430622009569378,0.04162256002032434,0.05959752321981424,4.115671641791045,0.5055485887165873,0.07436738570970984,-0.02538188806786176,0.003136839082364116,642807,187,20
201.0,209,25125.805007,0.03827751196172249,0.04161517580827445,0.0578386605783866,4.108208955223881,0.506835492555536,0.07447816791201041,-0.025347704379642486,0.00307478674866098,648209,173,21
205.0,209,25181.563958,0.019138755980861243,0.04156566827561495,0.030816640986132512,3.951492537313433,0.5213953706579334,0.0743652617573645,-0.025334550212770635,0.0032547859648351164,643837,185,21
197.0,209,25245.006,0.05741626794258373,0.04160050475839949,0.07285714285714286,3.955223880597015,0.516374287315471,0.07447882378757954,-0.02531270572745227,0.0031380294053105114,637168,165,21
198.0,209,25273.781325,0.05263157894736842,0.04162469571056829,0.07286606523247745,3.8992537313432836,0.5320450330641341,0.07427357726247565,-0.025400162035516434,0.0030326917602750223,610530,225,21
198.0,209,25345.387047,0.05263157894736842,0.041648780794237436,0.07756024096385543,3.917910447761194,0.5342906127521249,0.07422216395735011,-0.02527967138612131,0.002971508477538892,634585,159,21
201.0,209,25381.385749,0.03827751196172249,0.04164141994525814,0.058245083207261725,3.921641791044776,0.5402173639342424,0.07404863904422425,-0.025256984640875547,0.003150310125685383,615143,206,21
198.0,209,25439.344583,0.05263157894736842,0.041665363646787794,0.0664259927797834,3.921641791044776,0.5415549256918104,0.07415021482569206,-0.02526785228694186,0.002991243813563931,618741,188,21
201.0,209,25493.107924,0.03827751196172249,0.04165799875182026,0.05194805194805195,4.0,0.5275726737534497,0.07420552227142485,-0.02544065294781627,0.0032886168272987758,616010,178,21
204.0,209,25548.018534,0.023923444976076555,0.04161952900393362,0.032740213523131674,3.9776119402985075,0.5298932168900709,0.0742040285899935,-0.025601039636127355,0.00301061295213342,615742,178,20
197.0,209,25603.200656,0.05741626794258373,0.0416537210795584,0.0621301775147929,3.925373134328358,0.5367523373404027,0.07403525076455904,-0.025676216000086453,0.0031014621178555605,611130,165,20
201.0,209,25658.210663,0.03827751196172249,0.04164642905122614,0.044274809160305344,3.8022388059701493,0.5495883469809731,0.07384243783562294,-0.025631348530268067,0.0028575125622722075,589104,188,21
206.0,209,25730.337292,0.014354066985645933,0.04158760930539515,0.015659955257270694,3.9813432835820897,0.5262278934655037,0.07390471681872955,-0.02564985367533138,0.002883456705112756,601761,171,21
203.0,209,25795.063816,0.028708133971291867,0.041559911508977726,0.03982930298719772,4.059701492537314,0.518845112451387,0.07387248113197419,-0.025497332173875703,0.0030704155796751373,624957,162,21
202.0,209,25852.889913,0.03349282296650718,0.04154260016017414,0.049300956585724795,4.085820895522388,0.5222621479144051,0.07362692690869747,-0.025442157923491415,0.0029887840255385704,608820,184,21
204.0,209,25908.000536,0.023923444976076555,0.04150487177648228,0.02685512367491166,3.951492537313433,0.5359674357500599,0.0735839577565658,-0.025568394386069927,0.002843308071360619,591096,194,21
200.0,209,25969.351415,0.0430622009569378,0.04150819940293624,0.05641025641025641,4.0783582089552235,0.5189183657647893,0.07370430812880654,-0.025567181850180795,0.0030292363977686048,607746,171,21
200.0,209,26032.382585,0.0430622009569378,0.0415115128390855,0.058907026259758695,4.104477611940299,0.5083004151626263,0.07384543335497536,-0.025502112758506914,0.0030227879897395506,611452,162,21
203.0,209,26074.818283,0.028708133971291867,0.0414842716074519,0.031294452347083924,4.130597014925373,0.5096175239999469,0.07359063681549768,-0.025394026934024386,0.0030056501975445006,607582,187,21
195.0,209,26129.739567,0.06698564593301436,0.0415384146527291,0.07436823104693141,4.1716417910447765,0.5044005931744083,0.07360812286038304,-0.025277951479051625,0.003253807590804549,617854,155,20
200.0,209,26170.907351,0.0430622009569378,0.0415416430135431,0.06047516198704104,4.186567164179104,0.5076323195954194,0.07332550686930862,-0.02504468487905998,0.0031200093071464077,620624,187,20
205.0,209,26198.313266,0.019138755980861243,0.04149427961601101,0.024062278839348902,4.0111940298507465,0.5287011184615057,0.07327240491367301,-0.02516991008484951,0.002944404575963527,587439,224,21
203.0,209,26257.448073,0.028708133971291867,0.04146730462519936,0.041635124905374715,4.197761194029851,0.5013635458581853,0.07323160521909455,-0.024958139828768204,0.0031908507882349225,615071,157,21
202.0,209,26298.547021,0.03349282296650718,0.04145051624276001,0.05291005291005291,4.059701492537314,0.508551148020896,0.0730866636542281,-0.024905160727609,0.0030579754311114847,633493,194,21
206.0,209,26351.218156,0.014354066985645933,0.041393590929194646,0.023708721422523286,3.9738805970149254,0.516532307499097,0.0731280212232743,-0.02506107982845219,0.0028311680140929254,638120,176,20
208.0,209,26402.338022,0.004784688995215311,0.04131684270711083,0.005751258087706686,3.958955223880597,0.5217672748283263,0.07307350248495946,-0.02505885430290348,0.002845932513732671,625306,178,21
195.0,209,26463.578612,0.06698564593301436,0.04137054313226962,0.08541973490427099,3.9477611940298507,0.5179509289553091,0.07299780724652814,-0.02501827294559883,0.002808812780620236,639199,165,21
196.0,209,26514.033678,0.06220095693779904,0.04141403042622689,0.07185185185185185,4.022388059701493,0.506153531356835,0.07315090761311298,-0.025008857303628368,0.0028343371610778816,654193,182,21
200.0,209,26553.090061,0.0430622009569378,0.04141746411483253,0.0532724505327245,3.9925373134328357,0.5131306886061294,0.07311315849676601,-0.024967244140340662,0.002818043799263773,649589,190,21
197.0,209,26607.513562,0.05741626794258373,0.04145072566125198,0.09172259507829977,3.9402985074626864,0.5196810019869519,0.07328538962049749,-0.02494733455786972,0.002698131025393564,671802,151,20
204.0,209,26664.879118,0.023923444976076555,0.04141436200837817,0.039603960396039604,4.041044776119403,0.5116506154992534,0.07339981567202046,-0.02507067631799683,0.0026613646483788457,668009,155,20
199.0,209,26707.026728,0.04784688995215311,0.041427679871615795,0.06705539358600583,4.0783582089552235,0.5098299634742604,0.07316619473782114,-0.02505012091023707,0.002635223115557117,632166,194,21
203.0,209,26753.067379,0.028708133971291867,0.04140139981810273,0.03235515425131678,4.100746268656716,0.5062798720590765,0.07320896368942652,-0.024966741948457754,0.0027122069939877693,634419,186,21
204.0,209,26803.463232,0.023923444976076555,0.0413653627978099,0.030513176144244106,4.100746268656716,0.5070689353342379,0.07341545491031459,-0.024883455280787874,0.0026859312772066313,658205,184,21
193.0,209,26858.754445,0.07655502392344497,0.04143776950794495,0.09421364985163205,4.085820895522388,0.5059700751798626,0.07341371731405213,-0.024793048908243125,0.002639525090894152,665691,171,21
202.0,209,26916.151728,0.03349282296650718,0.0414214554493383,0.05114503816793893,4.014925373134329,0.5145200048727837,0.07335396851426697,-0.024710970810101672,0.0025725647753361757,666087,176,21
202.0,209,26966.08982,0.03349282296650718,0.04140520825162758,0.051419800460475826,3.970149253731343,0.5183385010262673,0.07310013296512223,-0.024649688043367087,0.002782039480413215,645492,172,21
204.0,209,27013.873001,0.023923444976076555,0.04136945822447921,0.0274294670846395,3.9402985074626864,0.5238884998275539,0.07307040643436014,-0.024639189989180802,0.0026843856533365993,653996,176,20
202.0,209,27077.978903,0.03349282296650718,0.041353383458646614,0.03433162892622352,3.906716417910448,0.5316305282966229,0.07324600717079531,-0.024629237288135594,0.0025871903520208604,662309,156,21
188.0,209,27157.304042,0.10047846889952153,0.041473801147935564,0.12042253521126761,3.9477611940298507,0.5259857959593559,0.07335000609979261,-0.024561831564393476,0.0026025781790085805,670496,138,20
191.0,209,27206.057353,0.0861244019138756,0.04156455440152488,0.09662921348314607,3.985074626865672,0.5274760122596712,0.07320785348282685,-0.024747602861346456,0.0026076809903099792,646502,187,20
204.0,209,27259.765851,0.023923444976076555,0.041528771218106116,0.03926096997690531,3.8955223880597014,0.5313011724646752,0.07313763808868053,-0.024585101104709444,0.0025617918366933647,653682,185,21
200.0,209,27314.353486,0.0430622009569378,0.04153187532688918,0.05352112676056338,4.022388059701493,0.5189649646279968,0.07307066562919998,-0.02441415131519114,0.002657666306248042,660814,195,21
189.0,209,27372.737055,0.09569377990430622,0.04164129331593446,0.11186696900982615,4.097014925373134,0.5086163991078517,0.07295154718199055,-0.024347440190422398,0.002753459474724654,671527,178,21
193.0,209,27436.123921,0.07655502392344497,0.0417116839018367,0.0945945945945946,3.9888059701492535,0.5169016182149595,0.07293061273794305,-0.024249806223009634,0.002325323884398184,662342,174,21
195.0,209,27501.171956,0.06698564593301436,0.04176253694415295,0.08876560332871013,3.985074626865672,0.5191050681842767,0.07292838771901623,-0.024242485131007876,0.0023910946793120075,652704,163,21
197.0,209,27551.21817,0.05741626794258373,0.041793970138928924,0.0769835035349568,4.0335820895522385,0.5185700220442425,0.07284449480111899,-0.024314920838639165,0.0023061574403657765,655723,194,21
204.0,209,27595.829242,0.023923444976076555,0.041758157463251865,0.03134328358208955,3.970149253731343,0.5275785166774873,0.07262575422516185,-0.02430531234677847,0.002371494041245985,638747,213,21
204.0,209,27655.481138,0.023923444976076555,0.041722488038277515,0.022290545734050732,3.9888059701492535,0.5198250536071123,0.0726176091710688,-0.02426578524280764,0.00258635324192888,636212,195,21
