#{"t_start": 1710149226.6699061, "env_id": "PhyRMSA-v0"}
r,l,t,episode_service_blocking_rate,service_blocking_rate,episode_bit_rate_blocking_rate,number_cuts_total,rss_total_metric,C_BVTs,L_BVTs,S_BVTs,total_path_length,num_moves,num_defrag_cycle
209.0,209,32.932897,0.0,0.0,0.0,1.3992537313432836,0.8762984677725334,0.7285714285714285,0.0,0.0,151939,0,0
209.0,209,57.736024,0.0,0.0,0.0,1.7798507462686568,0.8147849193527688,0.6372315035799523,0.002386634844868735,0.0,264924,0,0
209.0,209,78.455222,0.0,0.0,0.0,1.9365671641791045,0.7838036433647657,0.5031847133757962,0.06369426751592357,0.0,337825,0,0
209.0,209,96.784247,0.0,0.0,0.0,2.0671641791044775,0.7607311536467147,0.4014336917562724,0.09438470728793309,0.0,379066,0,0
209.0,209,114.745363,0.0,0.0,0.0,2.1529850746268657,0.7412271388548741,0.3365200764818356,0.10803059273422562,0.0,420845,0,0
209.0,209,131.128611,0.0,0.0,0.0,2.541044776119403,0.6847826693534136,0.2900398406374502,0.14183266932270916,0.0,507013,0,0
209.0,209,145.531449,0.0,0.0,0.0,2.671641791044776,0.6732163946270885,0.2581967213114754,0.13183060109289618,0.006830601092896175,521126,0,0
209.0,209,158.521356,0.0,0.0,0.0,2.9440298507462686,0.6416452488162471,0.228332337118948,0.12133891213389121,0.023909145248057383,553422,0,0
209.0,209,171.815552,0.0,0.0,0.0,3.0597014925373136,0.6181659499928476,0.2130712008501594,0.10573857598299681,0.03400637619553666,571446,0,0
209.0,209,183.432957,0.0,0.0,0.0,3.253731343283582,0.5980934287444364,0.19703491152558583,0.09325681492109039,0.04399808703969393,594055,0,0
209.0,209,195.351074,0.0,0.0,0.0,3.529850746268657,0.5685553253697698,0.1826086956521739,0.08695652173913043,0.05521739130434783,612707,0,0
209.0,209,205.638336,0.0,0.0,0.0,3.541044776119403,0.5533666075545556,0.17138302112395376,0.08250298923874054,0.061777600637704266,637795,0,0
209.0,209,215.330392,0.0,0.0,0.0,3.8656716417910446,0.5215460767880941,0.15894039735099338,0.08094186902133922,0.07211184694628403,672506,0,0
204.0,209,223.873728,0.023923444976076555,0.0017088174982911825,0.023220973782771534,3.9776119402985075,0.5032057119448334,0.15160848733744012,0.07392197125256673,0.08898015058179329,714087,0,0
199.0,209,232.426835,0.04784688995215311,0.004784688995215311,0.06601650412603151,3.9440298507462686,0.5043190144711267,0.14066004485741748,0.06920858699134892,0.0900352451137456,717928,0,0
207.0,209,240.667136,0.009569377990430622,0.005083732057416268,0.016079632465543645,3.9291044776119404,0.5015787609828257,0.13341346153846154,0.06400240384615384,0.09014423076923077,726058,0,0
202.0,209,248.923862,0.03349282296650718,0.006754855052068675,0.0556792873051225,3.921641791044776,0.5073696875873428,0.1271954674220963,0.060906515580736544,0.08555240793201133,716862,0,0
195.0,209,257.300164,0.06698564593301436,0.010101010101010102,0.09718100890207715,3.966417910447761,0.5089997456936586,0.1229530201342282,0.056375838926174496,0.08241610738255034,708993,0,0
205.0,209,265.430338,0.019138755980861243,0.01057668093679174,0.030757097791798107,3.8358208955223883,0.5102620032879909,0.12086513994910941,0.05725190839694656,0.08295165394402036,721937,0,0
202.0,209,273.90879,0.03349282296650718,0.011722488038277513,0.04794007490636704,3.917910447761194,0.5010986816581064,0.11495643756050339,0.05396902226524685,0.07720232333010649,722691,0,0
204.0,209,282.283362,0.023923444976076555,0.012303485987696514,0.028941355674028942,3.91044776119403,0.5073038998952298,0.10654981549815498,0.05096863468634686,0.0761070110701107,703239,0,0
194.0,209,290.516909,0.07177033492822966,0.015006524575902565,0.11246200607902736,4.041044776119403,0.4956375238481735,0.10044150110375276,0.049227373068432674,0.07637969094922738,714550,0,0
193.0,209,298.596208,0.07655502392344497,0.01768254628666528,0.1152388172858226,4.044776119402985,0.49784087799495746,0.09273766673724328,0.047850942197755666,0.06775354647469828,709786,0,0
204.0,209,306.990127,0.023923444976076555,0.017942583732057416,0.034107402031930335,3.955223880597015,0.5012469260208874,0.08869494621473513,0.04424599147554293,0.06393342804952304,710049,0,0
209.0,209,315.224849,0.0,0.01722488038277512,0.0,3.7611940298507465,0.5111114495151702,0.08975856697819315,0.046534267912772584,0.06288940809968847,742133,0,0
200.0,209,323.223023,0.0430622009569378,0.018218623481781375,0.06117824773413897,3.787313432835821,0.5103755341325215,0.08489505247376312,0.043290854572713644,0.06015742128935532,733832,0,0
207.0,209,331.536865,0.009569377990430622,0.01789828105617579,0.011005135730007337,3.7425373134328357,0.5154582360471762,0.08136388237416561,0.042756629983763304,0.0600757712430092,714619,0,0
198.0,209,340.120968,0.05263157894736842,0.019138755980861243,0.06512605042016807,3.6902985074626864,0.5200058699421332,0.08151889914649016,0.0400627068454973,0.058003832085002614,729166,0,0
203.0,209,348.204043,0.028708133971291867,0.019468734532255404,0.044070512820512824,3.720149253731343,0.5172130752428657,0.077557200538358,0.03886271870794078,0.05753701211305518,728284,0,0
193.0,209,356.685225,0.07655502392344497,0.021371610845295055,0.09779614325068871,3.8059701492537314,0.5029949956707005,0.0760958122861333,0.03764054098093531,0.056216392374124166,738221,0,0
198.0,209,365.077969,0.05263157894736842,0.022379996913103873,0.05976095617529881,3.7723880597014925,0.49773167372536725,0.07371744277821626,0.03741120757695343,0.052565114443567484,746640,0,0
201.0,209,373.42881,0.03827751196172249,0.022876794258373207,0.048833819241982504,3.843283582089552,0.501258338814191,0.07037943696450429,0.03488372093023256,0.047276621787025706,721367,0,0
200.0,209,381.699498,0.0430622009569378,0.0234884732492388,0.06813186813186813,3.8843283582089554,0.49436869174860276,0.06903206650831353,0.03414489311163896,0.04542755344418052,726714,0,0
206.0,209,389.668327,0.014354066985645933,0.02321981424148607,0.02040816326530612,3.966417910447761,0.4942655962103009,0.0665514261019879,0.032411408815903195,0.04235090751944685,717996,0,0
207.0,209,397.909271,0.009569377990430622,0.022829801777170197,0.016800584368151936,3.8694029850746268,0.505641326046621,0.0663029794376836,0.03231221149811162,0.042383550146873686,731417,0,0
200.0,209,406.368022,0.0430622009569378,0.023391812865497075,0.06144393241167435,3.798507462686567,0.5057806007955128,0.06517893590964757,0.03184106681181113,0.04408763097020003,735848,0,0
199.0,209,414.210697,0.04784688995215311,0.02405276089486616,0.059367771781033155,3.8358208955223883,0.5010201569817607,0.0633280339162692,0.03113407525172231,0.04531001589825119,747949,0,0
197.0,209,422.381117,0.05741626794258373,0.024930747922437674,0.08459214501510574,3.791044776119403,0.5045436609307093,0.06300839251129761,0.029567462879276953,0.045319561007101355,743941,0,0
207.0,209,430.839767,0.009569377990430622,0.0245368666421298,0.014652014652014652,3.861940298507463,0.5004868899340942,0.0613682092555332,0.029049295774647887,0.04640342052313883,734447,0,0
205.0,209,438.960522,0.019138755980861243,0.024401913875598084,0.023529411764705882,3.832089552238806,0.49779399963228643,0.05798700502635773,0.027706264558048303,0.047566507294348415,727052,0,0
193.0,209,447.047776,0.07655502392344497,0.025673940949935817,0.10342316096139839,3.828358208955224,0.49873360180039095,0.0570059880239521,0.027425149700598804,0.04610778443113772,735488,0,0
200.0,209,454.970914,0.0430622009569378,0.02608794714057872,0.07142857142857142,3.791044776119403,0.5066909562636768,0.05473684210526316,0.027485380116959064,0.043742690058479534,726673,0,0
200.0,209,463.163184,0.0430622009569378,0.026482697229331255,0.05147615442846329,3.8656716417910446,0.499678953218329,0.05348571428571428,0.02605714285714286,0.042742857142857145,733519,0,0
199.0,209,471.209283,0.04784688995215311,0.026968247063940843,0.06416726748377793,3.8694029850746268,0.5009882996570129,0.051514135657615374,0.02558945133534473,0.044027265616269975,743382,0,0
198.0,209,479.082673,0.05263157894736842,0.02753854332801701,0.07042253521126761,3.8358208955223883,0.49753185954475404,0.05127364163113589,0.02492620531321745,0.04416748660763092,746813,0,0
194.0,209,486.601219,0.07177033492822966,0.028500104014978156,0.11053024645257654,3.764925373134328,0.49463195531761284,0.05074403168825607,0.02505085108660743,0.040787924205117225,760605,0,0
204.0,209,494.37595,0.023923444976076555,0.028402728290746207,0.03666921313980138,3.962686567164179,0.49255761858922226,0.04871660555264536,0.023677317967522264,0.038030382399161865,736062,0,0
196.0,209,502.204101,0.06220095693779904,0.029106858054226477,0.08241353936718175,3.996268656716418,0.4909161894096676,0.04907093727543373,0.022379632481264757,0.03788112103480135,736082,0,0
206.0,209,510.296396,0.014354066985645933,0.028805780685479933,0.022254127781765973,3.794776119402985,0.5094982756004747,0.04875841962400724,0.02342414798431688,0.03508595556449181,736506,0,0
204.0,209,518.383057,0.023923444976076555,0.028708133971291867,0.0264750378214826,3.791044776119403,0.5007922665117195,0.04787705644764063,0.023051916067382525,0.035070436410205894,741101,0,0
201.0,209,526.803186,0.03827751196172249,0.02889576883384933,0.05431547619047619,3.7388059701492535,0.5044349227020593,0.04665765069551778,0.023763523956723338,0.0347758887171561,752820,0,0
203.0,209,535.14778,0.028708133971291867,0.02889216047110784,0.04011670313639679,3.7574626865671643,0.5129671960864681,0.04490762671719564,0.023022264329701562,0.03486499289436286,726624,0,0
209.0,209,543.848284,0.0,0.028347025367879388,0.0,3.705223880597015,0.5210179426743828,0.04440728353771832,0.022296544035674472,0.0325157933853586,716794,0,0
198.0,209,552.321711,0.05263157894736842,0.028796739323055112,0.06886657101865136,3.701492537313433,0.5057301870539587,0.04369640576537128,0.0220762634555738,0.03056011676701332,723271,0,0
207.0,209,560.348446,0.009569377990430622,0.02844715093518921,0.015760441292356184,3.6902985074626864,0.5055691625641383,0.04306562807771511,0.021577580804011103,0.030351866774106902,733077,0,0
205.0,209,568.808642,0.019138755980861243,0.02828092959671907,0.02635431918008785,3.705223880597015,0.5125919983872118,0.041937752769474236,0.02101283629330051,0.029716898188851766,738265,0,0
196.0,209,577.567776,0.06220095693779904,0.028876017795685386,0.07440890125173853,3.716417910447761,0.5166418909848408,0.04217804667242869,0.020743301642178046,0.03025064822817632,741093,0,0
203.0,209,585.781102,0.028708133971291867,0.028873123246988947,0.04455807158509861,3.7276119402985075,0.518356568879304,0.041280896967637815,0.019960927546080014,0.027860358447294658,740074,0,0
197.0,209,593.741308,0.05741626794258373,0.0293569053604736,0.08185053380782918,3.779850746268657,0.5088796205501649,0.0404344193817878,0.019131161236424395,0.02731829573934837,743513,0,0
200.0,209,602.238275,0.0430622009569378,0.029585326953748006,0.06010518407212622,3.8097014925373136,0.5003430185151184,0.040098603122432214,0.019391947411668036,0.02695152013147083,754498,0,0
192.0,209,610.203863,0.08133971291866028,0.030433759510549847,0.11352133044107014,3.794776119402985,0.49822060554380115,0.03890956155961819,0.018443617537615274,0.02709917489079437,742878,0,0
204.0,209,618.578053,0.023923444976076555,0.03032875443741318,0.028747433264887063,3.861940298507463,0.5020095435509114,0.03795957345217253,0.01854209772401719,0.028569154862326914,747261,0,0
200.0,209,626.959054,0.0430622009569378,0.030530872636135794,0.07034795763993948,3.824626865671642,0.5041393990853462,0.03853987153376155,0.018329938900203666,0.02843490521698261,771000,0,0
202.0,209,634.922732,0.03349282296650718,0.03057715311004785,0.0469208211143695,3.7686567164179103,0.4997453380572256,0.03770820481184454,0.019201110425663172,0.02853177051202961,778915,0,0
185.0,209,643.18516,0.11483253588516747,0.03187338976812661,0.14607558139534885,3.798507462686567,0.489580162162618,0.038014141260548924,0.018170759522542386,0.028206492815327302,791211,0,0
198.0,209,650.925361,0.05263157894736842,0.03218790778599391,0.07247494217424827,3.8134328358208953,0.4920921743414014,0.03602726387536514,0.01805108231593139,0.027263875365141188,789101,0,0
198.0,209,658.507066,0.05263157894736842,0.032493037206312934,0.08138658628485305,3.873134328358209,0.48959054255676754,0.03505793785519227,0.01793490294486678,0.02797254409919551,791941,0,0
192.0,209,666.052776,0.08133971291866028,0.033211370672670985,0.11689291101055807,3.8358208955223883,0.49536409309026164,0.035150280183392765,0.01782985226693836,0.028018339276617423,808791,0,0
199.0,209,673.948605,0.04784688995215311,0.03342347964773594,0.0701219512195122,3.9029850746268657,0.48944650756196345,0.0336441893830703,0.017503586800573886,0.025322812051649927,783322,0,0
195.0,209,681.856835,0.06698564593301436,0.03390293916609706,0.09739776951672863,3.83955223880597,0.4948928774582205,0.03360452776795189,0.016625397948355148,0.025963919349133356,794350,0,0
189.0,209,689.551125,0.09569377990430622,0.034773232697621136,0.1299638989169675,3.828358208955224,0.49351757556906073,0.03309131527506283,0.017104160848924882,0.026389276738341245,798486,0,0
185.0,209,697.14751,0.11483253588516747,0.03588516746411483,0.1633259094283593,3.783582089552239,0.4926042372970188,0.033220759528568476,0.016610379764284238,0.024605417327176235,807598,0,0
194.0,209,705.245155,0.07177033492822966,0.03637674510060956,0.10742609949531362,3.746268656716418,0.49859166972431107,0.03393865197578726,0.015915119363395226,0.025164932326736042,815728,0,0
197.0,209,713.117982,0.05741626794258373,0.03666106297685245,0.08792846497764531,3.7723880597014925,0.4999565952709956,0.032550335570469796,0.015906040268456375,0.025033557046979866,794331,0,0
197.0,209,721.195633,0.05741626794258373,0.0369377990430622,0.0826686004350979,3.828358208955224,0.5025301372461376,0.031794396237663114,0.015234814863880241,0.024706895409684043,767442,0,0
201.0,209,729.141258,0.03827751196172249,0.03695542684462352,0.05759539236861051,3.798507462686567,0.4995792453371463,0.03242253889397307,0.01529611713949536,0.02575500065368022,794537,0,0
201.0,209,737.179753,0.03827751196172249,0.03697259678120922,0.05791190864600326,3.83955223880597,0.5017388989667384,0.03135686173301503,0.014710626492031744,0.02438867023678947,765986,0,0
205.0,209,744.976348,0.019138755980861243,0.03674395779658938,0.031465848042977744,3.8582089552238807,0.4988456815934969,0.03031074885379521,0.014582272032603158,0.02228731533367295,759352,0,0
202.0,209,753.147802,0.03349282296650718,0.0367028041911453,0.049143708116157855,3.921641791044776,0.5027201928919537,0.029548598013328303,0.014271344146862819,0.021438450899031812,740761,0,0
200.0,209,761.285162,0.0430622009569378,0.0367822966507177,0.05808257522743177,3.861940298507463,0.5093243950355519,0.0286228734633056,0.014528747050788526,0.021172233950080714,735240,0,0
206.0,209,769.363496,0.014354066985645933,0.036505404926457555,0.019882179675994108,3.958955223880597,0.49688652539400685,0.028629230014713094,0.01373222167729279,0.02151790093182933,731837,0,0
202.0,209,777.345213,0.03349282296650718,0.03646866612206792,0.053136531365313655,3.906716417910448,0.4931622316759411,0.028097371926849947,0.014472568729562795,0.019559161923216665,760324,0,0
199.0,209,785.450202,0.04784688995215311,0.03660575315616533,0.060650887573964495,3.9402985074626864,0.4923368773676623,0.027343983725243822,0.014120744330760486,0.01938610662358643,755135,0,0
199.0,209,793.363137,0.04784688995215311,0.036739576213260426,0.06420664206642067,4.0111940298507465,0.49301081318023476,0.027022232734153263,0.01348155156102176,0.019808420056764427,735082,0,0
205.0,209,801.218699,0.019138755980861243,0.03653250773993808,0.029635258358662615,3.8694029850746268,0.5122786018554082,0.0271075538937898,0.013378512589822983,0.019980136706198515,726336,0,0
202.0,209,809.036976,0.03349282296650718,0.036497162568154,0.03796561604584527,3.906716417910448,0.5038500074703983,0.026329464749696864,0.013395692591951036,0.02165252035336913,726667,0,0
203.0,209,817.260225,0.028708133971291867,0.03640763350382225,0.04175222450376454,3.83955223880597,0.5062204819021043,0.026309781988357494,0.01335463988129209,0.019860746490126698,723191,0,0
200.0,209,825.36974,0.0430622009569378,0.03648325358851675,0.05913173652694611,3.8097014925373136,0.5054392503777813,0.026407854643945378,0.01365534364067261,0.019749463943121544,736720,0,0
196.0,209,833.509062,0.06220095693779904,0.03677221654749745,0.062134502923976605,3.861940298507463,0.5048299856703833,0.02673289429623842,0.01300368344681326,0.01947762027011943,726017,0,0
202.0,209,841.693985,0.03349282296650718,0.036735778841042,0.044096728307254626,3.91044776119403,0.5001185081123274,0.026048565121412803,0.013079470198675497,0.019646799116997793,727230,0,0
203.0,209,849.986535,0.028708133971291867,0.036647562963352434,0.04169825625473844,3.9776119402985075,0.49569029549507115,0.02548709272499045,0.012443377176226601,0.018555913332969493,713477,0,0
198.0,209,858.148587,0.05263157894736842,0.03682130226752652,0.06471030850263355,3.9477611940298507,0.49105273205228606,0.02629447654014362,0.012958263592678581,0.019059446034231414,751325,0,0
192.0,209,865.901762,0.08133971291866028,0.03729999485517312,0.0963855421686747,3.970149253731343,0.48737438125566906,0.025810933575589164,0.012985624966600759,0.01736760540800513,759543,0,0
204.0,209,873.9601,0.023923444976076555,0.037157691133055074,0.027298850574712645,3.9888059701492535,0.4847782456871422,0.02574403975260348,0.012369826082359783,0.016704551461648252,746336,0,0
201.0,209,881.905525,0.03827751196172249,0.037169478720725256,0.06055900621118013,3.906716417910448,0.49849926033220876,0.02536876242284758,0.0121351605816508,0.017051992886285176,732416,0,0
204.0,209,890.235484,0.023923444976076555,0.03703149920255183,0.03518648838845883,4.0,0.49878524943238195,0.024686885415588448,0.011903529655315185,0.01666494151744126,720151,0,0
202.0,209,898.199239,0.03349282296650718,0.0369950180042421,0.0514820592823713,4.067164179104478,0.4910674802661376,0.02432903093628355,0.012087686949395616,0.01772177832411391,741058,0,0
205.0,209,906.282605,0.019138755980861243,0.03681281124890148,0.029261155815654718,4.018656716417911,0.48808117852519695,0.024177606569010086,0.012266207106290233,0.016980080085153833,741388,0,0
201.0,209,914.23246,0.03827751196172249,0.036827606205596636,0.051319648093841645,4.07089552238806,0.49956352938598886,0.023532363271450075,0.011339688911189163,0.016758655293527346,712266,0,0
205.0,209,922.372266,0.019138755980861243,0.03665071770334928,0.025056947608200455,4.041044776119403,0.4941613242238623,0.02279612614849764,0.011522224981375714,0.016488701266451453,717470,0,0
205.0,209,930.551872,0.019138755980861243,0.03647733194372069,0.0213078618662748,4.0559701492537314,0.47920475425074194,0.02271386430678466,0.011406096361848575,0.01710914454277286,724938,0,0
205.0,209,938.683433,0.019138755980861243,0.03630734590486912,0.020055325034578148,4.0111940298507465,0.4943354601088623,0.022146507666098807,0.01080554879532733,0.017425164273545873,716580,0,0
207.0,209,946.918551,0.009569377990430622,0.03604775398336972,0.011577424023154847,4.007462686567164,0.4988557518543137,0.021877409406322282,0.01040863531225906,0.01686584425597533,701586,0,0
204.0,209,955.062423,0.023923444976076555,0.035931174089068825,0.02696793002915452,3.9291044776119404,0.4976044602618814,0.022046192021378124,0.010689062798243939,0.01608131322771521,704159,0,0
200.0,209,963.266182,0.0430622009569378,0.03599908863066758,0.06081601231716705,3.917910447761194,0.5003697239200856,0.021743240688220835,0.010871620344110417,0.017252788806957835,722348,0,0
196.0,209,971.482906,0.06220095693779904,0.03624627606752731,0.09097320169252468,3.83955223880597,0.5075816220235303,0.021356313225927313,0.010865492693892843,0.017562757587111278,719328,0,0
199.0,209,979.787907,0.04784688995215311,0.03635469301972007,0.07309721175584025,3.8582089552238807,0.5112053203393442,0.021019906268850634,0.010718760150341051,0.01730778154145979,713510,0,0
192.0,209,987.517864,0.08133971291866028,0.036771220981747295,0.12168486739469579,3.906716417910448,0.5039600302595098,0.020604332428827667,0.011038035229729109,0.017706848181023777,732817,0,0
200.0,209,995.887564,0.0430622009569378,0.03682893639436372,0.05833905284831846,3.9477611940298507,0.498761908170914,0.020598824226404775,0.010891856172811375,0.01690744200884109,753581,0,0
206.0,209,1004.055249,0.014354066985645933,0.03662461939973902,0.02064896755162242,4.074626865671642,0.4948223467791991,0.020136349270847443,0.010609959817598989,0.01571177028308276,733779,0,0
194.0,209,1011.967703,0.07177033492822966,0.036941247467563255,0.10688836104513064,4.041044776119403,0.49978438309813517,0.01969296871503379,0.009846484357516895,0.015485834489549299,719631,0,0
205.0,209,1020.48971,0.019138755980861243,0.0367822966507177,0.0227111426543648,4.0111940298507465,0.5107395337739514,0.019070427532375377,0.009535213766187689,0.014458045059428774,678994,0,0
209.0,209,1029.046647,0.0,0.03645678960071135,0.0,4.0559701492537314,0.5009754192005372,0.01937865272223931,0.009579470053170454,0.013973722371138551,717351,0,0
207.0,209,1037.360873,0.009569377990430622,0.03622093511290187,0.016104294478527608,4.074626865671642,0.49975637427361724,0.018855600069674273,0.009536666086047727,0.013673576032050166,702029,0,0
209.0,209,1045.650719,0.0,0.0359059704597462,0.0,4.063432835820896,0.5011336134547151,0.01916022957752557,0.00932119276744487,0.01346394510853148,694591,0,0
198.0,209,1053.93509,0.05263157894736842,0.03605015673981191,0.07879234167893961,4.123134328358209,0.498112803450715,0.018741174960421034,0.009370587480210517,0.013692182619485687,680381,0,0
202.0,209,1061.882303,0.03349282296650718,0.03602829918619392,0.04906542056074766,4.041044776119403,0.5120400248212417,0.018453315233529884,0.00912060408094006,0.013023374199295805,678821,0,0
206.0,209,1070.398342,0.014354066985645933,0.035844619252290974,0.022036474164133738,4.059701492537314,0.5097329210192112,0.018377560031960973,0.008999537406955718,0.01299465915303419,687976,0,0
208.0,209,1079.659786,0.004784688995215311,0.035583611435004624,0.006906077348066298,4.048507462686567,0.5110212072716871,0.018468337015883605,0.009213323883770375,0.012548463751198566,679651,0,0
206.0,209,1088.077003,0.014354066985645933,0.0354066985645933,0.017921146953405017,3.996268656716418,0.5114233497018639,0.018476418798826107,0.009382879345265159,0.012565618154011492,681040,0,0
209.0,209,1096.733149,0.0,0.03511408122108427,0.0,4.022388059701493,0.507738935550906,0.018154249651667898,0.00938447668223916,0.012539955741332678,679605,0,0
202.0,209,1105.207864,0.03349282296650718,0.03510079221899757,0.045884923525127456,4.007462686567164,0.5075645172848364,0.017923914810599902,0.009876442854820354,0.013087302877580882,701776,0,0
204.0,209,1113.862489,0.023923444976076555,0.0350099194771852,0.031609195402298854,3.970149253731343,0.5101797871087598,0.01781683327958723,0.009351821992905514,0.013100612705578845,680065,0,0
206.0,209,1122.213959,0.014354066985645933,0.03484334002160827,0.02553191489361702,3.876865671641791,0.515263606255506,0.01802990325417766,0.009514671783801072,0.012473015111537538,687270,0,0
203.0,209,1130.731212,0.028708133971291867,0.03479425837320574,0.0442225392296719,3.783582089552239,0.5244867967506673,0.01843994130943411,0.009239798548598167,0.01189673632866717,676466,0,0
202.0,209,1138.966007,0.03349282296650718,0.034783929520771625,0.045714285714285714,3.794776119402985,0.5169199357349922,0.018450765175656005,0.009245052913175183,0.012589008222195995,697586,0,0
202.0,209,1147.652173,0.03349282296650718,0.034773763327430963,0.04072398190045249,3.791044776119403,0.5161158877320883,0.018110144022481556,0.009367315873697357,0.012880059326333867,683922,0,0
206.0,209,1156.405612,0.014354066985645933,0.034614234449760764,0.020074349442379184,3.8805970149253732,0.5225405704890811,0.01746234560731018,0.009099004917334572,0.013435551941766368,683964,0,0
202.0,209,1165.120201,0.03349282296650718,0.03460554133748748,0.050072568940493466,3.962686567164179,0.51851304782481,0.016865803526835452,0.008605785854239502,0.013254446963002804,670838,0,0
201.0,209,1173.870948,0.03827751196172249,0.034633787265366214,0.04498525073746313,3.9328358208955225,0.5123229144861875,0.016965306900495615,0.008806709874189859,0.013495996950057187,684720,0,0
200.0,209,1182.60527,0.0430622009569378,0.03469812630117974,0.06078576723498888,3.8805970149253732,0.5193885310749544,0.016912599318955734,0.0088157396897465,0.013658721150208096,683208,0,0
194.0,209,1191.359129,0.07177033492822966,0.03497897636653618,0.08005718370264475,3.9440298507462686,0.5134664884910141,0.0166015625,0.00860126201923077,0.014009915865384616,700401,0,0
206.0,209,1200.221642,0.014354066985645933,0.03482390185991294,0.01967930029154519,3.8022388059701493,0.5200956260937003,0.017256802087215802,0.008460678345136042,0.014051434960864704,706799,0,0
193.0,209,1208.953228,0.07655502392344497,0.03513532814396915,0.11211072664359861,3.951492537313433,0.5068008935972688,0.017281574954668245,0.008363246123672428,0.014247122821300374,724563,0,0
205.0,209,1217.151204,0.019138755980861243,0.035016835016835016,0.027086383601756955,4.007462686567164,0.5017165481893604,0.01715146173057147,0.007896283237843396,0.012964595269575437,701734,0,0
193.0,209,1225.994108,0.07655502392344497,0.03532226287644244,0.10681658468025299,3.9813432835820897,0.4952237857866685,0.017213084861967105,0.0079501112286204,0.012763940045950184,719975,0,0
204.0,209,1234.767944,0.023923444976076555,0.03523905982607481,0.027366863905325445,3.9925373134328357,0.4888979287707051,0.017411764705882352,0.00832579185520362,0.012705882352941176,742969,0,0
197.0,209,1243.222196,0.05741626794258373,0.03539976423271618,0.07655502392344497,3.906716417910448,0.5011980427641607,0.01685716339587377,0.008266839192006326,0.013047228811731723,738125,0,0
199.0,209,1251.896766,0.04784688995215311,0.03548931189976249,0.05886627906976744,3.970149253731343,0.48640011018374685,0.01659469683451697,0.00806537953677599,0.012205131865386675,715493,0,0
206.0,209,1260.255529,0.014354066985645933,0.035338345864661655,0.021325209444021324,3.925373134328358,0.4899323543369392,0.016721578630389342,0.008219081021716796,0.01211605909235838,733756,0,0
206.0,209,1268.516431,0.014354066985645933,0.03518952119176083,0.026158445440956652,3.91044776119403,0.4918934941589773,0.016002532268842542,0.008089192135898428,0.01287236661625576,736022,0,0
198.0,209,1276.248015,0.05263157894736842,0.03531235258440596,0.0688622754491018,3.9402985074626864,0.4969112251435678,0.01568230239949705,0.007823687611330376,0.012573783661066675,723950,0,0
205.0,209,1284.41831,0.019138755980861243,0.0351992505102553,0.020527859237536656,3.9328358208955225,0.49060338499144135,0.01574420862810376,0.007906783187682065,0.013108614232209739,723928,0,0
202.0,209,1292.473466,0.03349282296650718,0.03518740031897927,0.04263005780346821,3.9365671641791047,0.49740423461557703,0.015703560851298298,0.008058406226324127,0.013051863075969419,722352,0,0
197.0,209,1300.330068,0.05741626794258373,0.03534070285431447,0.07100149476831091,3.921641791044776,0.4922396693446016,0.015700359158542843,0.00793569351804344,0.013305968872926286,740823,0,0
193.0,209,1308.442097,0.07655502392344497,0.03562299272465098,0.11808669656203288,3.9738805970149254,0.4935714948627542,0.015427484028816094,0.007577817044991165,0.013150740791083321,732237,0,0
199.0,209,1316.502634,0.04784688995215311,0.03570614848810338,0.05642167780252413,3.970149253731343,0.4958639890348733,0.015391365983731056,0.007628177000708813,0.012218584399365443,741134,0,0
203.0,209,1324.593275,0.028708133971291867,0.03565886460623303,0.0443579766536965,3.9141791044776117,0.5004326653696279,0.015253100905129064,0.007676835400603419,0.012537713711029165,746824,0,0
207.0,209,1332.558381,0.009569377990430622,0.035483767380623615,0.015432098765432098,3.906716417910448,0.49488355741121454,0.015014815061424243,0.007823684122915071,0.011852049139394746,741979,0,0
203.0,209,1340.695052,0.028708133971291867,0.03543859649122807,0.03755522827687776,3.828358208955224,0.4962135439406392,0.015542328042328041,0.008035714285714285,0.011706349206349206,763856,0,0
195.0,209,1348.838861,0.06698564593301436,0.035647517348458446,0.09388646288209607,3.8843283582089554,0.49715913580590676,0.01547560374568753,0.0076228026942664695,0.011302776408739938,769803,0,0
194.0,209,1356.939505,0.07177033492822966,0.03588516746411483,0.09590100541376644,3.925373134328358,0.48992122339506305,0.015377583336054067,0.007574520878905613,0.011067942146331907,768204,0,0
203.0,209,1365.097383,0.028708133971291867,0.03583825874847547,0.048,3.9776119402985075,0.49103766822615824,0.01550337311883757,0.00742734820965231,0.011027503892060198,749680,0,0
202.0,209,1373.22028,0.03349282296650718,0.03582302864599515,0.045554739162380606,3.906716417910448,0.4988093950487558,0.015434684539537282,0.007250112779532126,0.011406844106463879,744892,0,0
205.0,209,1381.379568,0.019138755980861243,0.035715388177187835,0.029496402877697843,3.828358208955224,0.5014552976100467,0.015621498767566184,0.0077147155798841195,0.01120394378821345,756168,0,0
208.0,209,1389.516375,0.004784688995215311,0.035517114464482885,0.008245877061469266,3.9328358208955225,0.4957233085590145,0.01539097529176074,0.007409291824339364,0.01205202404044901,738273,0,0
206.0,209,1397.913552,0.014354066985645933,0.035382317983725965,0.021638330757341576,4.0111940298507465,0.485071886150926,0.014658958076643604,0.007171516128013143,0.012226329257890247,727507,0,0
203.0,209,1406.25859,0.028708133971291867,0.03534007631276119,0.04124457308248915,3.962686567164179,0.48973158848728676,0.01487945755901557,0.0074083375188347565,0.011803114013058764,730009,0,0
203.0,209,1414.615686,0.028708133971291867,0.03529836598356956,0.046651617757712566,3.955223880597015,0.5003980541275879,0.014566892292336006,0.007330234879441031,0.011759568295954334,726263,0,0
196.0,209,1422.712267,0.06220095693779904,0.03546650717703349,0.07381121362668559,3.91044776119403,0.49624059416314203,0.014881413734304759,0.0073787009765927765,0.012246163385521624,736079,0,0
203.0,209,1431.025535,0.028708133971291867,0.0354245297037059,0.03507462686567164,3.917910447761194,0.49974578149877913,0.014788341857169264,0.007024462382155401,0.012292809168771951,728882,0,0
207.0,209,1439.655764,0.009569377990430622,0.03526493000177211,0.016467065868263474,3.985074626865672,0.4961420768752128,0.01448033062911373,0.006796265115567121,0.010561763355273228,721196,0,0
208.0,209,1448.387606,0.004784688995215311,0.0350779346581736,0.008645533141210375,3.8171641791044775,0.5040589000629344,0.014692909074316309,0.00708788367353147,0.009612752106592036,748173,0,0
208.0,209,1456.59846,0.004784688995215311,0.03489321974559458,0.008737092930897538,3.917910447761194,0.49350278385134944,0.013905262839696503,0.007254919742450349,0.010398718297512167,745313,0,0
207.0,209,1465.150783,0.009569377990430622,0.03473974191677541,0.01514004542013626,3.9776119402985075,0.49724540494975655,0.013818793559240566,0.006759192501802451,0.010003604902667627,719180,0,0
208.0,209,1473.327343,0.004784688995215311,0.034559289790741916,0.0077459333849728895,4.052238805970149,0.4953952275299264,0.013255314067351325,0.006776928588488178,0.01021017434917602,714963,0,0
204.0,209,1481.974053,0.023923444976076555,0.034495602097240924,0.0339943342776204,3.9813432835820897,0.495255783646669,0.013501483679525222,0.006617210682492582,0.010623145400593472,723452,0,0
200.0,209,1490.551865,0.0430622009569378,0.034546593757120075,0.056802244039270686,3.9328358208955225,0.4875446222355774,0.013716814159292035,0.00663716814159292,0.010265486725663717,743271,0,0
200.0,209,1498.645048,0.0430622009569378,0.03459698196540302,0.061628760088041086,3.8544776119402986,0.4975680361865007,0.013636363636363636,0.006979472140762464,0.01064516129032258,761863,0,0
202.0,209,1506.98948,0.03349282296650718,0.034590486912468334,0.04977711738484398,3.824626865671642,0.5048617810176874,0.013701824966474258,0.006909218121392339,0.010290945134394497,761568,0,0
208.0,209,1515.263098,0.004784688995215311,0.034416184000671535,0.0069124423963133645,3.8507462686567164,0.4948635488025455,0.014024920312952768,0.006751666183714865,0.010084033613445379,769526,0,0
200.0,209,1523.216697,0.0430622009569378,0.03446645154111495,0.04633781763826607,3.83955223880597,0.5115615499403279,0.013656006914433881,0.006539902045520023,0.010112359550561797,735399,0,0
209.0,209,1532.018417,0.0,0.03426722349752468,0.0,3.7574626865671643,0.5079751348230769,0.013602909590767204,0.006787135943182795,0.01008047194936854,735578,0,0
203.0,209,1540.270935,0.028708133971291867,0.034235274707144034,0.04151223128243143,3.888059701492537,0.48693982137558867,0.013581231137178976,0.0063777689197653895,0.010506235408006378,745954,0,0
200.0,209,1548.249914,0.0430622009569378,0.03428571428571429,0.06595092024539877,3.9291044776119404,0.4899576598907628,0.013419398675046714,0.006568144499178982,0.011041277390861219,759779,0,0
204.0,209,1556.610774,0.023923444976076555,0.03422683775554589,0.03537906137184116,3.906716417910448,0.49033993982789653,0.01353937960930023,0.006643022012047514,0.010555649383550076,761944,0,0
200.0,209,1564.725111,0.0430622009569378,0.034276755061768444,0.05641421947449768,3.970149253731343,0.4797092004993779,0.013071712478307115,0.0065218608296478756,0.010664502043329787,743582,0,0
201.0,209,1573.141997,0.03827751196172249,0.03429923122412774,0.055384615384615386,3.996268656716418,0.4911385753711439,0.013193419990536366,0.006179196704428424,0.009964650541375568,737509,0,0
196.0,209,1581.626345,0.06220095693779904,0.034455106786773944,0.08369723435225619,3.8134328358208953,0.5032069577512981,0.013343299283005287,0.006311768125570966,0.009495335381889654,723352,0,0
199.0,209,1589.735455,0.04784688995215311,0.03452950558213716,0.07164179104477612,3.9328358208955225,0.4944179758603794,0.01304994218380045,0.0064974395683057105,0.009525907163702439,725425,0,0
195.0,209,1598.039701,0.06698564593301436,0.034708821274683443,0.07928571428571428,3.8805970149253732,0.4908055510486946,0.013089793794670975,0.006188898321329792,0.009611961552153792,728780,0,0
199.0,209,1606.230491,0.04784688995215311,0.03478100846521899,0.05905511811023622,3.9776119402985075,0.4810500477463413,0.01315502778080401,0.006128118531430439,0.009314740167774267,735753,0,0
204.0,209,1614.628327,0.023923444976076555,0.034721677517190894,0.022382671480144403,4.007462686567164,0.4832874925393421,0.012973997833152763,0.005985915492957746,0.009994582881906825,737300,0,0
209.0,209,1622.716595,0.0,0.03453297274807572,0.0,3.9776119402985075,0.485751275341669,0.013251097524845807,0.005844488135958416,0.009857523768482857,732216,0,0
205.0,209,1630.716934,0.019138755980861243,0.03444976076555024,0.030464584920030464,3.985074626865672,0.4879776961849648,0.013178336101141051,0.006133819038945733,0.009990893019767504,749120,0,0
190.0,209,1638.582379,0.09090909090909091,0.0347533055512682,0.1073170731707317,4.048507462686567,0.4833872530634397,0.012978360515936467,0.005889564012365419,0.00972710798422343,738589,0,0
202.0,209,1646.43431,0.03349282296650718,0.03474656500268659,0.05065123010130246,3.8805970149253732,0.4910757404777213,0.013094417643004824,0.006149605046917245,0.009675025181572391,754249,0,0
201.0,209,1654.136424,0.03827751196172249,0.03476534663544742,0.04677533664068037,3.958955223880597,0.47658569319175703,0.012945922429931183,0.00611701426424447,0.009913781738603106,762632,0,0
198.0,209,1661.84862,0.05263157894736842,0.034859876965140126,0.057750759878419454,4.022388059701493,0.48155001197523134,0.012721311475409836,0.006111475409836065,0.010150819672131148,755086,0,0
204.0,209,1669.482862,0.023923444976076555,0.03480231679677663,0.03232916972814107,3.9813432835820897,0.48409476995094863,0.012810143755381044,0.006131127866628401,0.009366276187742962,765403,0,0
205.0,209,1677.319123,0.019138755980861243,0.03472030862496556,0.03316138540899042,3.888059701492537,0.4905527112983146,0.013079358488607463,0.005916852649608138,0.0094981055691078,764883,0,0
207.0,209,1685.034976,0.009569377990430622,0.03458931419457735,0.012987012987012988,3.876865671641791,0.48478903061448536,0.012519036679486848,0.006117549882553367,0.009085981260163651,756103,0,0
204.0,209,1692.847043,0.023923444976076555,0.034534050623497035,0.0345086271567892,3.9738805970149254,0.479560852370983,0.012479137244832456,0.0059057645397355245,0.008935678520991142,738878,0,0
197.0,209,1700.602311,0.05741626794258373,0.03465200019730676,0.07639419404125286,3.9888059701492535,0.4819024717642053,0.012467426294006437,0.0057738490623882276,0.008584129579479842,750332,0,0
199.0,209,1708.471916,0.04784688995215311,0.034719666298613665,0.06959152798789713,3.9738805970149254,0.48558905251637974,0.012607712056124654,0.005693805444701457,0.008515289392745483,746096,0,0
205.0,209,1716.564318,0.019138755980861243,0.034640171858216974,0.024708304735758406,3.951492537313433,0.4853542357819069,0.012441207707479897,0.006119455823597835,0.008850452637434886,762019,0,0
202.0,209,1724.290112,0.03349282296650718,0.034634347752167685,0.045066045066045064,3.962686567164179,0.4829836168419227,0.012277347287913857,0.0060631981483345075,0.00862936499949683,757624,0,0
191.0,209,1732.593751,0.0861244019138756,0.03489439853076217,0.0974702380952381,4.0335820895522385,0.4908540628894908,0.011918175217206239,0.005833896692455995,0.00873832594706928,734261,0,0
203.0,209,1740.961545,0.028708133971291867,0.034863311774181914,0.04337899543378995,4.0,0.4879280083287584,0.011758258183448757,0.005605101888296547,0.008370285486522844,727340,0,0
209.0,209,1749.595387,0.0,0.034688995215311005,0.0,3.8955223880597014,0.5092474592814824,0.011474312904265075,0.005848677851850016,0.007831280513494089,704150,0,0
207.0,209,1758.181028,0.009569377990430622,0.03456402199528672,0.013258897418004187,4.014925373134329,0.49694137061638205,0.011095221657872675,0.00572020316583658,0.008678928941269294,708660,0,0
208.0,209,1767.133261,0.004784688995215311,0.03441659955469231,0.008708272859216255,3.8134328358208953,0.5124771855658666,0.011504685276946475,0.0054702448118530145,0.008487465044399746,699961,0,0
209.0,209,1776.057704,0.0,0.03424705965540811,0.0,4.0,0.49324014704408337,0.011201952410006101,0.0054423428920073215,0.008688224527150701,709140,0,0
209.0,209,1784.330646,0.0,0.03407918191199925,0.0,3.921641791044776,0.49418205146343763,0.011315073815073816,0.00556041181041181,0.008304195804195804,716110,0,0
209.0,209,1792.760767,0.0,0.0339129420002334,0.0,4.003731343283582,0.48421545864558657,0.01137873553499384,0.005508177711207209,0.008431377286014544,734737,0,0
206.0,209,1800.705096,0.014354066985645933,0.033817996005016955,0.018322762508809022,4.026119402985074,0.4908009063518404,0.011490660833193106,0.005384744825596769,0.00810115627779514,736440,0,0
200.0,209,1808.636998,0.0430622009569378,0.03386265399995377,0.06430155210643015,4.085820895522388,0.4888341763296321,0.011196440106222637,0.00523935979329649,0.008086317854494127,720317,0,0
200.0,209,1816.791449,0.0430622009569378,0.03390688259109312,0.060498220640569395,4.029850746268656,0.48715891293060565,0.011262172908878782,0.005452510774066049,0.008119240934307959,724464,0,0
200.0,209,1825.085663,0.0430622009569378,0.033950687942125864,0.05832747716092762,3.966417910447761,0.49117607809551156,0.011232493660987226,0.005355577146377876,0.008294035403682551,728362,0,0
208.0,209,1833.458051,0.004784688995215311,0.03381180223285486,0.008915304606240713,3.906716417910448,0.5037744365275596,0.01108307590727946,0.005140660739972175,0.008465583512156013,722577,0,0
200.0,209,1841.617698,0.0430622009569378,0.0338556429851017,0.0635500365230095,3.951492537313433,0.4936726786940551,0.011124932522824888,0.005186941112962659,0.007721735864998709,739377,0,0
200.0,209,1849.537124,0.0430622009569378,0.03389907014534621,0.05743740795287187,3.8805970149253732,0.5002681837831945,0.011610250659938795,0.00546639568294905,0.007288527577265401,759463,0,0
196.0,209,1857.598013,0.06220095693779904,0.034031942853292,0.08161764705882353,3.917910447761194,0.4945365488763046,0.011441062251470827,0.005208938911238751,0.007487849684905705,739963,0,0
209.0,209,1866.027423,0.0,0.03387291508294951,0.0,3.8992537313432836,0.4934886199057085,0.011385726187170231,0.005392020734981024,0.007775617883921133,735764,0,0
203.0,209,1873.818777,0.028708133971291867,0.03384889284522088,0.04654771140418929,3.91044776119403,0.4979432810624096,0.011056086606011747,0.005297708165380628,0.007439824945295405,721838,0,0
205.0,209,1881.742203,0.019138755980861243,0.03378079035973773,0.02608695652173913,3.8955223880597014,0.4900453544214215,0.011072902338376892,0.005226960110041265,0.00761118752865658,728017,0,0
198.0,209,1889.838442,0.05263157894736842,0.03386766035322911,0.06666666666666667,3.9776119402985075,0.494849069906044,0.010566433885617782,0.005226162764160847,0.008010406682185403,714112,0,0
201.0,209,1897.42963,0.03827751196172249,0.0338878890303323,0.0493642483171279,3.9291044776119404,0.49183367845063997,0.010586337717803675,0.005270451395988096,0.007405892909879825,724441,0,0
208.0,209,1905.528073,0.004784688995215311,0.03375499770597103,0.005087209302325582,3.966417910447761,0.492179258907799,0.01067221380604608,0.0052456644131412935,0.007325841680421462,716297,0,0
203.0,209,1913.770745,0.028708133971291867,0.03373205741626794,0.03982621288921072,4.059701492537314,0.496142139116097,0.010195813639432815,0.0051316677920324105,0.007629979743416611,701770,0,0
195.0,209,1921.865016,0.06698564593301436,0.03388252614258806,0.09210526315789473,3.8955223880597014,0.5040398033749168,0.010173669467787114,0.005310924369747899,0.007507002801120448,730626,0,0
204.0,209,1930.122657,0.023923444976076555,0.03383766541661278,0.02909090909090909,3.970149253731343,0.5031854818318107,0.009881996029355997,0.005152914408084052,0.0070936224319079165,715059,0,0
208.0,209,1938.641057,0.004784688995215311,0.03370738301113567,0.008416220351951033,3.985074626865672,0.5029954642822887,0.009880764704576238,0.005040300197615294,0.007438328485467505,711201,0,0
203.0,209,1947.204623,0.028708133971291867,0.033685064935064936,0.04414856341976174,3.8134328358208953,0.5072877554251679,0.010433244916003536,0.005083996463306808,0.007802829354553492,729980,0,0
195.0,209,1955.170531,0.06698564593301436,0.03383306751727804,0.0963944076526858,3.7313432835820897,0.5043553629622776,0.010388467040827555,0.005348299768900627,0.008143501705733466,741068,0,0
202.0,209,1963.220114,0.03349282296650718,0.033831562010416226,0.05161787365177196,3.9029850746268657,0.5045580345354438,0.010145276858689222,0.005236978767228346,0.00705567850647501,722707,0,0
199.0,209,1971.278107,0.04784688995215311,0.03389330354319921,0.06177325581395349,3.917910447761194,0.5003645250823437,0.010210315036216075,0.005257875905401868,0.007134130377868924,748934,0,0
199.0,209,1979.063654,0.04784688995215311,0.03395450348358935,0.06657122405153901,3.791044776119403,0.5018129179182871,0.010253068317584447,0.005278592375366569,0.007103290974258716,764548,0,0
193.0,209,1987.187304,0.07655502392344497,0.034140531957125846,0.10222531293463143,3.783582089552239,0.49620429981302155,0.010210262178766116,0.005364714026131349,0.0068573159124340225,768050,0,0
199.0,209,1995.311244,0.04784688995215311,0.03420012481797379,0.06628652886671418,3.7276119402985075,0.5032955040169992,0.010166497943007302,0.005169405733732526,0.0068063842160811594,741584,0,0
200.0,209,2003.324851,0.0430622009569378,0.03423848878394333,0.06299782766111513,3.7276119402985075,0.5119712652034205,0.009994209363673408,0.004954211079417505,0.006927316790700667,726435,0,0
206.0,209,2011.772599,0.014354066985645933,0.034152780069295494,0.02252906976744186,3.701492537313433,0.49812042565838976,0.010185125872782013,0.00488971451754105,0.006704674054619606,732645,0,0
202.0,209,2019.892456,0.03349282296650718,0.03414994763537795,0.038001407459535536,3.6529850746268657,0.5053472052238602,0.010120123312426916,0.0049324970766450515,0.006335707451897523,729850,0,0
202.0,209,2027.914666,0.03349282296650718,0.0341471394102973,0.04623878536922015,3.8171641791044775,0.4970436412727419,0.009992167157101425,0.004847894658847937,0.006668501386624891,730143,0,0
205.0,209,2036.369639,0.019138755980861243,0.03408327394889545,0.02666666666666667,3.9813432835820897,0.49796873917838685,0.009822520129842756,0.004595084524261203,0.00674507820075039,710429,0,0
208.0,209,2044.582182,0.004784688995215311,0.033959127402481554,0.008842443729903537,3.8805970149253732,0.5093366191123747,0.009737670514165792,0.004679958027282266,0.006757607555089192,717420,0,0
203.0,209,2052.642777,0.028708133971291867,0.03393697131205459,0.047987616099071206,3.9477611940298507,0.50375858153467,0.009508285791904374,0.004722796898836018,0.006415480743109105,722610,0,0
201.0,209,2060.992822,0.03827751196172249,0.0339552088778095,0.05015197568389058,4.0,0.4960330379494268,0.00942689474341366,0.004682232488450493,0.0068256544720522744,718040,0,0
195.0,209,2069.004659,0.06698564593301436,0.03409341154331245,0.08701563562202583,4.0111940298507465,0.4930125236357975,0.00957532798607225,0.004684034902277767,0.006487181081473191,722780,0,0
205.0,209,2076.944959,0.019138755980861243,0.0340311004784689,0.030745580322828592,3.958955223880597,0.49940153157494355,0.009699921575102159,0.004664217608453379,0.00660420192347381,725661,0,0
207.0,209,2085.052023,0.009569377990430622,0.03392959955528202,0.012715033657442034,3.958955223880597,0.4919911977626618,0.009555907194673353,0.004788228766363207,0.006678859867244816,743624,0,0
202.0,209,2093.386967,0.03349282296650718,0.033927794693344934,0.038002980625931444,3.951492537313433,0.4930346363894918,0.00949593762151321,0.004563780365511737,0.006753576325645171,728703,0,0
206.0,209,2101.857572,0.014354066985645933,0.03384724437356016,0.010737294201861132,3.9738805970149254,0.4917585160775507,0.009721005115245878,0.004605759236992806,0.0065825674050826385,739540,0,0
209.0,209,2110.107278,0.0,0.033708526158914426,0.0,3.8582089552238807,0.5049720285739893,0.009760948090425747,0.004545639027557937,0.0067981655099638785,732613,0,0
201.0,209,2118.407241,0.03827751196172249,0.03372717508055854,0.04642313546423135,3.8694029850746268,0.5081416127782097,0.009519189959376706,0.004446330766587845,0.006689706744275349,706339,0,0
207.0,209,2126.559645,0.009569377990430622,0.0336289726533629,0.01347305389221557,3.8843283582089554,0.500597490597125,0.009499657851306203,0.004508312200619893,0.006762468300929839,706925,0,0
202.0,209,2134.693896,0.03349282296650718,0.03362842144005579,0.045950155763239874,3.7686567164179103,0.5058643487672295,0.009601507376523412,0.004830821039127646,0.0072562540089801154,729362,0,0
205.0,209,2142.713227,0.019138755980861243,0.03356999536965581,0.02643171806167401,3.798507462686567,0.4938570578894869,0.009522288543309445,0.004831014313377118,0.0074860758988281794,750485,0,0
202.0,209,2150.825477,0.03349282296650718,0.033569685440325896,0.032119914346895075,3.8917910447761193,0.49422892644954813,0.009523809523809525,0.0046724326473804555,0.007137886469828015,743555,0,0
194.0,209,2159.033982,0.07177033492822966,0.033722488038277515,0.09329446064139942,3.91044776119403,0.4980777604485763,0.009388183564736873,0.004733704371249183,0.007150072292974707,733940,0,0
204.0,209,2167.290461,0.023923444976076555,0.033683448026077506,0.03865791393143691,3.8805970149253732,0.5013589647106672,0.009271497050874874,0.004754108062257116,0.006746493598721717,734365,0,0
205.0,209,2175.516295,0.019138755980861243,0.033625730994152045,0.0336676217765043,3.917910447761194,0.4992574925863296,0.009332390270737553,0.0047349601163110535,0.006522849620810248,738457,0,0
199.0,209,2183.555226,0.04784688995215311,0.03368194110861055,0.06621160409556313,3.873134328358209,0.4956830127636123,0.009315615398164275,0.004853513904925925,0.006693152239857526,741236,0,0
200.0,209,2191.559814,0.0430622009569378,0.03371887126549373,0.0529287226534933,3.9291044776119404,0.4926217671828659,0.009181823498450202,0.004717624812367195,0.006900988361892508,735748,0,0
192.0,209,2199.586645,0.08133971291866028,0.03390561966413359,0.11738811445341159,3.925373134328358,0.4917077944021189,0.009361222785449319,0.00458350327254365,0.0066616170444172545,737051,0,0
202.0,209,2207.564392,0.03349282296650718,0.03390400717703349,0.04626865671641791,3.955223880597015,0.4899671799286753,0.009537443655568668,0.004604283144067633,0.006654930258652376,735512,0,0
202.0,209,2215.428496,0.03349282296650718,0.033902407238471134,0.05488721804511278,3.951492537313433,0.49187731268105706,0.009423236274642052,0.004528549129940454,0.006494132156552907,750930,0,0
204.0,209,2224.066571,0.023923444976076555,0.03386372909016728,0.0368763557483731,3.9477611940298507,0.49118060417893,0.009021632723573335,0.004683571030961476,0.006507092538917788,756984,0,0
203.0,209,2232.187958,0.028708133971291867,0.03384382331750753,0.047860768672951415,3.951492537313433,0.4971862691304164,0.00869980879541109,0.004455066921606118,0.006653919694072657,728079,0,0
208.0,209,2240.568725,0.004784688995215311,0.03373205741626794,0.00624512099921936,3.925373134328358,0.5014715312417185,0.008703435666945989,0.0043421954749752415,0.0066275615144358955,734969,0,0
204.0,209,2248.454639,0.023923444976076555,0.0336944765256925,0.030551415797317436,3.9440298507462686,0.49914920534215373,0.008764607679465776,0.004306419790560024,0.005672332675671574,740170,0,0
207.0,209,2256.575324,0.009569377990430622,0.033602395996931954,0.015467904098994586,3.921641791044776,0.49345027766818933,0.008654736484060545,0.004516336287533778,0.005744628583306563,743486,0,0
200.0,209,2264.933048,0.0430622009569378,0.033638364837084066,0.05680119581464873,3.8694029850746268,0.5015948136854681,0.008678627233193396,0.00432990078879497,0.005873604548278394,739801,0,0
201.0,209,2273.036279,0.03827751196172249,0.03365593736407133,0.0555155010814708,3.925373134328358,0.49639329183942715,0.008552138034508628,0.004332333083270818,0.005663915978994748,748190,0,0
208.0,209,2281.600959,0.004784688995215311,0.03354698925701905,0.009070294784580499,3.917910447761194,0.49775615780738897,0.008612315050067255,0.004128680316843521,0.005455088925422209,742022,0,0
203.0,209,2290.268018,0.028708133971291867,0.03352879807173436,0.042156185210780926,3.9029850746268657,0.4925739095758628,0.008858945487707283,0.0042805829037241075,0.005750870075003257,755708,0,0
196.0,209,2298.358996,0.06220095693779904,0.03363618443452861,0.084328882642305,3.8208955223880596,0.5012692181902291,0.008734029335954161,0.00439483004802789,0.005933947744172678,751031,0,0
202.0,209,2306.597461,0.03349282296650718,0.033635649503677784,0.04215456674473068,3.8582089552238807,0.49616933828839593,0.008719909844999908,0.004286057381440633,0.006078072752129173,743573,0,0
207.0,209,2315.210797,0.009569377990430622,0.033546183810319985,0.015151515151515152,3.7574626865671643,0.5029435939843652,0.008815518256772674,0.004177709069493522,0.005926089517078916,746834,0,0
206.0,209,2323.672708,0.014354066985645933,0.033475101896154526,0.023721275018532245,3.8134328358208953,0.49997185891018486,0.00869055040152543,0.004253602728172785,0.0064904110593670935,754352,0,0
208.0,209,2331.459827,0.004784688995215311,0.03336923321386324,0.008547008547008548,3.791044776119403,0.49479405302541285,0.008584474885844748,0.0042557077625570774,0.00663013698630137,748742,0,0
207.0,209,2339.291402,0.009569377990430622,0.033281733746130034,0.015407190022010272,3.9738805970149254,0.4816280463959795,0.008442964499517805,0.004166894117218917,0.006696144258238259,731886,0,0
195.0,209,2347.600296,0.06698564593301436,0.03340519129992814,0.09871244635193133,3.962686567164179,0.48788287060776364,0.008558166521612997,0.004079634464751959,0.006708732230925442,744033,0,0
198.0,209,2356.117335,0.05263157894736842,0.0334753605979115,0.06787963610916725,3.906716417910448,0.4826697458387579,0.008527551942186089,0.004119241192411924,0.006323396567299007,758798,0,0
200.0,209,2363.828417,0.0430622009569378,0.03351022183558069,0.06346863468634686,4.029850746268656,0.47366160311683597,0.008244824482448244,0.004158415841584159,0.00666066606660666,756336,0,0
207.0,209,2371.274103,0.009569377990430622,0.03342347964773594,0.011182108626198083,4.0111940298507465,0.47938124214816247,0.008268020158903815,0.004160912531162007,0.0064386534426170705,750282,0,0
199.0,209,2378.835478,0.04784688995215311,0.033475549721037084,0.06554989075018208,3.9365671641791047,0.48530910849635955,0.008310100793480591,0.004217599542497677,0.006380012867252842,761205,0,0
200.0,209,2386.333381,0.0430622009569378,0.03351003407800076,0.06315007429420505,3.9029850746268657,0.48517843703545677,0.00826269677327445,0.0043094237481302086,0.0060367547546121515,760057,0,0
206.0,209,2394.209541,0.014354066985645933,0.03344137469774142,0.015706806282722512,3.873134328358209,0.482369996898866,0.008250239523082929,0.0042936730421205774,0.005925978496149888,762985,0,0
195.0,209,2402.032381,0.06698564593301436,0.033561175666438826,0.0995702005730659,3.958955223880597,0.4826635155302722,0.008027299892144209,0.004243506550913238,0.006064678112346836,755003,0,0
189.0,209,2410.13471,0.09569377990430622,0.033782288137036216,0.132319391634981,3.8694029850746268,0.4906459527877381,0.008106298241285729,0.00424699538293448,0.0057625207063052904,743657,0,0
196.0,209,2417.92201,0.06220095693779904,0.03388306355831552,0.08378588052754073,3.888059701492537,0.4967559346824595,0.008060833830915668,0.004179691616030347,0.005250957114256612,736154,0,0
203.0,209,2425.896109,0.028708133971291867,0.03386477758804335,0.03877703206562267,3.861940298507463,0.4985855128574119,0.008014699448770672,0.004024849068159944,0.005494793945227054,725799,0,0
205.0,209,2434.336348,0.019138755980861243,0.03381292539928567,0.0264808362369338,4.0335820895522385,0.4914026034523974,0.008020924149956409,0.0038884045335658237,0.005510026155187446,728876,0,0
200.0,209,2442.737218,0.0430622009569378,0.03384537899773357,0.05218012866333095,4.0559701492537314,0.4942554877668019,0.00792354474370113,0.003735881841876629,0.005751520417028671,721618,0,0
206.0,209,2450.99467,0.014354066985645933,0.03377722755713186,0.021455938697318006,3.9925373134328357,0.4958852865761841,0.007912597825334164,0.003895699148140453,0.005505921462705173,709852,0,0
202.0,209,2459.285781,0.03349282296650718,0.0337762366003701,0.0465288035450517,3.9440298507462686,0.49200672660532857,0.008126574415956381,0.003951137030263294,0.005072638807412264,727381,0,0
204.0,209,2467.541774,0.023923444976076555,0.03374202551834131,0.03350707371556218,3.925373134328358,0.49336212622575143,0.00802929747945394,0.0040748254874316565,0.005226780372064235,731257,0,0
193.0,209,2475.992907,0.07655502392344497,0.03389016738133475,0.09569028487947406,3.876865671641791,0.49309672997646076,0.008122697283865993,0.003992802673292777,0.0056207694284979865,733653,0,0
194.0,209,2483.951597,0.07177033492822966,0.03402078864873783,0.08031272210376687,3.876865671641791,0.491114170011342,0.007976225042272285,0.004064971220686946,0.005243471280465935,739597,0,0
206.0,209,2491.971953,0.014354066985645933,0.03395320541278219,0.019580419580419582,3.906716417910448,0.4992339248949917,0.007812101097778913,0.003914560462939324,0.0052250872266190115,729684,0,0
201.0,209,2500.252237,0.03827751196172249,0.03396801468178541,0.05193905817174515,3.873134328358209,0.4980135543724407,0.007887237940158762,0.003986023475133998,0.005139426012619581,744116,0,0
204.0,209,2508.359315,0.023923444976076555,0.03393373287391609,0.029808374733853796,3.783582089552239,0.5021723368015192,0.007876943881000676,0.004124408384043272,0.005442866801893171,755239,0,0
195.0,209,2516.411336,0.06698564593301436,0.03404615434690623,0.08931185944363104,3.764925373134328,0.502018417861189,0.00807008676606857,0.004161401735321372,0.0054249852581922334,747457,0,0
194.0,209,2524.71961,0.07177033492822966,0.034174032925148,0.08683473389355742,3.798507462686567,0.5019363823608888,0.008010210079094528,0.0042821877781322945,0.0054073116257199955,740948,0,0
203.0,209,2532.966001,0.028708133971291867,0.03415556705030389,0.042709867452135494,3.83955223880597,0.5050437581184125,0.007899317177667693,0.004083545320658723,0.005506091846298032,727786,0,0
204.0,209,2541.212812,0.023923444976076555,0.03412111546082838,0.032036613272311214,3.8582089552238807,0.5044482742974677,0.008039228767763026,0.0038695043031556475,0.0055040362932817395,720628,0,0
209.0,209,2549.444945,0.0,0.034006615073375934,0.0,3.8544776119402986,0.5036181568696684,0.008160890883403972,0.00377295769965927,0.005617884151915565,725991,0,0
202.0,209,2557.329414,0.03349282296650718,0.03400489670512554,0.05018450184501845,3.783582089552239,0.5076429759210603,0.008117017575827853,0.003992247419947985,0.005698477645070982,739055,0,0
205.0,209,2565.207489,0.019138755980861243,0.03395534290271132,0.025943396226415096,3.746268656716418,0.5078196243595945,0.008106055603249026,0.004110810275374761,0.005596645314666843,728678,0,0
194.0,209,2572.968817,0.07177033492822966,0.03408097410545391,0.0967238689547582,3.753731343283582,0.5002538034796277,0.0080472632722246,0.004064773063884409,0.0058256261725306915,749085,0,0
207.0,209,2580.529361,0.009569377990430622,0.03399980987990747,0.015885623510722795,3.787313432835821,0.5018618427410747,0.007905138339920948,0.004050973381660735,0.005641841470814951,746453,0,0
197.0,209,2588.330211,0.05741626794258373,0.034077091919718284,0.07997010463378176,3.8097014925373136,0.4935752071473487,0.007732548634951774,0.0038254046101029917,0.006016020925290175,747629,0,0
203.0,209,2596.162903,0.028708133971291867,0.034059430873835304,0.04380103934669636,3.9328358208955225,0.4881459589071529,0.0077069721212911215,0.0038127515356915906,0.005751714923500562,753980,0,0
203.0,209,2603.956477,0.028708133971291867,0.03404188563808926,0.024337866857551897,3.91044776119403,0.49174138896228503,0.007584123684552423,0.0036540210471612314,0.005619072365856828,734231,0,0
207.0,209,2611.675195,0.009569377990430622,0.03396191012290083,0.013878180416345412,3.9291044776119404,0.49100476217729094,0.0076396419727109395,0.00390074939708334,0.005551688975931891,744507,0,0
204.0,209,2619.769852,0.023923444976076555,0.03392921153936069,0.039781591263650544,3.9402985074626864,0.4885318310587038,0.007662897059060771,0.003855647151822156,0.005420491393356671,744848,0,0
205.0,209,2627.974249,0.019138755980861243,0.03388119057975517,0.026912181303116147,3.9477611940298507,0.48522230427415874,0.007557242089014664,0.003971571906354515,0.0055312580396192435,734277,0,0
196.0,209,2636.003958,0.06220095693779904,0.03397284030906923,0.08434596140100072,3.9477611940298507,0.4860329773511032,0.00761364364941976,0.003975123421170738,0.005129191511188049,728848,0,0
201.0,209,2644.20014,0.03827751196172249,0.03398672634665843,0.055637982195845696,3.996268656716418,0.4849518395678035,0.007509306747191999,0.004026266596366773,0.005384332710220646,746786,0,0
193.0,209,2652.451182,0.07655502392344497,0.03412360190156772,0.10507505360972123,3.9925373134328357,0.4856101757821248,0.007581790959192125,0.004013889331337008,0.004874008473766366,760490,0,0
203.0,209,2660.511576,0.028708133971291867,0.03410624463256042,0.048507462686567165,3.9291044776119404,0.4909803442964392,0.007446217353338096,0.003858061443200762,0.005080574740017465,731786,0,0
193.0,209,2668.422789,0.07655502392344497,0.034241863735726186,0.11408339889850512,3.951492537313433,0.49215877461753227,0.007249358954066289,0.0038462756022666117,0.005112539175029282,726973,0,0
207.0,209,2676.59663,0.009569377990430622,0.034163288940359006,0.011704462326261888,3.9402985074626864,0.4900591166871317,0.007462333359627672,0.003723278378165181,0.00533249191449081,736316,0,0
196.0,209,2684.569018,0.06220095693779904,0.034252297410192145,0.08759124087591241,3.9440298507462686,0.4903686112771194,0.007470785297494535,0.003696072726128875,0.005426149321338136,745508,0,0
194.0,209,2692.796028,0.07177033492822966,0.03437102537702138,0.09326072157930565,3.8843283582089554,0.4940478459053498,0.0075264602116816934,0.003684829478635829,0.005049000392003136,744274,0,0
195.0,209,2700.908006,0.06698564593301436,0.034473910615368364,0.08842105263157894,3.798507462686567,0.49127818468029893,0.007566046584336407,0.0038768172580897296,0.00518993278099109,763012,0,0
203.0,209,2708.816,0.028708133971291867,0.03445577924227378,0.04293116210214656,3.8955223880597014,0.48509425624153507,0.007651192869275241,0.0037398906081997103,0.005251429729013759,769792,0,0
204.0,209,2716.724864,0.023923444976076555,0.03442276252043617,0.0343213728549142,3.861940298507463,0.4878254026937929,0.007751215496217594,0.0037591065131957068,0.005063920344222315,750025,0,0
198.0,209,2724.626622,0.05263157894736842,0.03447966507177033,0.07198748043818466,3.8022388059701493,0.4920445160310372,0.007742934572202865,0.0037630662020905923,0.005203252032520325,753793,0,0
206.0,209,2732.651539,0.014354066985645933,0.03441696850452384,0.023721275018532245,3.8208955223880596,0.49697778365039286,0.007455889844244454,0.003766536484463037,0.0055263117272039645,738766,0,0
206.0,209,2740.976002,0.014354066985645933,0.03435466135694969,0.021196063588190765,3.8134328358208953,0.496486746091658,0.007339929524366412,0.003677658608644806,0.005385692523120008,726125,0,0
209.0,209,2749.315829,0.0,0.034248300176278015,0.0,3.951492537313433,0.4930019521126755,0.007331738143444383,0.00369654580035585,0.005475796061108044,737328,0,0
200.0,209,2757.219817,0.0430622009569378,0.034275503573749186,0.05734767025089606,4.014925373134329,0.48993642237022944,0.007141109547984586,0.0036699492323689522,0.005657838399902135,728623,0,0
194.0,209,2765.4034,0.07177033492822966,0.03439087228560913,0.0967238689547582,3.9328358208955225,0.48959166925018777,0.007196218935813386,0.003643848147583473,0.0056868425064796465,738242,0,0
204.0,209,2773.556117,0.023923444976076555,0.0343587636128805,0.040238450074515646,3.917910447761194,0.4916854597074682,0.007249901206796972,0.0036173511262425147,0.005760403684226525,749450,0,0
204.0,209,2781.830273,0.023923444976076555,0.03432685132347131,0.03252647503782148,3.951492537313433,0.48745949093847546,0.007379011485196521,0.0035607139610291222,0.005591078517530834,750377,0,0
204.0,209,2789.968961,0.023923444976076555,0.03429513362119267,0.03687943262411347,3.843283582089552,0.4954084487361418,0.007356273224373886,0.003640373402616235,0.005724902570919308,760807,0,0
203.0,209,2798.127503,0.028708133971291867,0.03427815185933887,0.036127167630057806,3.8992537313432836,0.49499943035405475,0.007288607785558316,0.0034485355018447406,0.005842933514042617,751832,0,0
201.0,209,2806.499656,0.03827751196172249,0.0342902711323764,0.04862745098039216,3.8022388059701493,0.5003489193396895,0.007431762904242861,0.0034681560219800016,0.00587034201123022,759059,0,0
199.0,209,2814.445413,0.04784688995215311,0.034331227684702,0.059770114942528735,3.8059701492537314,0.49872859103955836,0.007484469725319961,0.0035027318314497418,0.006152234114213008,760852,0,0
201.0,209,2822.670313,0.03827751196172249,0.03434311408312676,0.05745341614906832,3.921641791044776,0.4970590880044745,0.007148613556994896,0.0034176043936363907,0.00593976658806674,728287,0,0
201.0,209,2830.84902,0.03827751196172249,0.034354929091771194,0.06515151515151515,3.9141791044776117,0.4957718357255328,0.007201630782507774,0.0035115389765947,0.005862484562619965,747327,0,0
202.0,209,2839.325854,0.03349282296650718,0.03435234793570753,0.03605442176870748,3.9328358208955225,0.4913584176728271,0.007120710884303283,0.0035306858134670446,0.005948760551261701,744129,0,0
198.0,209,2847.545738,0.05263157894736842,0.03440691280439906,0.07289293849658314,3.958955223880597,0.5006298973525005,0.007247770201310515,0.0034020145842886093,0.005398849231588445,727500,0,0
203.0,209,2855.463803,0.028708133971291867,0.03438995215311005,0.03546099290780142,3.9365671641791047,0.49191723658344294,0.0070786019761097186,0.003406577201002802,0.0054269281816841175,739290,0,0
207.0,209,2863.551371,0.009569377990430622,0.03431630059773118,0.017651573292402148,3.8507462686567164,0.5064728076636862,0.007204081332608025,0.0031462722554655453,0.004954643692018172,725141,0,0
203.0,209,2871.906049,0.028708133971291867,0.03429970838877722,0.03843364757070341,3.8358208955223883,0.49916911280252757,0.00722661975960129,0.003430079155672823,0.004925241864555849,750181,0,0
207.0,209,2880.215762,0.009569377990430622,0.03422675756164345,0.012116892373485389,3.8358208955223883,0.5062705027783054,0.00701477486956903,0.003419702748914902,0.004822657722828708,764070,0,0
196.0,209,2888.602926,0.06220095693779904,0.03430903461863214,0.07579102281089035,3.8059701492537314,0.5010791987084364,0.007096745988954141,0.003482797312854291,0.00477973857161593,773275,0,0
204.0,209,2896.833099,0.023923444976076555,0.034278578344020545,0.031804733727810654,3.8582089552238807,0.4965948522161921,0.00709024074854345,0.0034434161012393393,0.004852746741830967,764066,0,0
193.0,209,2904.804796,0.07655502392344497,0.034402193681972074,0.08509090909090909,3.8059701492537314,0.49390374746876503,0.007128368588814837,0.0034482758620689655,0.005172413793103448,767175,0,0
205.0,209,2912.530258,0.019138755980861243,0.03435769386360149,0.02259475218658892,3.83955223880597,0.4974875409150097,0.006962802455760202,0.0035536294691224267,0.00524377031419285,771475,0,0
197.0,209,2920.02397,0.05741626794258373,0.03442472460220318,0.08582375478927202,3.8805970149253732,0.4980621285864283,0.006698164846878511,0.003457117340324393,0.005185676010486589,760561,0,0
199.0,209,2928.293247,0.04784688995215311,0.03446362942930448,0.07049418604651163,3.8656716417910446,0.49955585865760044,0.006822654084256187,0.0033466913718561927,0.004754312635555364,756138,0,0
198.0,209,2936.397466,0.05263157894736842,0.034516137953923165,0.07716049382716049,3.8656716417910446,0.50408925557087,0.006874919434537876,0.0034231369684469843,0.004912702845930191,766953,0,0
203.0,209,2944.552405,0.028708133971291867,0.03449940019028446,0.04390613171839516,3.9477611940298507,0.5032208881325855,0.006812144754505727,0.003370369312501785,0.004627117191739739,745995,0,0
201.0,209,2952.642734,0.03827751196172249,0.03451025683330584,0.05355776587605203,4.052238805970149,0.49883639512509476,0.006422397220283952,0.003389202967688649,0.0042293835353089445,716544,0,0
206.0,209,2960.993733,0.014354066985645933,0.034452502707667844,0.018744906275468622,4.026119402985074,0.49654703659325444,0.00629002257592753,0.0033508923880787743,0.004160218091979156,710700,0,0
209.0,209,2969.525412,0.0,0.034354066985645935,0.0,3.8582089552238807,0.516036128115003,0.0064412922223166,0.0031710977094481724,0.003751521843766811,688833,0,0
209.0,209,2978.873177,0.0,0.034256192150928996,0.0,3.9440298507462686,0.5052246780530988,0.006535209677191694,0.003062938444817706,0.003938063714765622,685512,0,0
205.0,209,2987.716899,0.019138755980861243,0.03421324488908221,0.025974025974025976,4.003731343283582,0.48949516638530577,0.006741541406293982,0.0031948432134211563,0.003982998367392895,702214,0,0
205.0,209,2995.749578,0.019138755980861243,0.034170540954498015,0.028888888888888888,4.022388059701493,0.49457039566503336,0.006553742088496569,0.003199685644919096,0.004055741892024643,708879,0,0
201.0,209,3003.673774,0.03827751196172249,0.03418214256751277,0.06282335550628233,4.0,0.4828216876952131,0.006647261328332727,0.0031766912032242718,0.004142293375129447,712536,0,0
203.0,209,3012.036481,0.028708133971291867,0.034166722824988206,0.0411522633744856,4.041044776119403,0.48051654464922117,0.0065307489429396745,0.003279329063228255,0.004409650995660122,715546,0,0
202.0,209,3020.440265,0.03349282296650718,0.03416482984785764,0.0408781226343679,4.014925373134329,0.4915425326445458,0.006442814800384064,0.003186618983343306,0.004592071024031839,698342,0,0
202.0,209,3028.803617,0.03349282296650718,0.03416294747564098,0.05283605283605284,4.022388059701493,0.495141587585027,0.006397002705890516,0.0031499340872823147,0.004565322972316659,701900,0,0
204.0,209,3037.261986,0.023923444976076555,0.03413434551335169,0.03198781416603199,3.9813432835820897,0.4988766069682801,0.006558828820102672,0.0031133681108082303,0.004040459948248904,712751,0,0
202.0,209,3045.94109,0.03349282296650718,0.03413255854246911,0.046886446886446886,3.8582089552238807,0.49154124097580204,0.006719929351050765,0.003284072249589491,0.004470753818768887,751186,0,0
206.0,209,3054.318915,0.014354066985645933,0.0340776182881446,0.02531645569620253,3.8582089552238807,0.49106637892187166,0.006645843939623265,0.0031371685677724728,0.004196650934958791,728097,0,0
202.0,209,3062.350448,0.03349282296650718,0.03407599835650572,0.034375,3.9291044776119404,0.49842816851242516,0.006490209799805156,0.0030598663538193445,0.004157576256534804,710074,0,0
201.0,209,3070.328905,0.03827751196172249,0.03408760474768035,0.05927051671732523,4.029850746268656,0.4916074060900023,0.006417624521072797,0.0030925013683634375,0.004269293924466338,727961,0,0
206.0,209,3078.709296,0.014354066985645933,0.03403324238469954,0.022962962962962963,4.044776119402985,0.4931567249916888,0.006372294844854406,0.0031520344949922223,0.004189067489015637,718226,0,0
197.0,209,3087.188999,0.05741626794258373,0.03409748146590252,0.07643758765778401,4.0559701492537314,0.47543946564604106,0.00640964576840902,0.0032388443585591223,0.004477226025067022,733769,0,0
201.0,209,3095.62199,0.03827751196172249,0.03410893360424723,0.053994082840236685,3.9328358208955225,0.4809445783717448,0.00654144726127789,0.003230009228597796,0.004994299983714239,773800,0,0
200.0,209,3103.645881,0.0430622009569378,0.034133396083352946,0.060324825986078884,3.996268656716418,0.481778282209004,0.006469600996156137,0.0031535921173731795,0.0049943154133506576,773649,0,0
194.0,209,3111.844208,0.07177033492822966,0.034235949050232715,0.09071580439404678,3.8582089552238807,0.4885262997119065,0.006466157293663436,0.003185831150949,0.005102729555333568,778246,0,0
193.0,209,3120.100905,0.07655502392344497,0.034350946536301226,0.10344827586206896,3.91044776119403,0.48492883088729877,0.006516675418400183,0.0031640882713306674,0.004429723579862935,772662,0,0
208.0,209,3128.302702,0.004784688995215311,0.03427082117711129,0.005904059040590406,3.83955223880597,0.49481841033386365,0.006498476080505914,0.0031686784194202393,0.004497912163160085,758030,0,0
204.0,209,3136.022217,0.023923444976076555,0.034242855295486874,0.029839326702371844,3.8805970149253732,0.4839410771594639,0.006346825917544823,0.0031868028868684973,0.004271387062651473,745328,0,0
199.0,209,3144.296658,0.04784688995215311,0.03427952385251293,0.07315340909090909,3.9029850746268657,0.4829171955977412,0.006356667824043161,0.0030714991586763174,0.004246681445474213,741246,0,0
194.0,209,3152.429984,0.07177033492822966,0.03438030560271647,0.1023728813559322,3.8358208955223883,0.48990873188505074,0.00659331877031275,0.003063562256912995,0.004368906175075923,744608,0,0
197.0,209,3160.297146,0.05741626794258373,0.03444206421488769,0.08409250175192712,3.8022388059701493,0.49631570590493007,0.006429928393979249,0.0031219693648452964,0.004649741607216399,753697,0,0
194.0,209,3168.375767,0.07177033492822966,0.03454187242535118,0.0958904109589041,3.8171641791044775,0.4940557162637175,0.006559158307604648,0.003127194667868075,0.0043727722050697655,754329,0,0
204.0,209,3176.429135,0.023923444976076555,0.034513556618819774,0.02207001522070015,3.876865671641791,0.4930127902722135,0.006448969882782043,0.0031584094302969435,0.0046913612876795605,755555,0,0
198.0,209,3184.492849,0.05263157894736842,0.03456174284841698,0.07664233576642336,3.8022388059701493,0.49527944988649186,0.006484862064874982,0.0031633473487195033,0.0046395761114552715,752909,0,0
206.0,209,3192.66955,0.014354066985645933,0.03450814158618151,0.02318623784592371,3.7313432835820897,0.5058738077046853,0.006651330923430824,0.003207361156753204,0.004784751889582648,753678,0,0
204.0,209,3201.056689,0.023923444976076555,0.03448013974329764,0.034574468085106384,3.876865671641791,0.5011839634115335,0.006463115667483842,0.00306768573263939,0.004365552773371439,739006,0,0
203.0,209,3209.091694,0.028708133971291867,0.03446491017661688,0.03381294964028777,3.8171641791044775,0.5069048690281296,0.006485186056849977,0.003033393478204022,0.004197065976308151,734666,0,0
201.0,209,3217.048306,0.03827751196172249,0.034474943339209266,0.06720233747260775,3.843283582089552,0.5026905113111191,0.006402983712165669,0.0030906459058722274,0.004472960108498624,740161,0,0
209.0,209,3225.295913,0.0,0.03438445792362079,0.0,3.9440298507462686,0.49904441104386676,0.006281537741247464,0.0029261821775997503,0.0041356708110076475,707433,0,0
209.0,209,3233.726353,0.0,0.034294446253663666,0.0,3.962686567164179,0.4959169391404783,0.006277480188324406,0.0030090400902712026,0.003955850118675504,724530,0,0
204.0,209,3241.987416,0.023923444976076555,0.03426736792134621,0.0357958872810358,3.8917910447761193,0.49612838923651004,0.00639027229804023,0.002975227993014682,0.0044240346678740055,754310,0,0
207.0,209,3250.124722,0.009569377990430622,0.03420305023923445,0.014637904468412942,3.9888059701492535,0.4907991446722086,0.006257095675508308,0.0029801837134895244,0.004115491794818867,736467,0,0
206.0,209,3258.468473,0.014354066985645933,0.03415149443857578,0.019494584837545126,4.003731343283582,0.4953606679147086,0.006047505082477676,0.002985151444967704,0.004156051365192105,733363,0,0
205.0,209,3266.565209,0.019138755980861243,0.034112601333763044,0.01809598741148702,4.014925373134329,0.49640408924968205,0.006031595292789035,0.0027848003798621717,0.003952619893997921,701881,0,0
209.0,209,3275.04124,0.0,0.03402445507708666,0.0,4.007462686567164,0.4906583871241683,0.006053857574361337,0.0028925408283417805,0.004172426150616905,721460,0,0
199.0,209,3283.660902,0.04784688995215311,0.03406007990923889,0.062370062370062374,3.958955223880597,0.49473112399087255,0.006089543092772976,0.0029617903512019505,0.004263956798713153,733686,0,0
203.0,209,3291.600105,0.028708133971291867,0.034046321693460106,0.044967880085653104,3.888059701492537,0.49485099361040885,0.006213869152214327,0.0031069345761071637,0.004558535156747396,765569,0,0
190.0,209,3299.745476,0.09090909090909091,0.03419212366580788,0.11180124223602485,4.026119402985074,0.483237986023624,0.006097251155937199,0.00303592297139373,0.004547533153803161,777836,0,0
196.0,209,3307.659426,0.06220095693779904,0.03426375751049328,0.07639939485627836,4.0335820895522385,0.48955654710810476,0.006018753167764825,0.0029523568170299035,0.004637607704004055,766145,0,0
205.0,209,3316.03547,0.019138755980861243,0.03422517332291768,0.02467343976777939,4.074626865671642,0.4836587983827854,0.006015797788309637,0.002843601895734597,0.00446129541864139,750022,0,0
198.0,209,3324.046665,0.05263157894736842,0.03427200896063893,0.06926070038910506,3.9477611940298507,0.489631009195905,0.006177275191306431,0.002912144018758746,0.004614046367383987,771744,0,0
202.0,209,3331.854114,0.03349282296650718,0.0342700313312122,0.04797047970479705,3.966417910447761,0.49965928494189543,0.006060987110971393,0.0028921722728701667,0.004564602326312481,753606,0,0
194.0,209,3339.672811,0.07177033492822966,0.034364968808673006,0.08321870701513068,3.925373134328358,0.49319337901327637,0.006071325530927383,0.0028976780943062506,0.004754199124424542,752238,0,0
197.0,209,3347.41276,0.05741626794258373,0.034423179160021265,0.06618181818181817,3.8656716417910446,0.4927178003675454,0.006168977426297613,0.003040692727363732,0.004805045297562441,776959,0,0
202.0,209,3355.497767,0.03349282296650718,0.03442083569353886,0.04395604395604396,3.9029850746268657,0.4899106053962422,0.006091015751766145,0.00298309992760678,0.0045183354552035745,778504,0,0
187.0,209,3363.522382,0.10526315789473684,0.034598831477963984,0.14427157001414428,3.962686567164179,0.4816929341466161,0.006126642176701326,0.003075773613100056,0.004134238216798456,797104,0,0
201.0,209,3371.25731,0.03827751196172249,0.034608051228549847,0.052870090634441085,3.9365671641791047,0.4861667805738928,0.005962288525078876,0.003092937172384667,0.003937594713437508,779926,0,0
200.0,209,3379.374194,0.0430622009569378,0.034629186602870815,0.06254442075337598,3.873134328358209,0.4966053449745362,0.005959903848536664,0.0029985379030059724,0.0040021807548385495,779486,0,0
195.0,209,3387.213486,0.06698564593301436,0.034709876027634264,0.09540389972144847,3.955223880597015,0.495336444095933,0.0059208168007812015,0.0029789495803512938,0.00391836936502639,765644,0,0
204.0,209,3395.583748,0.023923444976076555,0.034683044109595565,0.04044117647058824,4.014925373134329,0.4913219092065793,0.005794957154306147,0.002922137969299057,0.0037358979101165157,749317,0,0
202.0,209,3403.67154,0.03349282296650718,0.03468009070725539,0.05100463678516229,4.041044776119403,0.5020265769725353,0.005706765715129078,0.00281648566544086,0.0037512145325740713,729924,0,0
199.0,209,3411.622571,0.04784688995215311,0.034712681794495236,0.059248554913294796,4.014925373134329,0.4897573126474455,0.0056682943586975195,0.0028954923563909406,0.003889284224474272,746640,0,0
205.0,209,3419.539068,0.019138755980861243,0.0346742276566838,0.027503526093088856,3.951492537313433,0.504478771282436,0.005519452705266121,0.002765845479800761,0.003683714554955881,709681,0,0
209.0,209,3427.744075,0.0,0.034588823155066346,0.0,3.7723880597014925,0.5159367256699323,0.005419921875,0.00291748046875,0.00360107421875,724554,0,0
209.0,209,3436.22979,0.0,0.03450383833158953,0.0,3.794776119402985,0.5136016772421135,0.005406129381826151,0.0029465840324367763,0.003774549793617358,735453,0,0
207.0,209,3444.604509,0.009569377990430622,0.03444272445820434,0.016417910447761194,3.7611940298507465,0.5055419625991341,0.005562572872133696,0.0030363389040031093,0.004129420909444228,752580,0,0
194.0,209,3452.715706,0.07177033492822966,0.03453399000947579,0.09379509379509379,3.876865671641791,0.49936015275936063,0.005585847570580395,0.002920150248394523,0.003998545983278807,757450,0,0
201.0,209,3460.641025,0.03827751196172249,0.03454312055082273,0.05604075691411936,3.8917910447761193,0.49622685340370093,0.005536014311443111,0.0030218418730584666,0.004411889134665361,763487,0,0
205.0,209,3468.991967,0.019138755980861243,0.034505640345056404,0.028127313101406367,3.985074626865672,0.49124340463090127,0.005534387961801872,0.0028335101765216554,0.004388926401080351,749633,0,0
208.0,209,3477.103257,0.004784688995215311,0.03443350211362475,0.0077459333849728895,4.082089552238806,0.48746093218512326,0.00549648802078322,0.0027181756951794476,0.004089290868854036,729452,0,0
203.0,209,3485.15779,0.028708133971291867,0.0344196392367668,0.04632352941176471,4.003731343283582,0.4918140216233148,0.005471102739150779,0.0028675297251250795,0.004067332957394987,748773,0,0
204.0,209,3493.224872,0.023923444976076555,0.03439428611053325,0.03194650817236255,3.9813432835820897,0.498465217187211,0.005469713109358356,0.002836590824765712,0.003949683426888966,726734,0,0
204.0,209,3501.496421,0.023923444976076555,0.034369055168040584,0.037821482602118005,4.026119402985074,0.49192087053382993,0.005444451077547609,0.0029610172527013315,0.0041430362366425885,729585,0,0
207.0,209,3509.587713,0.009569377990430622,0.03430944055944056,0.014514896867838044,3.962686567164179,0.49423649034415285,0.005371477573187871,0.003037088206569639,0.003823158095328839,734526,0,0
199.0,209,3517.487155,0.04784688995215311,0.034341904466857136,0.07036247334754797,3.8358208955223883,0.4901712965098249,0.0054894784995425435,0.0031487268449757015,0.004218105773458015,763882,0,0
201.0,209,3525.768072,0.03827751196172249,0.03435131979579222,0.061164333087693444,3.985074626865672,0.49622018602762585,0.005286740475569569,0.0028804438017116713,0.003982835873971693,722808,0,0
204.0,209,3534.125095,0.023923444976076555,0.03432643226638956,0.0211864406779661,3.9402985074626864,0.490107299157439,0.005368587848544332,0.0028853203415084077,0.0037840266773880755,733685,0,0
204.0,209,3542.292592,0.023923444976076555,0.03430166324903167,0.03125,3.876865671641791,0.5035685554919226,0.005166922260233573,0.0028665801580747908,0.003892886634422555,718034,0,0
206.0,209,3550.826832,0.014354066985645933,0.034254281785223155,0.023470839260312945,3.9365671641791047,0.5018362547163734,0.005295612878930521,0.0028007908115232536,0.0037893052155902845,731374,0,0
209.0,209,3559.310126,0.0,0.034173110501371916,0.0,3.8507462686567164,0.5104910294092654,0.005364794271291894,0.0027704408053060986,0.003404355226859189,731340,0,0
206.0,209,3567.420824,0.014354066985645933,0.03412625697060188,0.023237800154918668,3.8059701492537314,0.5121994339630204,0.005492382101158201,0.002787178976707147,0.003255612418170533,737208,0,0
206.0,209,3575.424871,0.014354066985645933,0.03407962444705245,0.019103600293901544,3.764925373134328,0.5126641975932679,0.005338972160239261,0.002815519235487225,0.00360993960068694,738701,0,0
206.0,209,3583.403731,0.014354066985645933,0.034033211370672674,0.02245614035087719,3.8507462686567164,0.5020418408105362,0.00532615409717609,0.00293696024614524,0.0038693285782548394,749745,0,0
199.0,209,3591.705354,0.04784688995215311,0.03406563784621605,0.0643231114435303,3.843283582089552,0.5043963578404181,0.005371968093765262,0.002872026231948094,0.004081300434873608,747016,0,0
202.0,209,3599.827039,0.03349282296650718,0.03406429635937833,0.04971932638331997,3.843283582089552,0.4976914467521806,0.005312978516078141,0.0028536958841817086,0.00409493758990302,750581,0,0
197.0,209,3608.017647,0.05741626794258373,0.034118857040647495,0.07122093023255814,3.8171641791044775,0.49358558896061766,0.005347160333792433,0.0029513547296906284,0.004467540884943461,761635,0,0
199.0,209,3616.124659,0.04784688995215311,0.03415085711736429,0.0618705035971223,3.8694029850746268,0.4986376166436142,0.0053464203233256355,0.0028637413394919167,0.004480369515011547,738164,0,0
204.0,209,3624.095592,0.023923444976076555,0.03412707243796595,0.03875968992248062,3.9402985074626864,0.49616980086402895,0.0052301737247131466,0.0028454909911985625,0.004320077415787291,719961,0,0
196.0,209,3631.980483,0.06220095693779904,0.034192209060935404,0.08565310492505353,3.9440298507462686,0.4945310880504268,0.005218390804597701,0.0028505747126436783,0.004356321839080459,719368,0,0
202.0,209,3640.265919,0.03349282296650718,0.034190590111642744,0.04294917680744453,3.8917910447761193,0.4989247269230915,0.005194834980849063,0.002798100960987133,0.004300360083484324,709979,0,0
209.0,209,3648.595103,0.0,0.03411162800976828,0.0,3.876865671641791,0.5070290116490943,0.00515953369713194,0.00280285089977234,0.004107034583748041,706978,0,0
207.0,209,3656.717311,0.009569377990430622,0.03405507904659008,0.011825572801182557,3.876865671641791,0.49814244496298127,0.00536419457189162,0.0028647081649889293,0.0038804811796662787,728790,0,0
202.0,209,3664.900337,0.03349282296650718,0.03405378650387725,0.039634146341463415,3.8955223880597014,0.5014592165131072,0.005351856069232521,0.0027556365292644045,0.003814620815304031,721978,0,0
194.0,209,3672.999233,0.07177033492822966,0.03414029234888723,0.09963898916967509,3.876865671641791,0.49712673927750545,0.005283250391983093,0.0027836480559910925,0.0037380416751880384,723539,0,0
193.0,209,3681.212377,0.07655502392344497,0.03423735123120887,0.10247592847317744,3.9925373134328357,0.4891492520639917,0.005283027424127337,0.002664187649506275,0.003809221490357908,710865,0,0
209.0,209,3689.928737,0.0,0.03415918376264447,0.0,3.888059701492537,0.5064853925337172,0.005236608758595729,0.002725750995294969,0.0033591205211726386,707672,0,0
209.0,209,3698.652645,0.0,0.03408137241010997,0.0,3.9328358208955225,0.5008427292009279,0.005235543018335684,0.0027418899858956277,0.0034076163610719324,717021,0,0
209.0,209,3707.078803,0.0,0.03400391474554154,0.0,3.970149253731343,0.4960561662078029,0.005245739243983159,0.002746696084832384,0.00329828669203233,726608,0,0
203.0,209,3715.207904,0.028708133971291867,0.0339919061723573,0.04701195219123506,3.8955223880597014,0.5018685934239623,0.0053685546458214,0.0026618147511708614,0.0032907667598863393,733102,0,0
207.0,209,3724.029631,0.009569377990430622,0.033936651583710405,0.012693935119887164,3.873134328358209,0.5006416652298203,0.00538971807628524,0.0027116668907713683,0.0031374658240329884,734492,0,0
201.0,209,3732.462802,0.03827751196172249,0.03394645036560208,0.05353319057815846,3.9328358208955225,0.48893953741488394,0.00542232656940019,0.0026720330929621556,0.0032981161607691877,749494,0,0
188.0,209,3740.923851,0.10047846889952153,0.03409629725419199,0.12875536480686695,3.955223880597015,0.49562382808769734,0.005310544107638928,0.002677585264355762,0.0033358249751765535,750121,0,0
201.0,209,3749.07243,0.03827751196172249,0.0341056932422988,0.05318352059925094,4.059701492537314,0.4890429679819038,0.005198477191263887,0.0025157512745731013,0.003439677627624285,734585,0,0
205.0,209,3757.736069,0.019138755980861243,0.034072135087004095,0.027142857142857142,4.149253731343284,0.48092006466612225,0.0050200468685791715,0.0024433856439987117,0.0032985706193982608,727282,0,0
199.0,209,3766.013132,0.04784688995215311,0.034102951093413825,0.058868501529051986,4.156716417910448,0.49785620971974676,0.004887076397969813,0.0022717702076730426,0.0031139874553957315,702133,0,0
196.0,209,3774.787926,0.06220095693779904,0.03416566985645933,0.07905405405405405,4.2611940298507465,0.47671364369099833,0.004987062388039897,0.0023995399960191964,0.003151469580025212,738321,0,0
203.0,209,3783.326017,0.028708133971291867,0.0341535149881182,0.04055032585083273,4.07089552238806,0.4882455453997551,0.0051082891093041476,0.0023941657380539957,0.003100279135452409,734625,0,0
209.0,209,3792.131345,0.0,0.0340776182881446,0.0,3.958955223880597,0.4947175093629146,0.005206613389692446,0.002542764678687009,0.003093146643770777,751723,0,0
208.0,209,3800.465849,0.004784688995215311,0.03401266722541084,0.004402054292002935,3.962686567164179,0.486302546482201,0.005249632086454192,0.002624816043227096,0.003294748171414765,761046,0,0
198.0,209,3808.526088,0.05263157894736842,0.03405385950798154,0.07275541795665634,4.074626865671642,0.4796956056037049,0.005150572042256608,0.002564327357208609,0.0035396484460614563,760612,0,0
204.0,209,3816.724806,0.023923444976076555,0.034031496561994994,0.0410958904109589,4.074626865671642,0.48264715490670296,0.005106280615815255,0.002602344296710987,0.0036192267319804057,763022,0,0
205.0,209,3824.796751,0.019138755980861243,0.03399869316864448,0.03312788906009245,4.044776119402985,0.48735562895131523,0.005236687358854911,0.0024983362607870303,0.0036765909165293854,750548,0,0
200.0,209,3832.731961,0.0430622009569378,0.03401861296598139,0.060714285714285714,4.085820895522388,0.48163017042624046,0.005301488117917288,0.002623529027552498,0.003810104396860474,759160,0,0
200.0,209,3840.789045,0.0430622009569378,0.03403844539578611,0.05829285218598196,4.07089552238806,0.48961733073226343,0.005127035335266834,0.0024766187636458435,0.004008211946426826,729532,0,0
208.0,209,3849.119595,0.004784688995215311,0.0339744327997236,0.009036144578313253,4.014925373134329,0.4897844198760651,0.005245532085532519,0.0024276842709902565,0.003944986940359167,750093,0,0
205.0,209,3857.153092,0.019138755980861243,0.03394204049225883,0.03177004538577912,3.951492537313433,0.4976899336382984,0.00508250967839609,0.0024223024850228174,0.004109263144235136,740419,0,0
201.0,209,3865.442994,0.03827751196172249,0.03395148596386986,0.053429602888086646,3.9029850746268657,0.5070465929955315,0.005103857566765579,0.002546533585109253,0.0038845427569463176,738440,0,0
205.0,209,3873.586066,0.019138755980861243,0.03391928437695028,0.032467532467532464,3.9925373134328357,0.49910188002119743,0.005071059431524548,0.002508613264427218,0.0036068044788975023,723233,0,0
205.0,209,3882.040924,0.019138755980861243,0.033887222493227745,0.023487544483985764,3.996268656716418,0.498122752092552,0.005006177149916743,0.002578288660901327,0.00342697534511468,735697,0,0
199.0,209,3890.213403,0.04784688995215311,0.03391743822365832,0.058431952662721894,4.0783582089552235,0.5007548894548581,0.004899018052399126,0.002444149050212255,0.003408944727927619,719036,0,0
205.0,209,3898.6006,0.019138755980861243,0.033885518823565886,0.02900763358778626,3.996268656716418,0.5025783628150178,0.0048989720715806135,0.002331825134507803,0.003487041256190568,704158,0,0
206.0,209,3907.222833,0.014354066985645933,0.033843425177363474,0.020134228187919462,3.921641791044776,0.5094632807805614,0.004877528149847911,0.0024014088265115535,0.0033939911414696622,689410,0,0
209.0,209,3916.11511,0.0,0.03377064361784226,0.0,3.7238805970149254,0.5185034491966805,0.005100954165956722,0.00247060828079741,0.0035887715113307205,717690,0,0
204.0,209,3924.202329,0.023923444976076555,0.03374951229028482,0.03899926416482708,3.9738805970149254,0.4977695585039681,0.0049198792876269815,0.0023589917966591574,0.003623496408381859,711749,0,0
201.0,209,3932.708196,0.03827751196172249,0.03375920822105878,0.04734982332155477,4.07089552238806,0.49215248719783455,0.004782152286632241,0.0023433606548685705,0.0034779289357325387,704118,0,0
201.0,209,3940.953856,0.03827751196172249,0.03376886271623114,0.060073260073260075,3.996268656716418,0.4953913434748738,0.004835467146333722,0.0023807004549783093,0.003502274891545868,700364,0,0
205.0,209,3949.121347,0.019138755980861243,0.03373766845879964,0.0227111426543648,3.970149253731343,0.4990677182176908,0.00487779126854247,0.0024916855830649843,0.0035791585282162275,708335,0,0
202.0,209,3957.557615,0.03349282296650718,0.033737147510943706,0.04836415362731152,3.8022388059701493,0.5056541218723368,0.0049833011999957854,0.0024337052372072443,0.0037717163416458592,733668,0,0
203.0,209,3965.732486,0.028708133971291867,0.03372647019981918,0.039711191335740074,3.828358208955224,0.49959763344210495,0.00496215306980656,0.002407485281749369,0.0040685449957947855,730553,0,0
203.0,209,3973.778821,0.028708133971291867,0.033715838131538396,0.043916486681065514,3.9029850746268657,0.5020048050672709,0.004741772709629366,0.002412848945165385,0.0037976144267385624,718020,0,0
205.0,209,3981.974577,0.019138755980861243,0.03368501977604014,0.029016277423920735,3.906716417910448,0.5060123326523969,0.004658320073695671,0.0023239259693493006,0.003768528598944812,701043,0,0
206.0,209,3990.148202,0.014354066985645933,0.03364423717521652,0.022710068130204392,3.925373134328358,0.4969543113135026,0.004690078759897215,0.0023711534042242044,0.003478388033509516,714626,0,0
200.0,209,3998.214063,0.0430622009569378,0.033664064467388566,0.06349206349206349,3.8059701492537314,0.5074494335472601,0.004721996372506098,0.002480872266349782,0.0037004607334208935,723700,0,0
204.0,209,4006.451884,0.023923444976076555,0.03364360098106228,0.03217612193056731,3.8805970149253732,0.511417210702701,0.004649566248517756,0.002381992552372631,0.0036822068276852024,726620,0,0
202.0,209,4014.812772,0.03349282296650718,0.03364328488459571,0.04888569374550683,3.917910447761194,0.5103459017902247,0.004619057504670957,0.002356238322607432,0.003923603902844094,718532,0,0
203.0,209,4023.12465,0.028708133971291867,0.033632960301095076,0.03166421207658321,3.9925373134328357,0.5057362088551416,0.004495406192059497,0.002320209647514579,0.0038428472286960213,724607,0,0
203.0,209,4031.630343,0.028708133971291867,0.033622678826502585,0.037037037037037035,3.9477611940298507,0.5008684114624015,0.004630682405474128,0.002367022926012445,0.004103528828065243,746241,0,0
199.0,209,4039.736313,0.04784688995215311,0.033652312599681024,0.07077625570776255,3.9925373134328357,0.4931037234615628,0.004528340811800506,0.002362164113672701,0.004198256743514364,749594,0,0
200.0,209,4048.145483,0.0430622009569378,0.033671875777138933,0.053691275167785234,3.958955223880597,0.4930010014899343,0.004652838540326316,0.0023573009418909876,0.0036852128261876576,754874,0,0
201.0,209,4056.574718,0.03827751196172249,0.033681431038932674,0.06092916984006093,4.0335820895522385,0.49297120432588154,0.004643231360302426,0.0022394345941281614,0.0037495120498017382,744495,0,0
202.0,209,4064.889861,0.03349282296650718,0.033681040546029106,0.05174927113702624,3.9738805970149254,0.4967025822416546,0.0045823594538073565,0.0022347972280313284,0.003793004469594456,722949,0,0
202.0,209,4073.356989,0.03349282296650718,0.03368065166673257,0.04589917231000752,3.958955223880597,0.4999677393427067,0.004572890025575448,0.002332480818414322,0.0035294117647058825,725916,0,0
204.0,209,4081.999233,0.023923444976076555,0.03366053371479307,0.031206657420249653,3.8843283582089554,0.50079296913474,0.004716499581436185,0.0023480409171652,0.0034301815137717704,747095,0,0
200.0,209,4090.279674,0.0430622009569378,0.033679878709118476,0.05712166172106825,3.9776119402985075,0.48638354076496254,0.004686513030543839,0.002282128084438739,0.0035148847729078794,751100,0,0
200.0,209,4098.248304,0.0430622009569378,0.033699144257881966,0.061068702290076333,3.906716417910448,0.4907593403035835,0.0046363137238953165,0.0024198304085243103,0.003558574130182809,747286,0,0
204.0,209,4106.381165,0.023923444976076555,0.033679112087222525,0.04067536454336147,3.7425373134328357,0.5058859966686623,0.004758619290164167,0.0023742364901885183,0.0032163802025203434,732298,0,0
209.0,209,4115.016534,0.0,0.03361023864737136,0.0,3.794776119402985,0.5083772347977903,0.0047890489738475405,0.0023995869065578583,0.00344244535118005,743340,0,0
204.0,209,4123.483408,0.023923444976076555,0.03359046968069525,0.03506208911614317,3.7388059701492535,0.5014381776547865,0.004809489648482889,0.002546200402138,0.0036475331157611824,777560,0,0
192.0,209,4131.792088,0.08133971291866028,0.03368771864859334,0.10492957746478873,3.8134328358208953,0.4961870224725838,0.004780008672589575,0.0024807639946350956,0.0035194578623075137,766549,0,0
201.0,209,4139.979056,0.03827751196172249,0.033697047496790755,0.05543071161048689,3.843283582089552,0.5046886530284248,0.004810595386659153,0.0023952336862445153,0.003351314359325309,741021,0,0
209.0,209,4148.165152,0.0,0.03362869648766948,0.0,3.873134328358209,0.5050344236559471,0.004890884075000251,0.002360077531057616,0.003233808361704478,727126,0,0
207.0,209,4156.721053,0.009569377990430622,0.03357999341378843,0.013380281690140845,3.7388059701492535,0.5025428142302854,0.004980958107837242,0.0025055121266786932,0.0033674082982561634,751021,0,0
195.0,209,4164.764626,0.06698564593301436,0.03364747958049393,0.0944822373393802,3.791044776119403,0.5033421345480298,0.004861215303825957,0.0025106276569142284,0.003330832708177044,758727,0,0
204.0,209,4172.913514,0.023923444976076555,0.033627874672017284,0.033783783783783786,3.8582089552238807,0.49727968254977767,0.00482136974815081,0.0025354615238722686,0.0034837640623284322,762601,0,0
197.0,209,4181.220576,0.05741626794258373,0.0336757386423806,0.07142857142857142,3.996268656716418,0.49879393165423064,0.004831832310512473,0.00244082250737228,0.00334741372439627,750328,0,0
190.0,209,4189.398522,0.09090909090909091,0.033790665052554715,0.1249018067556952,4.007462686567164,0.49515637057599154,0.004782928623988227,0.0024262673269295786,0.003500188930652507,754454,0,0
202.0,209,4197.933703,0.03349282296650718,0.033790068174626764,0.03656716417910448,4.0,0.5042452555599778,0.0046840266751349635,0.0023618609082248334,0.003294696729120356,725696,0,0
203.0,209,4206.03104,0.028708133971291867,0.0337799043062201,0.03920061491160646,4.007462686567164,0.4949838225680645,0.004833070881738321,0.0023967277733210526,0.0031197076388269898,747534,0,0
