#{"t_start": 1710068840.1453967, "env_id": "PhyRMSA-v0"}
r,l,t,episode_service_blocking_rate,service_blocking_rate,episode_bit_rate_blocking_rate,number_cuts_total,rss_total_metric,C_BVTs,L_BVTs,S_BVTs,total_path_length,num_moves,num_defrag_cycle
209.0,209,5.76747,0.0,0.0,0.0,1.9477611940298507,0.8256804468727069,0.7952380952380952,0.0,0.0,134435,0,0
209.0,209,11.516689,0.0,0.0,0.0,2.5858208955223883,0.7501034740496639,0.5704057279236276,0.0954653937947494,0.0,230348,0,0
209.0,209,17.285806,0.0,0.0,0.0,3.1156716417910446,0.6788538547827326,0.43789808917197454,0.1592356687898089,0.0,294476,0,0
209.0,209,23.072767,0.0,0.0,0.0,3.5111940298507465,0.6301598976814546,0.36200716845878134,0.11827956989247312,0.037037037037037035,330141,0,0
209.0,209,28.864032,0.0,0.0,0.0,3.921641791044776,0.577452692279837,0.2982791586998088,0.11663479923518165,0.06692160611854685,372120,0,0
207.0,209,34.744224,0.009569377990430622,0.001594896331738437,0.013532763532763533,4.544776119402985,0.5036736966644745,0.2673583399840383,0.11652035115722266,0.10694333599361533,443198,0,0
203.0,209,40.717445,0.028708133971291867,0.005468215994531784,0.03722261989978525,4.58955223880597,0.4983648199722809,0.2438186813186813,0.10714285714285714,0.10164835164835165,472082,0,0
200.0,209,46.747859,0.0430622009569378,0.010167464114832535,0.06812842599843383,4.5335820895522385,0.500289604293516,0.22584541062801933,0.09239130434782608,0.10929951690821256,497205,0,0
202.0,209,52.839777,0.03349282296650718,0.012759170653907496,0.05271084337349398,4.582089552238806,0.4892870571469027,0.2093649085037675,0.08665231431646932,0.1108719052744887,512764,0,0
203.0,209,58.91235,0.028708133971291867,0.014354066985645933,0.040031397174254316,4.574626865671642,0.490921135520155,0.1945657447840854,0.08005822416302766,0.1096555070354197,531396,0,0
199.0,209,65.049272,0.04784688995215311,0.017398869073510223,0.05605381165919283,4.574626865671642,0.48779598004890184,0.181858407079646,0.07123893805309735,0.10442477876106195,528393,0,0
203.0,209,71.13173,0.028708133971291867,0.018341307814992026,0.04198473282442748,4.4440298507462686,0.4951235980797046,0.17336581404790904,0.06455542021924482,0.09947218838814453,545514,0,0
197.0,209,77.224513,0.05741626794258373,0.021347073978652927,0.07662538699690402,4.436567164179104,0.4893975222229899,0.16466165413533834,0.06578947368421052,0.09887218045112782,576465,0,0
197.0,209,83.37874,0.05741626794258373,0.023923444976076555,0.07041198501872659,4.41044776119403,0.4862832000998724,0.15890794539726985,0.06580329016450823,0.10185509275463774,594162,0,0
201.0,209,89.54957,0.03827751196172249,0.024880382775119617,0.06001500375093773,4.503731343283582,0.48364660611305627,0.14388489208633093,0.06213211249182472,0.09777632439502944,585979,0,0
207.0,209,95.593307,0.009569377990430622,0.023923444976076555,0.01225114854517611,4.537313432835821,0.47813641744440794,0.13445635528330782,0.06033690658499234,0.09372128637059725,598674,0,0
199.0,209,101.742242,0.04784688995215311,0.02533070644525753,0.0645879732739421,4.462686567164179,0.48375621607207075,0.13192840646651272,0.05658198614318707,0.08631639722863742,614837,0,0
197.0,209,107.925037,0.05741626794258373,0.02711323763955343,0.0771513353115727,4.455223880597015,0.4889775897609494,0.12564872985523082,0.05763452608576892,0.0841300191204589,608762,0,0
202.0,209,114.081509,0.03349282296650718,0.027449005288340468,0.050473186119873815,4.451492537313433,0.4880264715537598,0.12296142894123738,0.05384416256795237,0.08283717318146518,615087,0,0
199.0,209,120.219612,0.04784688995215311,0.028468899521531102,0.060674157303370786,4.458955223880597,0.4908195351473181,0.11349089118660759,0.05071393402264894,0.07951747907434761,605610,0,0
199.0,209,126.403465,0.04784688995215311,0.02939166097060834,0.05712109672505712,4.626865671641791,0.47866447687954,0.10795587890166627,0.04858014550574982,0.08096690917624971,612677,0,0
197.0,209,132.615699,0.05741626794258373,0.030665506742061765,0.0911854103343465,4.582089552238806,0.4839291437551278,0.10026917900403769,0.044638851502916105,0.08120233288470166,609769,0,0
187.0,209,138.872615,0.10526315789473684,0.03390888287913459,0.13495072024260804,4.567164179104478,0.48498894186262753,0.0968783638320775,0.04198062432723358,0.07642626480086114,612329,0,0
196.0,209,145.050217,0.06220095693779904,0.03508771929824561,0.08272859216255443,4.597014925373134,0.48085603897830986,0.09295600082627556,0.0425531914893617,0.07167940508159472,615298,0,0
199.0,209,151.194179,0.04784688995215311,0.03559808612440191,0.060495626822157436,4.619402985074627,0.47327752456136646,0.09087301587301587,0.04285714285714286,0.0744047619047619,632253,0,0
195.0,209,157.48931,0.06698564593301436,0.0368052999631947,0.09894259818731117,4.574626865671642,0.47863424570095037,0.08634192932187201,0.04087870105062082,0.06838586437440305,632509,0,0
202.0,209,163.504436,0.03349282296650718,0.03668261562998405,0.04402054292002935,4.477611940298507,0.48175114136534175,0.08497333088100055,0.03917601618539636,0.062350560971123785,630037,0,0
194.0,209,169.617699,0.07177033492822966,0.03793574846206425,0.0784313725490196,4.473880597014926,0.47952837427177647,0.08257858284496537,0.03818149529390872,0.061090392470253954,629727,0,0
203.0,209,175.754259,0.028708133971291867,0.03761755485893417,0.024839743589743588,4.526119402985074,0.47780375537594233,0.07747685978745286,0.0368529310935893,0.054679465203976686,633391,0,0
188.0,209,182.06734,0.10047846889952153,0.03971291866028708,0.12741046831955924,4.608208955223881,0.46645936094502133,0.07605446695450016,0.03636665559614746,0.05446695450016606,650947,0,0
200.0,209,188.279563,0.0430622009569378,0.03982096002469517,0.045816733067729085,4.626865671641791,0.46639326882476495,0.07296689167470267,0.03487624558019929,0.05560912889746062,652036,0,0
194.0,209,194.479047,0.07177033492822966,0.04081937799043062,0.09256559766763849,4.582089552238806,0.470638159249118,0.07247506234413965,0.032574812967581045,0.05455112219451372,649768,0,0
204.0,209,200.584933,0.023923444976076555,0.04030738002029868,0.03663003663003663,4.600746268656716,0.47263516655139937,0.06903323262839879,0.03202416918429003,0.05226586102719033,638204,0,0
202.0,209,206.705557,0.03349282296650718,0.040106951871657755,0.040031397174254316,4.585820895522388,0.47805911709603893,0.06698915274113164,0.030782761653474055,0.05013192612137203,627816,0,0
203.0,209,212.803647,0.028708133971291867,0.03978127136021873,0.04747991234477721,4.58955223880597,0.4775187988733342,0.06548042704626335,0.03088967971530249,0.04612099644128114,627504,0,0
197.0,209,218.966748,0.05741626794258373,0.040271132376395534,0.0706605222734255,4.604477611940299,0.4724988053361836,0.06549432290224315,0.030047078371642204,0.046662974245361394,643164,0,0
195.0,209,225.172961,0.06698564593301436,0.04099314625630415,0.08789514263685427,4.656716417910448,0.4659033589380835,0.06390724012403937,0.031144667655386274,0.04813266819468788,659994,0,0
198.0,209,231.375826,0.05263157894736842,0.04129942080080584,0.07628398791540786,4.626865671641791,0.467951532008234,0.0618516086671044,0.02928430728824688,0.04451739986868024,638702,0,0
201.0,209,237.538254,0.03827751196172249,0.041221935958778065,0.05347985347985348,4.682835820895522,0.466776135655003,0.0593654042988741,0.028659160696008188,0.041453428863868984,622544,0,0
207.0,209,243.501893,0.009569377990430622,0.04043062200956938,0.0125,4.567164179104478,0.4735367774626866,0.05783372803190826,0.027670447463542316,0.039386763056213386,626554,0,0
192.0,209,249.636173,0.08133971291866028,0.04142840471466916,0.11070648215586307,4.567164179104478,0.46896772944064885,0.057212416311625075,0.026536822884966525,0.0382227632379793,651984,0,0
198.0,209,255.658577,0.05263157894736842,0.041695146958304855,0.07663690476190477,4.563432835820896,0.4734326503387099,0.054082966837037914,0.025555687626292643,0.03720432663734696,637689,0,0
194.0,209,261.864899,0.07177033492822966,0.04239456993434962,0.0817562452687358,4.615671641791045,0.4722206306855336,0.05228302544440572,0.02393400720343906,0.036946671314046706,642212,0,0
194.0,209,268.083294,0.07177033492822966,0.0430622009569378,0.10526315789473684,4.604477611940299,0.46968249208033724,0.05124417679809112,0.023974548346778774,0.03704124531303261,664012,0,0
197.0,209,274.313607,0.05741626794258373,0.043381180223285486,0.07816901408450705,4.57089552238806,0.47190906925373793,0.051011335852411646,0.02444987775061125,0.0367859524338742,672737,0,0
198.0,209,280.423965,0.05263157894736842,0.04358227584772207,0.07468259895444361,4.5,0.47486449297634514,0.05078294910830796,0.024140930839495433,0.03621139625924315,671217,0,0
203.0,209,286.396971,0.028708133971291867,0.04326580474396824,0.04201680672268908,4.608208955223881,0.47426609481544857,0.048409405255878286,0.021491648047664645,0.036706032556654965,641485,0,0
193.0,209,292.567769,0.07655502392344497,0.04395933014354067,0.11552612214863871,4.529850746268656,0.4752931745730289,0.048790658882402,0.021371976647206005,0.035237698081734777,660525,0,0
197.0,209,298.764837,0.05741626794258373,0.04423396152719461,0.06604450825556353,4.455223880597015,0.48305073065348064,0.04750229849831444,0.021248339973439574,0.03411993053427317,642105,0,0
196.0,209,304.994308,0.06220095693779904,0.0445933014354067,0.07337367624810892,4.552238805970149,0.4700401753391591,0.04747120681021532,0.021632448673009515,0.03605408112168253,665865,0,0
198.0,209,311.25635,0.05263157894736842,0.044750914719954966,0.06696428571428571,4.548507462686567,0.47070994846467523,0.04615535696749484,0.020917214966120003,0.03329077874889522,659066,0,0
204.0,209,317.364479,0.023923444976076555,0.044350386455649614,0.0350109409190372,4.458955223880597,0.47725916863133,0.04621161066718013,0.02127659574468085,0.03273322422258593,657256,0,0
195.0,209,323.417128,0.06698564593301436,0.04477746682314706,0.10072992700729927,4.485074626865671,0.47659908979129795,0.04394254394254394,0.020601020601020602,0.03354753354753355,639633,0,0
196.0,209,329.455244,0.06220095693779904,0.04510012404749247,0.08393113342898136,4.481343283582089,0.47480452079866337,0.043607348302096866,0.020133605492670254,0.029782891074410837,642402,0,0
195.0,209,335.496856,0.06698564593301436,0.04549804262722923,0.08589440504334121,4.477611940298507,0.4810471318360169,0.041829946231659525,0.01849995443360977,0.03071174701540144,620910,0,0
201.0,209,341.600385,0.03827751196172249,0.04536910457963089,0.04319180087847731,4.473880597014926,0.4806975834380842,0.042956864148917126,0.01736173259352067,0.029443350635403615,624595,0,0
195.0,209,347.810271,0.06698564593301436,0.04574834214723411,0.08692628650904033,4.473880597014926,0.479207561067862,0.0433635324127012,0.01847128155510599,0.02665142052951007,632033,0,0
201.0,209,353.995497,0.03827751196172249,0.045619534730242536,0.053323593864134405,4.514925373134329,0.4802208549815272,0.04140017286084702,0.01780466724286949,0.02610198789974071,615730,0,0
194.0,209,360.244583,0.07177033492822966,0.04606276863190333,0.0804270462633452,4.600746268656716,0.4681517792804909,0.04003740224413465,0.01768106086365182,0.027201632097925876,617930,0,0
199.0,209,366.39053,0.04784688995215311,0.04609250398724083,0.06987227648384674,4.619402985074627,0.4642877955061751,0.03928780406252612,0.017554125219426564,0.026414778901613308,626742,0,0
199.0,209,372.546296,0.04784688995215311,0.04612126441289513,0.07086044830079537,4.593283582089552,0.46605083527946317,0.0390560763032396,0.017349120210491696,0.027709258345666832,632164,0,0
200.0,209,378.739639,0.0430622009569378,0.046071924679734526,0.04722792607802875,4.600746268656716,0.46877084128012897,0.03858598932211616,0.01682575635010516,0.02693738877204336,624457,0,0
200.0,209,384.922345,0.0430622009569378,0.04602415128730918,0.07110438729198185,4.630597014925373,0.4643120711630423,0.03860850183091864,0.016557872950167172,0.027384174494507245,645991,0,0
199.0,209,391.142184,0.04784688995215311,0.046052631578947366,0.06085043988269795,4.600746268656716,0.45856725373447643,0.03824151712248256,0.017475119504741007,0.02844604654807617,678807,0,0
191.0,209,397.35278,0.0861244019138756,0.04666912035333088,0.11409883720930232,4.634328358208955,0.45521235897824125,0.03752316244595429,0.016754169240271774,0.02679122915379864,696444,0,0
194.0,209,403.499578,0.07177033492822966,0.04704944178628389,0.08712413261372398,4.611940298507463,0.45845612304185146,0.03613266392819108,0.016582991023885593,0.02571124296363913,691057,0,0
203.0,209,409.67502,0.028708133971291867,0.04677569092337356,0.04747550866616428,4.656716417910448,0.45967847163874087,0.03483406996778785,0.015806427447748895,0.02367218518241067,673819,0,0
199.0,209,415.910352,0.04784688995215311,0.04679144385026738,0.06711915535444947,4.6940298507462686,0.45372547912837113,0.03432240921169176,0.015721877767936227,0.02576025981694715,700442,0,0
193.0,209,422.181679,0.07655502392344497,0.04722280008321198,0.11280487804878049,4.7611940298507465,0.4544898585531354,0.03318535768866895,0.01542828032894258,0.02510734298813769,682659,0,0
196.0,209,428.27527,0.06220095693779904,0.04743677375256323,0.07360594795539034,4.742537313432836,0.45596229417858003,0.032288153835115165,0.014565544952285283,0.02418023964985291,672584,0,0
191.0,209,434.369486,0.0861244019138756,0.047981669923849314,0.10613718411552346,4.537313432835821,0.4636253826412218,0.03333805209513024,0.01564269535673839,0.023994903737259342,690377,0,0
186.0,209,440.458138,0.11004784688995216,0.048843700159489634,0.1514476614699332,4.541044776119403,0.4637678645287671,0.03346374179125332,0.01495039821154115,0.02228587396954031,680780,0,0
197.0,209,446.637768,0.05741626794258373,0.04896113259487448,0.07714491708723864,4.541044776119403,0.46178813504587535,0.03473227206946455,0.014954172696575013,0.021638756805182277,695618,0,0
194.0,209,452.976661,0.07177033492822966,0.04926936505883874,0.10879284649776454,4.563432835820896,0.4603470657841022,0.032845970758245496,0.01523291397483849,0.022033321999319958,685229,0,0
198.0,209,459.192244,0.05263157894736842,0.04931419457735247,0.06889050036258158,4.645522388059701,0.4621974310548915,0.03187277729316245,0.015366033684493055,0.020734080386499362,673233,0,0
193.0,209,465.467836,0.07655502392344497,0.04967262654243264,0.09791216702663787,4.764925373134329,0.4503521994681288,0.03146528881822999,0.01563328033916269,0.021396396396396396,692802,0,0
203.0,209,471.654084,0.028708133971291867,0.049400360405145095,0.04812398042414356,4.675373134328358,0.4631247920647427,0.031113144649977123,0.014902934832341983,0.021373946009543107,673708,0,0
195.0,209,478.008729,0.06698564593301436,0.04962581278370752,0.08672294704528012,4.645522388059701,0.4684552888414645,0.030398864076416676,0.014005421453465857,0.01968503937007874,659001,0,0
200.0,209,484.004254,0.0430622009569378,0.04954272908969778,0.054355919583023084,4.675373134328358,0.46426761289356216,0.029119408691219574,0.013635784376194724,0.018796992481203006,646858,0,0
197.0,209,490.032656,0.05741626794258373,0.049641148325358854,0.06997900629811056,4.753731343283582,0.4654126055045538,0.028192058397835253,0.013152098672204392,0.018815681832483794,642988,0,0
197.0,209,496.088886,0.05741626794258373,0.0497371374564357,0.07290132547864507,4.720149253731344,0.46947563277330717,0.02778468423669816,0.012742416708105421,0.018460964694182,625633,0,0
200.0,209,502.241191,0.0430622009569378,0.04965573579180768,0.05608856088560885,4.764925373134329,0.4593986927713878,0.02762770137524558,0.013138506876227897,0.019584970530451867,654431,0,0
198.0,209,508.472585,0.05263157894736842,0.04969158932380239,0.07248520710059171,4.645522388059701,0.4674633276035463,0.0265073395608395,0.012495450685430062,0.019471066359335192,630746,0,0
199.0,209,514.666555,0.04784688995215311,0.04966962861699704,0.07011070110701106,4.697761194029851,0.46866808444345875,0.026251123763859754,0.01198681450404555,0.01911896913395265,614253,0,0
201.0,209,520.836471,0.03827751196172249,0.04953560371517028,0.056990881458966566,4.608208955223881,0.47289835106789047,0.026353191993367286,0.01142958663981997,0.01960203719057207,615896,0,0
202.0,209,527.002777,0.03349282296650718,0.04934905975297652,0.04154727793696275,4.604477611940299,0.4735019639250142,0.026568352059925093,0.01164559925093633,0.018902153558052436,622776,0,0
195.0,209,533.312431,0.06698564593301436,0.049551779134356266,0.07802874743326489,4.544776119402985,0.4740105631093801,0.026384308279812533,0.012034947636405717,0.019441069258809233,637094,0,0
200.0,209,539.492358,0.0430622009569378,0.04947803392779469,0.06062874251497006,4.630597014925373,0.46325317440352204,0.026311273808842874,0.012126065320597151,0.01979065377795573,657531,0,0
200.0,209,545.638519,0.0430622009569378,0.04940594591688619,0.043859649122807015,4.574626865671642,0.47317563391200546,0.026013685460611887,0.011988915907934173,0.019284058134931857,637077,0,0
201.0,209,551.845754,0.03827751196172249,0.049282296650717705,0.041251778093883355,4.597014925373134,0.4743199121983737,0.02516215611719973,0.011630507716394543,0.019682397673898455,619697,0,0
199.0,209,558.082804,0.04784688995215311,0.04926652295073348,0.056103108415466264,4.582089552238806,0.4734844934220686,0.02565945916053752,0.011115412265663883,0.02062710833379417,625192,0,0
200.0,209,564.201553,0.0430622009569378,0.04919908466819222,0.05869074492099323,4.611940298507463,0.472162846414154,0.02570694087403599,0.011103210632828311,0.020674943936990646,636268,0,0
193.0,209,570.240559,0.07655502392344497,0.049493234552657306,0.09864457831325302,4.66044776119403,0.46670451759791154,0.025005412426932237,0.011257848019051742,0.020837843689110198,648307,0,0
202.0,209,576.231817,0.03349282296650718,0.04932301740812379,0.04885057471264368,4.667910447761194,0.4660877915041408,0.025377449405717956,0.011189634864546525,0.020505407431202483,652207,0,0
202.0,209,582.313536,0.03349282296650718,0.04915638378242256,0.05434782608695652,4.664179104477612,0.46289081753493133,0.024841101694915255,0.010911016949152542,0.020709745762711864,646881,0,0
200.0,209,588.557933,0.0430622009569378,0.049092902711323765,0.04926108374384237,4.712686567164179,0.4637847541139146,0.02458071278825996,0.010482180293501049,0.020335429769392035,650707,0,0
204.0,209,594.661499,0.023923444976076555,0.048833423765599564,0.031981279251170044,4.7611940298507465,0.4570572580691132,0.024113254511512135,0.01052686164696121,0.01913503422526447,646705,0,0
196.0,209,600.69007,0.06220095693779904,0.048969827165315886,0.08412582297000731,4.682835820895522,0.4622267123715374,0.023613963039014373,0.010523613963039014,0.018839835728952772,639357,0,0
203.0,209,606.678215,0.028708133971291867,0.04876516359769948,0.039589442815249266,4.593283582089552,0.47278480957687335,0.023167200121932633,0.010161052685058172,0.018086673779403546,622664,0,0
203.0,209,612.782391,0.028708133971291867,0.04856459330143541,0.037965072133637055,4.604477611940299,0.47214799972903837,0.023131851553856986,0.009655033692044655,0.01795232827114553,632393,0,0
196.0,209,619.074797,0.06220095693779904,0.04869960680278554,0.06612784717119764,4.735074626865671,0.4676035046559409,0.022059555821133354,0.009610596554128074,0.018872622248780002,637793,0,0
205.0,209,625.232601,0.019138755980861243,0.0484097945398255,0.03250345781466114,4.7835820895522385,0.4628109435783133,0.021738058855424656,0.009168432986641691,0.018534036575146646,631560,0,0
205.0,209,631.391148,0.019138755980861243,0.04812560969944721,0.030390738060781478,4.67910447761194,0.46480895252466503,0.021764591059925825,0.009271910989654499,0.018543821979308997,638270,0,0
197.0,209,637.540989,0.05741626794258373,0.04821494295178506,0.07434402332361516,4.652985074626866,0.46622774309762555,0.02170235390787375,0.009763642515346319,0.018173908840446614,655898,0,0
196.0,209,643.73888,0.06220095693779904,0.04834814308498519,0.08391070053887606,4.731343283582089,0.4620091488839314,0.021307158247546084,0.010055063442662198,0.017285132870481206,663270,0,0
196.0,209,649.989797,0.06220095693779904,0.048478830008124946,0.08039492242595205,4.667910447761194,0.4691848085886164,0.02120392770741426,0.00962952421611878,0.01731416915706086,642025,0,0
201.0,209,656.172399,0.03827751196172249,0.048383490587130526,0.058025621703089676,4.619402985074627,0.47769443967298403,0.02105065313410394,0.0093976130062964,0.017620524386805753,633082,0,0
188.0,209,662.392173,0.10047846889952153,0.048865851497430446,0.1294851794071763,4.619402985074627,0.47587288942838885,0.021006054960409873,0.009827666511411271,0.017186772240335352,656682,0,0
190.0,209,668.687339,0.09090909090909091,0.04925156929019797,0.09814687714481812,4.6940298507462686,0.46940526040585406,0.02040627885503232,0.00951061865189289,0.017774699907663897,657049,0,0
203.0,209,674.736026,0.028708133971291867,0.049064810787298824,0.03908554572271387,4.75,0.4686669248049691,0.02017106527009102,0.009102136028907287,0.01733522389425056,636157,0,0
197.0,209,680.821946,0.05741626794258373,0.04914004914004914,0.08392715756136183,4.697761194029851,0.4734487690047293,0.019084315503173164,0.007932910244786946,0.017815049864007254,622195,0,0
209.0,209,686.777944,0.0,0.048701298701298704,0.0,4.582089552238806,0.476828459572225,0.01881539359647941,0.008262607211819121,0.015178050204319907,613885,0,0
204.0,209,692.787884,0.023923444976076555,0.04848202565948258,0.04038893044128646,4.5111940298507465,0.47566964855828714,0.01957905041605482,0.00836559426867797,0.014639789970186445,631246,0,0
206.0,209,698.918096,0.014354066985645933,0.04818265760094015,0.023773006134969327,4.5335820895522385,0.4755157351640147,0.019224833546452665,0.008289607125534636,0.015080029983685348,628992,0,0
206.0,209,705.05684,0.014354066985645933,0.04788849594341585,0.021621621621621623,4.485074626865671,0.4874475318187798,0.018833296919379506,0.007515840069914791,0.014376228970941665,581925,0,0
191.0,209,711.32462,0.0861244019138756,0.04821811582247154,0.12150220913107511,4.563432835820896,0.4821942949982238,0.01846073842953718,0.0075403016120644826,0.014083896689200901,582969,0,0
190.0,209,717.634197,0.09090909090909091,0.048582995951417005,0.11370716510903427,4.425373134328358,0.4961741075875417,0.019040660190836414,0.007048912576291584,0.01414080632682885,584655,0,0
202.0,209,723.775132,0.03349282296650718,0.048455113129510986,0.04939209726443769,4.507462686567164,0.48902358724854345,0.018535878643258907,0.007158684165672405,0.015126981421510142,591362,0,0
201.0,209,729.913172,0.03827751196172249,0.04836958706927747,0.05386740331491713,4.567164179104478,0.4850400009673456,0.018631965862520597,0.007351387891334657,0.015632261608010477,597927,0,0
196.0,209,736.113944,0.06220095693779904,0.048484848484848485,0.0910394265232975,4.5111940298507465,0.489476277120165,0.018604651162790697,0.0070395977372721555,0.01479153572176828,590583,0,0
203.0,209,742.297477,0.028708133971291867,0.04832140456324884,0.03206106870229008,4.5335820895522385,0.4880716672616319,0.018364633538308126,0.007229516370284195,0.014417483795911583,571809,0,0
191.0,209,748.499577,0.0861244019138756,0.048631265197270374,0.10779315367807721,4.541044776119403,0.48393238562562085,0.018302485675419432,0.007708479327259986,0.014674965992002968,576357,0,0
206.0,209,754.553219,0.014354066985645933,0.04835258878904578,0.01867816091954023,4.544776119402985,0.48257886497701624,0.01863887185775598,0.00768444716942571,0.012916411199673003,567859,0,0
200.0,209,760.716086,0.0430622009569378,0.048309924371044914,0.05319148936170213,4.492537313432836,0.4876867619050178,0.01885262517737685,0.0075005067909993915,0.011757551185890938,581037,0,0
197.0,209,766.86106,0.05741626794258373,0.04838277511961722,0.07845934379457917,4.317164179104478,0.5021393793466313,0.01934679430456118,0.008044405116241654,0.012026385648781272,583659,0,0
192.0,209,773.109616,0.08133971291866028,0.04864433811802233,0.10214285714285715,4.451492537313433,0.493109126379764,0.018320427875788296,0.008182326175461004,0.011974135866528299,589857,0,0
201.0,209,779.232823,0.03827751196172249,0.04856270956561052,0.05429864253393665,4.436567164179104,0.49070637571234743,0.018610176202732132,0.008117204513957633,0.012037220352405464,585473,0,0
199.0,209,785.377746,0.04784688995215311,0.04855711722488038,0.05278810408921933,4.492537313432836,0.48934869337392345,0.01818967549304628,0.007935884340378722,0.012414551740394438,588434,0,0
201.0,209,791.556285,0.03827751196172249,0.048477430362375284,0.054426705370101594,4.548507462686567,0.48298940612023,0.01742350419021633,0.007678815045800039,0.012707074644318847,580609,0,0
197.0,209,797.61799,0.05741626794258373,0.04854619065145381,0.07079646017699115,4.518656716417911,0.482501514872818,0.017677549125792974,0.0076976636237041625,0.013035741915519108,588367,0,0
193.0,209,803.639137,0.07655502392344497,0.04875999853902626,0.1111934766493699,4.537313432835821,0.48600199266530986,0.01746976387022461,0.0074870416586676905,0.012977538875023996,585007,0,0
192.0,209,809.770051,0.08133971291866028,0.049006814557053795,0.10364546104360257,4.649253731343284,0.47578522100429693,0.017037008804360255,0.007737165072226246,0.012539543392918398,611792,0,0
202.0,209,815.731095,0.03349282296650718,0.04889016800374141,0.04081632653061224,4.593283582089552,0.4756693778834984,0.01736071712243277,0.0077536971897575555,0.012481561329853626,615168,0,0
194.0,209,821.951445,0.07177033492822966,0.049060915518103265,0.10588235294117647,4.634328358208955,0.47227489621555446,0.017121616040250816,0.007734765140990501,0.012953854240979236,626462,0,0
196.0,209,828.174809,0.06220095693779904,0.04915824915824916,0.0841874084919473,4.600746268656716,0.47567384718551214,0.017145626001714563,0.00790189720079019,0.012411942301241194,631892,0,0
197.0,209,834.390651,0.05741626794258373,0.04921896988460456,0.07167955024595925,4.608208955223881,0.4701877158060202,0.017760674905646416,0.007844298083327166,0.011174424628135868,631602,0,0
197.0,209,840.618037,0.05741626794258373,0.04927880417699857,0.08284023668639054,4.600746268656716,0.4662789384759092,0.017558681996840908,0.008118135400213056,0.01186496712338831,657292,0,0
204.0,209,846.73033,0.023923444976076555,0.04909506969003537,0.04226475279106858,4.701492537313433,0.4679193801444327,0.01666241295074197,0.007474386553396288,0.011886097641010684,636477,0,0
202.0,209,852.858473,0.03349282296650718,0.04898282331072941,0.04505813953488372,4.664179104477612,0.4679124363423374,0.01654059140757899,0.007528321690976872,0.011799196496434905,641583,0,0
205.0,209,858.858722,0.019138755980861243,0.04876965140123035,0.020563594821020565,4.630597014925373,0.4688454382714187,0.016562477545448012,0.007724365883451894,0.012179348997628799,654141,0,0
202.0,209,864.880896,0.03349282296650718,0.04866130510027487,0.03961136023916293,4.772388059701493,0.4543443181343928,0.016407476102154372,0.007526037951205593,0.01287630189756028,661244,0,0
201.0,209,871.052307,0.03827751196172249,0.04858817979648224,0.05239520958083832,4.746268656716418,0.4573818282737572,0.01579487905939016,0.007543294259305167,0.01292630236923186,656029,0,0
201.0,209,877.246776,0.03827751196172249,0.048516077224211196,0.05278592375366569,4.638059701492537,0.4642530694390408,0.01564807651733596,0.007384485547506857,0.013573387720655462,645759,0,0
203.0,209,883.307826,0.028708133971291867,0.04837852206273259,0.04335260115606936,4.708955223880597,0.4584122850021436,0.015327677106246291,0.00778604099018889,0.013581928005307078,653298,0,0
197.0,209,889.410559,0.05741626794258373,0.0484408513446626,0.08594917787742899,4.641791044776119,0.4602153261052648,0.015500381441154032,0.007767528954851238,0.014009293293570983,673442,0,0
192.0,209,895.534183,0.08133971291866028,0.04866618601297765,0.11584454409566518,4.626865671641791,0.4669514675058005,0.015363417154667585,0.007475025835342749,0.012986565621770581,651035,0,0
190.0,209,901.831196,0.09090909090909091,0.04895355271295121,0.10616184112843356,4.746268656716418,0.4631897291377618,0.015092402464065709,0.007152635181382615,0.012354551676933606,649635,0,0
196.0,209,908.036195,0.06220095693779904,0.04904306220095694,0.08638132295719844,4.776119402985074,0.4580732175596517,0.015569757954854501,0.006935001359804188,0.012170247484362252,660923,0,0
198.0,209,914.227308,0.05263157894736842,0.04906714620596641,0.07947530864197531,4.75,0.45851793371370253,0.015364354697102721,0.007327615317079759,0.012460322820287702,664681,0,0
202.0,209,920.426829,0.03349282296650718,0.048963317384370014,0.03829160530191458,4.7388059701492535,0.4607507451454262,0.015360880064394955,0.007479205795546015,0.012744834987925946,670533,0,0
194.0,209,926.734402,0.07177033492822966,0.049114357235653855,0.09097525473071325,4.768656716417911,0.4559962219403964,0.015028323892035988,0.007397534155281573,0.012595801399533488,666983,0,0
198.0,209,932.945654,0.05263157894736842,0.049137496852178296,0.06805877803557618,4.682835820895522,0.4593460066697821,0.015128442796610169,0.007415254237288136,0.013142213983050847,668043,0,0
200.0,209,939.145188,0.0430622009569378,0.04909778903586953,0.06545454545454546,4.66044776119403,0.45958539534656917,0.015324914496185215,0.007070507761115496,0.011904761904761904,661395,0,0
198.0,209,945.405619,0.05263157894736842,0.049120735723606535,0.050698016164584865,4.608208955223881,0.4621712133095481,0.015421812716460825,0.0071227863817552115,0.012121806181794419,673875,0,0
195.0,209,951.660284,0.06698564593301436,0.04923599320882852,0.09136690647482014,4.473880597014926,0.4710367803558359,0.01525924482971332,0.006915359890912633,0.011233401512937892,660882,0,0
201.0,209,957.888201,0.03827751196172249,0.04916574653416759,0.041979010494752625,4.5,0.4718518034851564,0.015160312237920134,0.00709631636668602,0.01083801045093865,643773,0,0
202.0,209,964.029295,0.03349282296650718,0.04906591899552007,0.04482225656877898,4.563432835820896,0.47231694320952616,0.014773746955518523,0.006473529034739136,0.010735803102166389,623093,0,0
199.0,209,970.196875,0.04784688995215311,0.049058203621827876,0.060781476121562955,4.544776119402985,0.4738360133253398,0.01490303474190364,0.006528038722415056,0.010667770595166068,622952,0,0
193.0,209,976.321248,0.07655502392344497,0.049231139598567605,0.11361926260346125,4.5559701492537314,0.4712590136004208,0.015001898974553741,0.0066464109380934295,0.01088745410811495,635989,0,0
195.0,209,982.590381,0.06698564593301436,0.049342105263157895,0.07310149041873669,4.567164179104478,0.46561448786694737,0.015224434588405524,0.006794375766726432,0.010631939857192288,647643,0,0
200.0,209,988.77469,0.0430622009569378,0.049303099646349074,0.0626865671641791,4.582089552238806,0.4673694329410864,0.014910443562251883,0.006751898971585758,0.010940577037291739,639793,0,0
197.0,209,994.991334,0.05741626794258373,0.0493531809321283,0.0875748502994012,4.649253731343284,0.4657939108077884,0.014446377531999503,0.0067416428482664345,0.010003728097427613,636953,0,0
202.0,209,1001.133293,0.03349282296650718,0.049255878122523265,0.043227665706051875,4.518656716417911,0.47813711512242046,0.01432540907687558,0.0068848410003087375,0.009879592466810744,627140,0,0
205.0,209,1007.193788,0.019138755980861243,0.04907223713385459,0.030976965845909452,4.4664179104477615,0.48509529527200207,0.013652400674950146,0.006780181009357264,0.010246970394232243,617421,0,0
204.0,209,1013.339855,0.023923444976076555,0.04891982021168624,0.026495079485238455,4.399253731343284,0.4939635683673023,0.013597975548035001,0.006402634226653252,0.0101527485594073,603882,0,0
201.0,209,1019.556921,0.03827751196172249,0.04885570992102381,0.053446940356312936,4.5559701492537314,0.48324960172767,0.013151515151515152,0.00603030303030303,0.009787878787878788,590994,0,0
196.0,209,1025.822967,0.06220095693779904,0.048935621579806896,0.06373937677053824,4.5783582089552235,0.47969446437649926,0.013375105434389686,0.006175442824436679,0.010151825521147127,597332,0,0
198.0,209,1032.026014,0.05263157894736842,0.04895762132604238,0.0638148667601683,4.522388059701493,0.4765483983997718,0.013625202132119542,0.006438282326166377,0.01084027070731269,617796,0,0
197.0,209,1038.339586,0.05741626794258373,0.04900767248945387,0.06382978723404255,4.548507462686567,0.4703122083703544,0.013545294870649876,0.006638682980560269,0.011312553957905392,636450,0,0
198.0,209,1044.568351,0.05263157894736842,0.04902898958626513,0.07355126300148589,4.619402985074627,0.4663585133757149,0.013406730000887863,0.006629376424280091,0.011335049868300334,652301,0,0
195.0,209,1050.800478,0.06698564593301436,0.04913399927250343,0.09216589861751152,4.6716417910447765,0.4617936857846521,0.013771186440677966,0.006473634651600753,0.009945856873822975,654723,0,0
202.0,209,1057.062825,0.03349282296650718,0.04904306220095694,0.04110612855007474,4.690298507462686,0.46215390496265624,0.013017024512958521,0.006435382905282864,0.010238109167495466,636799,0,0
207.0,209,1063.201003,0.009569377990430622,0.04881489061592499,0.015918958031837915,4.731343283582089,0.4610447373172796,0.013025906434448871,0.006309423429186172,0.010816154450033437,627203,0,0
195.0,209,1069.419713,0.06698564593301436,0.04891932024418413,0.08228317272053373,4.7388059701492535,0.4550609892307891,0.013154851393546895,0.006476234532207702,0.01130449867005898,651324,0,0
195.0,209,1075.662702,0.06698564593301436,0.04902255639097745,0.09815950920245399,4.645522388059701,0.4615632145654887,0.013282350573556048,0.00629617916798436,0.011442371273323175,655136,0,0
199.0,209,1081.924559,0.04784688995215311,0.04901587646802958,0.0592057761732852,4.626865671641791,0.45896502277232126,0.013435481104568063,0.006288948602138243,0.010977073923732206,656041,0,0
181.0,209,1088.288569,0.1339712918660287,0.04949585056632336,0.14064914992272023,4.626865671641791,0.4704580263879323,0.012882859824247079,0.006085942610129966,0.011034325853880499,632377,0,0
194.0,209,1094.573814,0.07177033492822966,0.04962098811891834,0.09846153846153846,4.626865671641791,0.47578860123092004,0.012925304748706056,0.0056000226263540455,0.01063438640156122,639114,0,0
192.0,209,1100.823244,0.08133971291866028,0.04979818769880517,0.09679767103347889,4.57089552238806,0.47415441333970143,0.013418098961996118,0.005513516554614757,0.010520689752173056,640152,0,0
193.0,209,1107.028729,0.07655502392344497,0.04994683678894205,0.12835820895522387,4.485074626865671,0.4825749974418641,0.013009904314252141,0.005959375524592916,0.010771641206423816,638395,0,0
196.0,209,1113.247204,0.06220095693779904,0.05001453911020646,0.075,4.492537313432836,0.4814298097660863,0.012966776114419277,0.005926874060882631,0.010601591630029496,638262,0,0
205.0,209,1119.383729,0.019138755980861243,0.04984489195015511,0.028346456692913385,4.4888059701492535,0.48774200076001645,0.012561215173062558,0.005727250089920593,0.010403120936280884,614486,0,0
201.0,209,1125.575257,0.03827751196172249,0.04978168222344236,0.04837545126353791,4.548507462686567,0.47976858587789717,0.012601804974686331,0.00550297160466652,0.010208012326656394,624630,0,0
205.0,209,1131.709197,0.019138755980861243,0.049615144580819635,0.010510510510510511,4.682835820895522,0.4653341908544999,0.012640564721333005,0.005581548058770418,0.010123395988946345,628453,0,0
198.0,209,1137.945613,0.05263157894736842,0.04963144963144963,0.07616146230007616,4.645522388059701,0.46226428640978773,0.012844585952594769,0.005687539118839634,0.01036819332190383,654399,0,0
196.0,209,1144.199392,0.06220095693779904,0.04969902762772033,0.07247386759581882,4.552238805970149,0.466985981649261,0.012668164469588284,0.005711501502314377,0.010908697182145467,653089,0,0
186.0,209,1150.504645,0.11004784688995216,0.05002174858634189,0.1287988422575977,4.567164179104478,0.46363752860740143,0.012954833149290312,0.005844488135958416,0.010503918769694847,669700,0,0
183.0,209,1156.875682,0.12440191387559808,0.0504173877634124,0.1573352232459249,4.574626865671642,0.46096059866081435,0.01270368782161235,0.00589622641509434,0.011176029159519726,684602,0,0
198.0,209,1163.07684,0.05263157894736842,0.05042910306068201,0.07066869300911854,4.529850746268656,0.46898283448836753,0.012450013329778726,0.005785123966942148,0.010103972274060251,659587,0,0
200.0,209,1169.274356,0.0430622009569378,0.050390329891714936,0.048493754592211606,4.473880597014926,0.4732379950730006,0.012463537523203394,0.006046141607000796,0.009387430389817025,672561,0,0
199.0,209,1175.400538,0.04784688995215311,0.050377013452240785,0.06411201179071481,4.5111940298507465,0.47124193440885415,0.012424490226595268,0.00580337123110607,0.009443667730618058,662910,0,0
202.0,209,1181.5488,0.03349282296650718,0.05028907496012759,0.044733044733044736,4.5111940298507465,0.47554892697265366,0.011860092886568183,0.005772611581957965,0.009288656818241453,643927,0,0
202.0,209,1187.576615,0.03349282296650718,0.050202047747725416,0.05101275318829707,4.593283582089552,0.4726182703683715,0.011667058178686086,0.005820478688695743,0.009030877247931512,634590,0,0
196.0,209,1193.622099,0.06220095693779904,0.05026389779509693,0.08021390374331551,4.656716417910448,0.4697398517620225,0.01173751590537277,0.005686982263886364,0.008803136929029577,634472,0,0
194.0,209,1199.706613,0.07177033492822966,0.05037418721629248,0.09909228441754916,4.649253731343284,0.46984181812932363,0.011471978916363073,0.005555124925716352,0.00899155104255484,628796,0,0
200.0,209,1205.896485,0.0430622009569378,0.050336881163948834,0.059025394646533974,4.615671641791045,0.4708444112155798,0.01182428090378634,0.005680795825514741,0.009073850345731691,642924,0,0
193.0,209,1212.000413,0.07655502392344497,0.05046996818303257,0.10411810411810411,4.630597014925373,0.4742738846454598,0.011842643748721097,0.0055248618784530384,0.009259259259259259,642799,0,0
195.0,209,1218.109146,0.06698564593301436,0.05055338069692137,0.08482142857142858,4.619402985074627,0.47213446953041127,0.011707515716067292,0.005548344404571021,0.00911150136163498,642629,0,0
203.0,209,1224.097207,0.028708133971291867,0.050443605587747346,0.04185692541856925,4.66044776119403,0.47531157350717423,0.011343495214462956,0.005367903985415506,0.00878614473084519,636653,0,0
205.0,209,1230.05803,0.019138755980861243,0.05028708133971292,0.019330855018587362,4.597014925373134,0.4784422279198058,0.011007833950477343,0.005264616237184816,0.00879115342955742,611952,0,0
193.0,209,1236.299614,0.07655502392344497,0.050417767621224026,0.09630146545708304,4.697761194029851,0.47183942518133004,0.010528426752231024,0.0050135365486814396,0.00894916273939637,608772,0,0
199.0,209,1242.471692,0.04784688995215311,0.050405040504050404,0.050072568940493466,4.686567164179104,0.47297874442456295,0.011074804819036691,0.004988650819385897,0.00870519567982839,614854,0,0
198.0,209,1248.691097,0.05263157894736842,0.050416008673721924,0.06774668630338733,4.697761194029851,0.47442427030723455,0.0109459157586438,0.004840030777631611,0.008190821315991957,607908,0,0
205.0,209,1254.646045,0.019138755980861243,0.05026268880758045,0.02463768115942029,4.652985074626866,0.4705549534736156,0.011285622561367116,0.005013088358769201,0.008001185360794192,626730,0,0
204.0,209,1260.671391,0.023923444976076555,0.05013420469132921,0.024096385542168676,4.746268656716418,0.45930107934449954,0.011081625632709225,0.0050862450243255196,0.008157649024522089,646316,0,0
197.0,209,1266.91517,0.05741626794258373,0.05016955451293724,0.0824524312896406,4.656716417910448,0.4654820301933816,0.011150507396992297,0.004963932021029465,0.007898276072869545,643871,0,0
195.0,209,1273.166238,0.06698564593301436,0.05025079166955597,0.09090909090909091,4.667910447761194,0.468956366945037,0.011194937941104892,0.004818690678997323,0.007520077877829156,635018,0,0
191.0,209,1279.488193,0.0861244019138756,0.05042326094957674,0.10960854092526691,4.567164179104478,0.47720909171365045,0.011264262009156754,0.005038637629902376,0.007582180664228095,633656,0,0
197.0,209,1285.723634,0.05741626794258373,0.050456720313179645,0.0758959943780745,4.608208955223881,0.4771228556940586,0.011114325666618447,0.005111143256666184,0.008076570712184773,634489,0,0
202.0,209,1291.898523,0.03349282296650718,0.05037593984962406,0.05200594353640416,4.552238805970149,0.48377114323809095,0.01125239923224568,0.004942418426103647,0.007701535508637236,633233,0,0
188.0,209,1298.148912,0.10047846889952153,0.05061339259393637,0.12198685171658144,4.537313432835821,0.48732385095119507,0.01110633419317856,0.004824687111875418,0.007595299512754371,634762,0,0
197.0,209,1304.374877,0.05741626794258373,0.0506454816285998,0.08026509572901326,4.470149253731344,0.47814963691667334,0.011506002615000595,0.005158682990609771,0.008177820040413645,655249,0,0
193.0,209,1310.61018,0.07655502392344497,0.05076712267223757,0.10294117647058823,4.462686567164179,0.4771408385183715,0.011453452600690993,0.005087794027166454,0.00785650054427564,657615,0,0
207.0,209,1316.880032,0.009569377990430622,0.050574609846621654,0.014935988620199146,4.492537313432836,0.47574722624636967,0.011067938302131167,0.005251383492287766,0.008100788884964088,651064,0,0
207.0,209,1322.948724,0.009569377990430622,0.0503838878379882,0.017843289371605897,4.481343283582089,0.4798523539397552,0.011131421072365954,0.005108736407949006,0.008155230596175478,636636,0,0
208.0,209,1329.020133,0.004784688995215311,0.05017278043593833,0.008695652173913044,4.608208955223881,0.4667034815819807,0.011030783582089553,0.005060634328358209,0.00876865671641791,646157,0,0
194.0,209,1335.210335,0.07177033492822966,0.050272308336824466,0.0960573476702509,4.641791044776119,0.4668586347182175,0.010748943678321028,0.005084273575706923,0.008195198959929423,638389,0,0
201.0,209,1341.226164,0.03827751196172249,0.05021728633510381,0.05235602094240838,4.645522388059701,0.4629581971410869,0.010629693818601965,0.005037550548815713,0.008480647024841132,647016,0,0
205.0,209,1347.281221,0.019138755980861243,0.05007537523759586,0.027616279069767442,4.5783582089552235,0.46799230703246614,0.010740570377184913,0.004921803127874885,0.0076816927322907085,642827,0,0
201.0,209,1353.297121,0.03827751196172249,0.05002174858634189,0.05213613323678494,4.58955223880597,0.4718921687933827,0.010347748448982395,0.004784688995215311,0.007737918087955862,616594,0,0
200.0,209,1359.405309,0.0430622009569378,0.049990257420597976,0.06114551083591331,4.518656716417911,0.4740583127370689,0.010391741300334998,0.0047400925229598235,0.007907750507053167,632742,0,0
199.0,209,1365.618572,0.04784688995215311,0.04998060261218156,0.05454545454545454,4.541044776119403,0.47655679379193466,0.010049909255898366,0.004446460980036298,0.008008166969147006,619179,0,0
205.0,209,1371.840678,0.019138755980861243,0.049842298367198064,0.030604437643458302,4.541044776119403,0.4789085366242607,0.010138873207632381,0.004403296827368184,0.007903353279891612,609636,0,0
202.0,209,1378.050182,0.03349282296650718,0.04976930963773069,0.05536089698668535,4.492537313432836,0.47689582177387174,0.010430013262301346,0.004540652325398431,0.008002337761593275,627254,0,0
197.0,209,1384.232147,0.05741626794258373,0.04980329611908559,0.08903605592347315,4.541044776119403,0.47476463537640484,0.010495926953719452,0.004565392534240444,0.008347506937606303,622851,0,0
203.0,209,1390.427057,0.028708133971291867,0.04970995469365288,0.05084745762711865,4.5335820895522385,0.4798119542940993,0.01040390313453784,0.0044779111992336315,0.00864392808608283,627573,0,0
201.0,209,1396.454231,0.03827751196172249,0.04965959150981177,0.055232558139534885,4.447761194029851,0.47442490768585555,0.010446238466997871,0.004746273953158268,0.009115507452093684,654488,0,0
192.0,209,1402.575556,0.08133971291866028,0.049798539410727774,0.10236220472440945,4.492537313432836,0.4724679295324828,0.010291519434628976,0.004902826855123675,0.00812720848056537,670448,0,0
200.0,209,1408.776336,0.0430622009569378,0.04976912308560206,0.05493741307371349,4.477611940298507,0.46360748165762755,0.010510114335971855,0.005013192612137203,0.008311345646437995,698620,0,0
199.0,209,1415.014377,0.04784688995215311,0.049760765550239235,0.05773342836778332,4.399253731343284,0.4678939138492442,0.010354867663477747,0.004925677006939732,0.009063245692769107,683428,0,0
198.0,209,1421.237564,0.05263157894736842,0.04977319331386317,0.07313540912382331,4.395522388059701,0.47264656353980805,0.01015759530919633,0.004948013165638555,0.009307496130958869,684407,0,0
197.0,209,1427.475732,0.05741626794258373,0.049806137601055935,0.07485465116279069,4.4216417910447765,0.46780530596132286,0.010070755740764856,0.004883448365672614,0.008703390198376525,682102,0,0
199.0,209,1433.709136,0.04784688995215311,0.049797728812863214,0.04644616467276566,4.619402985074627,0.46090297320212514,0.009941002312363582,0.004819225034037127,0.007952801849890865,673321,0,0
204.0,209,1439.895428,0.023923444976076555,0.049687154950312847,0.03450655624568668,4.634328358208955,0.46140654227753114,0.009789788497536416,0.004712008090023022,0.008197603115519505,657620,0,0
200.0,209,1446.117277,0.0430622009569378,0.049658963656724016,0.061481481481481484,4.611940298507463,0.4711434886470416,0.009854960687276388,0.004327613171369197,0.008419564239347001,640535,0,0
203.0,209,1452.243571,0.028708133971291867,0.049570188954667097,0.03456591639871383,4.638059701492537,0.47032786640543084,0.009641638225255973,0.004266211604095563,0.007764505119453925,636480,0,0
199.0,209,1458.287883,0.04784688995215311,0.049562917650859024,0.07043343653250773,4.727611940298507,0.46643850254091873,0.00943095647741031,0.004311901272329489,0.008029057541579048,640388,0,0
200.0,209,1464.451587,0.0430622009569378,0.04953560371517028,0.0668693009118541,4.6940298507462686,0.4703903221307976,0.009327608451955413,0.004399416231307769,0.007931639840098141,632975,0,0
189.0,209,1470.73659,0.09569377990430622,0.04972873415947629,0.11692726036709722,4.675373134328358,0.46507497566964817,0.00958540490435662,0.004550433976573692,0.00798432628296958,645357,0,0
191.0,209,1477.013656,0.0861244019138756,0.049880382775119615,0.11529592621060722,4.615671641791045,0.4766828095263138,0.009588954866866698,0.004175496758219853,0.008120187162970268,629966,0,0
203.0,209,1483.187528,0.028708133971291867,0.04979253112033195,0.030665669409124907,4.638059701492537,0.47528934970298337,0.009464711044252226,0.004283147382056747,0.00793949270820275,640232,0,0
203.0,209,1489.328342,0.028708133971291867,0.04970540551227807,0.03278688524590164,4.597014925373134,0.4792908480670675,0.00959117861229585,0.00422344741495891,0.007739519400811401,633048,0,0
202.0,209,1495.541028,0.03349282296650718,0.04963868706558765,0.04151753758052971,4.604477611940299,0.47351175619133984,0.009654629456978888,0.004122899703731328,0.007624256738558435,616037,0,0
202.0,209,1501.593446,0.03349282296650718,0.04957251549141109,0.041053446940356314,4.5335820895522385,0.47946192983933655,0.009696919680620603,0.004188244032268047,0.007241742144463471,608742,0,0
206.0,209,1507.690411,0.014354066985645933,0.049428766721999806,0.0228310502283105,4.5335820895522385,0.47759501832165624,0.009512069851052901,0.00421160760143811,0.006944016435541859,614502,0,0
202.0,209,1513.760305,0.03349282296650718,0.04936398646283113,0.050149700598802395,4.4888059701492535,0.48285933753382854,0.00953413671051824,0.004132823209280438,0.006792560918223296,619705,0,0
202.0,209,1519.85268,0.03349282296650718,0.04929973074017396,0.04439252336448598,4.503731343283582,0.4809472185833077,0.009535646610566637,0.004156563907170073,0.006642352126163939,626399,0,0
195.0,209,1525.995983,0.06698564593301436,0.049371044914338635,0.09104258443465492,4.503731343283582,0.48029935469938884,0.009619677720501684,0.004119819783252831,0.006575475910216341,628137,0,0
196.0,209,1532.081664,0.06220095693779904,0.049422570665436864,0.07851534618129907,4.552238805970149,0.473183978951011,0.00941985041439256,0.0042045684253082674,0.00701435213260562,646463,0,0
193.0,209,1538.181152,0.07655502392344497,0.0495311004784689,0.09402332361516035,4.626865671641791,0.4695419416915997,0.009302700199343575,0.0042285000906107165,0.006987093006866279,639468,0,0
195.0,209,1544.409372,0.06698564593301436,0.049600640500200154,0.09190371991247265,4.675373134328358,0.4708983561090765,0.008905291026515303,0.0043523607044004976,0.007100164467086526,634745,0,0
204.0,209,1550.606966,0.023923444976076555,0.04949874686716792,0.034383954154727794,4.638059701492537,0.47181311947789434,0.009308457512684271,0.004134872757780353,0.007310934441292797,629746,0,0
197.0,209,1556.854676,0.05741626794258373,0.04953004141687312,0.07781569965870307,4.6940298507462686,0.46368599675252553,0.009291868123122228,0.004337531586382538,0.007381762470403311,658673,0,0
187.0,209,1563.072378,0.10526315789473684,0.049749463135289905,0.12491178546224418,4.753731343283582,0.4622679863581914,0.009039368830036079,0.004242159933394125,0.00755263053562225,655262,0,0
192.0,209,1569.341485,0.08133971291866028,0.049873346467773715,0.1107850330154072,4.641791044776119,0.463879868405702,0.00936055926379399,0.004186579248785497,0.007148781547454481,671828,0,0
193.0,209,1575.605423,0.07655502392344497,0.049977571770334926,0.09104477611940298,4.623134328358209,0.46789033183469037,0.00942338336841691,0.004032972005272373,0.0075741181562432374,662303,0,0
194.0,209,1581.88568,0.07177033492822966,0.05006236851413996,0.0887218045112782,4.67910447761194,0.46213727485644523,0.009093581577658012,0.004154826065654091,0.007329740323370896,654527,0,0
198.0,209,1588.190992,0.05263157894736842,0.05007232669411372,0.07230657989877079,4.649253731343284,0.46492075988346715,0.008902250941959667,0.004060675868262304,0.007730902133807079,655054,0,0
204.0,209,1594.313772,0.023923444976076555,0.049971365760839444,0.0340826686004351,4.638059701492537,0.4650157293942907,0.00876971240787913,0.004044568028467537,0.007447449783187819,631825,0,0
207.0,209,1600.421665,0.009569377990430622,0.049815973500184026,0.01249024199843872,4.641791044776119,0.46540241047392417,0.008870124336677384,0.003912150908316226,0.0072820234729054495,636393,0,0
201.0,209,1606.62626,0.03827751196172249,0.049771764835285705,0.04769001490312966,4.712686567164179,0.4624534745688736,0.008835728754702421,0.003916272788656313,0.006308478827047362,626103,0,0
206.0,209,1612.803697,0.014354066985645933,0.049636582782424485,0.02165506573859242,4.7388059701492535,0.45835775406053825,0.008877615726062143,0.003919986164754713,0.006456447800772468,654624,0,0
198.0,209,1618.999958,0.05263157894736842,0.04964797060054214,0.07100149476831091,4.708955223880597,0.45901920531268886,0.008863109937020233,0.0038668427802982445,0.0063362621795976185,655751,0,0
193.0,209,1625.314641,0.07655502392344497,0.04974989125706829,0.09372746935832732,4.652985074626866,0.4646292699303138,0.00892584681110772,0.00360466890448581,0.00612221544095209,645511,0,0
199.0,209,1631.495828,0.04784688995215311,0.04974271012006861,0.05895691609977324,4.701492537313433,0.4635082337288933,0.008873097604073645,0.00370504075544831,0.005909064999714997,649556,0,0
199.0,209,1637.669892,0.04784688995215311,0.049735582976580206,0.06427090532135453,4.630597014925373,0.4672053202602752,0.009104675373840621,0.0037100132500473217,0.006189664963089154,661603,0,0
196.0,209,1643.950239,0.06220095693779904,0.04978226977044245,0.08643710470836262,4.645522388059701,0.46458662479860807,0.00897672839738996,0.0038094519669596046,0.006411948855278542,657998,0,0
201.0,209,1650.166225,0.03827751196172249,0.04973934156966364,0.05776736924277908,4.623134328358209,0.4734232049001671,0.00881131756439401,0.003475679636274823,0.006462885377721833,639233,0,0
201.0,209,1656.419781,0.03827751196172249,0.049696732537663865,0.05194805194805195,4.6716417910447765,0.46733545396222037,0.008628434528711537,0.0035936213221531782,0.0067193232013176615,645514,0,0
196.0,209,1662.66534,0.06220095693779904,0.04974304447988658,0.09562638991845812,4.723880597014926,0.465777501911351,0.00857824854542742,0.0035431896165895867,0.006526928241086081,634753,0,0
206.0,209,1668.795831,0.014354066985645933,0.049612457847066506,0.024087024087024088,4.832089552238806,0.4586584716005598,0.008341073750696638,0.003418168307635148,0.006799182611926435,623308,0,0
201.0,209,1675.013926,0.03827751196172249,0.049570785251899806,0.058694057226705794,4.794776119402985,0.45966252875986524,0.00847661527641539,0.003479483999925968,0.005922525957320797,633046,0,0
184.0,209,1681.377254,0.11961722488038277,0.0498273656168393,0.15736766809728184,4.776119402985074,0.4605861917983216,0.008447846536936272,0.0033385594392695748,0.006234436963939869,632741,0,0
195.0,209,1687.653603,0.06698564593301436,0.04988998707784724,0.09447165850244926,4.791044776119403,0.4579602015865689,0.008399191325124058,0.0035103841205660724,0.006451020033082154,644740,0,0
199.0,209,1693.835971,0.04784688995215311,0.04988255763375381,0.05387453874538745,4.697761194029851,0.46406687270998287,0.008258711933930305,0.0036074639711402884,0.0063908879488728965,639003,0,0
197.0,209,1700.05407,0.05741626794258373,0.049909853685597395,0.0742811501597444,4.597014925373134,0.4683894369758074,0.00819253366419735,0.003722220194869175,0.006477392986169397,642951,0,0
202.0,209,1706.288137,0.03349282296650718,0.04985058642668371,0.049526584122359794,4.585820895522388,0.46490330643682254,0.008453315881326353,0.0037085514834205935,0.006526323443862711,660356,0,0
194.0,209,1712.644328,0.07177033492822966,0.04992943444287632,0.10178306092124814,4.6716417910447765,0.4659937826336396,0.00824245498351509,0.0037136335640013045,0.006920039129017065,655165,0,0
205.0,209,1718.779593,0.019138755980861243,0.04981907358817376,0.02169035153328347,4.682835820895522,0.4655082323919771,0.008193910516721714,0.003591603948959518,0.006623711805367553,636373,0,0
198.0,209,1725.027745,0.05263157894736842,0.04982911825017088,0.07091690544412607,4.619402985074627,0.47026093604223784,0.008038845427569464,0.0036147828432694902,0.006600125887959716,625072,0,0
193.0,209,1731.334758,0.07655502392344497,0.04992422823477328,0.10266159695817491,4.574626865671642,0.4673468936442868,0.008279866661887523,0.0037994193340263093,0.006702749202480375,648738,0,0
188.0,209,1737.70585,0.10047846889952153,0.05010349859174047,0.1264546159813809,4.5783582089552235,0.4736572586251877,0.008002000500125032,0.003768799342692816,0.006698103097202872,633957,0,0
203.0,209,1743.916616,0.028708133971291867,0.05002789659661521,0.0343027591349739,4.574626865671642,0.47073003021538506,0.007990887896207442,0.0037729804766057414,0.00612219473562441,644027,0,0
201.0,209,1750.122605,0.03827751196172249,0.04998652200283038,0.05505226480836237,4.574626865671642,0.47130650259740775,0.008015605603830467,0.0035999290654371344,0.005195956729916652,638834,0,0
190.0,209,1756.407686,0.09090909090909091,0.050130109963904976,0.13080771979985703,4.630597014925373,0.4756849182380302,0.007741251325556734,0.0036055143160127253,0.005337575114881583,627634,0,0
199.0,209,1762.562476,0.04784688995215311,0.0501221266771506,0.0681992337164751,4.574626865671642,0.47121773132556427,0.007978301836946759,0.0036985505204388948,0.0057063350886771514,641287,0,0
199.0,209,1768.722154,0.04784688995215311,0.050114199023056534,0.06868537666174299,4.4888059701492535,0.47529424934026804,0.008196145880866298,0.003632981150619537,0.005861911615009302,641496,0,0
203.0,209,1774.862473,0.028708133971291867,0.05003987240829346,0.024571854058078928,4.5559701492537314,0.4695497497554192,0.007957188576625102,0.0037774785330791697,0.005666217799618754,634061,0,0
196.0,209,1781.149801,0.06220095693779904,0.05008195228555819,0.07304601899196493,4.585820895522388,0.4648943295121348,0.007964863969883404,0.0037820032417170643,0.006256862505882148,637284,0,0
200.0,209,1787.319045,0.0430622009569378,0.05005774624649398,0.051883439943141436,4.608208955223881,0.46428539487038606,0.007954565190961669,0.003543081438768953,0.0063740729805304205,638940,0,0
200.0,209,1793.603839,0.0430622009569378,0.05003370657195942,0.055944055944055944,4.481343283582089,0.47732261273531995,0.007840490160444467,0.0036519722380878206,0.006023158004050054,633218,0,0
196.0,209,1799.897484,0.06220095693779904,0.05007537523759586,0.07271468144044321,4.481343283582089,0.4760919270337241,0.007934728235557933,0.0037776206164938852,0.006227036723992203,646395,0,0
197.0,209,1806.115443,0.05741626794258373,0.05010042947890981,0.07381121362668559,4.541044776119403,0.47059209432832827,0.007890665291387313,0.0038679731820526046,0.00651538593776861,653630,0,0
190.0,209,1812.28033,0.09090909090909091,0.050239234449760764,0.11054172767203514,4.541044776119403,0.47067197075248673,0.008207676490747088,0.0037697052775873888,0.006477039067854695,651271,0,0
197.0,209,1818.329688,0.05741626794258373,0.05026356337685508,0.07072829131652661,4.425373134328358,0.4821070060312045,0.008094676981402735,0.003910719469918199,0.006318629711221544,653021,0,0
201.0,209,1824.402893,0.03827751196172249,0.05022306995991207,0.04933726067746686,4.548507462686567,0.4706241989152299,0.00801592974573675,0.0037441710065012424,0.006739507811702236,647629,0,0
206.0,209,1830.51616,0.014354066985645933,0.050102298906126656,0.018306636155606407,4.5335820895522385,0.47547738685940366,0.008140560341903535,0.003459738145309002,0.006139339257852249,635154,0,0
203.0,209,1836.673689,0.028708133971291867,0.050030506406345335,0.039202200825309494,4.526119402985074,0.47607357908699616,0.008230939544002568,0.003549275778728007,0.006067571450301688,631010,0,0
203.0,209,1842.816283,0.028708133971291867,0.04995919412395385,0.045756457564575644,4.425373134328358,0.48183068957050684,0.00830385716691932,0.0035876705406771097,0.006215260232440627,625064,0,0
199.0,209,1849.005127,0.04784688995215311,0.049952153110047845,0.05817610062893082,4.462686567164179,0.4824991426923929,0.008326478537494334,0.003391025533415031,0.005774815759875103,613191,0,0
196.0,209,1855.192412,0.06220095693779904,0.049992846810472266,0.07722308892355695,4.552238805970149,0.47664258591999137,0.008131849744833932,0.0034970300343010125,0.0057224127834016566,620462,0,0
196.0,209,1861.417756,0.06220095693779904,0.05003327101619189,0.0857823669579031,4.656716417910448,0.4713731342704093,0.007921815846967195,0.0035523090008505527,0.005753739930955121,618916,0,0
200.0,209,1867.613461,0.0430622009569378,0.05001026418431317,0.05754857997010463,4.623134328358209,0.4736695143040767,0.007828992204251924,0.003357656953840528,0.0057512341882614984,604399,0,0
205.0,209,1873.818036,0.019138755980861243,0.04990871317048602,0.019302152932442463,4.66044776119403,0.4706782813692006,0.0077858397110956495,0.0033959513633502305,0.005930490673557963,611660,0,0
199.0,209,1879.990769,0.04784688995215311,0.049901953094360345,0.06227630637079456,4.645522388059701,0.46950582904921295,0.007793279947164204,0.003467349129034921,0.0061421613142904315,626413,0,0
191.0,209,1886.1509,0.0861244019138756,0.05002032711011039,0.09714726291441789,4.58955223880597,0.4749779955549512,0.007735861478701692,0.003439989466060965,0.006139311343735598,623623,0,0
198.0,209,1892.196223,0.05263157894736842,0.050028832816420676,0.06474258970358815,4.604477611940299,0.4790636284719228,0.007546674541457492,0.00349443842897923,0.006217803589592151,614099,0,0
195.0,209,1898.251212,0.06698564593301436,0.05008388740446157,0.09135977337110482,4.626865671641791,0.4712146021332476,0.007555315704263357,0.003614122880177926,0.006018086967898085,623047,0,0
199.0,209,1904.285497,0.04784688995215311,0.050076647930505876,0.062187276626161546,4.597014925373134,0.4730176919883486,0.007579709199973919,0.0035208971767620788,0.005917063310947382,623107,0,0
201.0,209,1910.493056,0.03827751196172249,0.050038586201574316,0.05712166172106825,4.600746268656716,0.4742328475401752,0.0075387089960844205,0.00354189345074656,0.005166615217144064,633324,0,0
196.0,209,1916.70348,0.06220095693779904,0.05007769350297697,0.07791279485346676,4.574626865671642,0.47082838930782356,0.007563365454692688,0.0036602154020568467,0.005555105676573002,656828,0,0
201.0,209,1922.844889,0.03827751196172249,0.05003987240829346,0.049253731343283584,4.619402985074627,0.47188356644888835,0.007264391566848546,0.0035514803215704,0.005650082329771091,628539,0,0
193.0,209,1929.026592,0.07655502392344497,0.050124585352431326,0.0952006294256491,4.563432835820896,0.47144686637770467,0.0072901076618548735,0.0034599848726242777,0.00597048552438887,619345,0,0
200.0,209,1935.18793,0.0430622009569378,0.050102093682381985,0.04754937820043892,4.597014925373134,0.4689993599526421,0.007298801713213237,0.0035130496158103275,0.0058230000481239675,625274,0,0
204.0,209,1941.319283,0.023923444976076555,0.05001898686109212,0.027737226277372264,4.57089552238806,0.46409970427860864,0.007466862798394705,0.0036774699007083127,0.005612138848472251,643859,0,0
197.0,209,1947.608535,0.05741626794258373,0.05004239597843862,0.06466984343090537,4.496268656716418,0.4721558743534598,0.007268090532355754,0.0034905961109340136,0.005514823079375199,633329,0,0
201.0,209,1953.712612,0.03827751196172249,0.05000528277964771,0.04421052631578947,4.58955223880597,0.4650163054994204,0.007356095390921657,0.0035271126928393256,0.0054495479893868866,643737,0,0
204.0,209,1959.683815,0.023923444976076555,0.049923264421774846,0.037009622501850484,4.552238805970149,0.4668740885352069,0.007506532583735846,0.003468208092485549,0.005558634887956291,648734,0,0
199.0,209,1965.860731,0.04784688995215311,0.049916755410898295,0.06162246489859594,4.5335820895522385,0.4705623923788257,0.007530310684516292,0.00344152563778732,0.005714826976509219,641573,0,0
200.0,209,1972.028286,0.0430622009569378,0.049895334928229666,0.053208137715179966,4.514925373134329,0.4735332428935631,0.007459398212262369,0.003383482311469218,0.005665365730832179,638404,0,0
206.0,209,1978.170587,0.014354066985645933,0.049784614467349345,0.02223869532987398,4.5335820895522385,0.4734982894246027,0.007184313725490196,0.003403921568627451,0.0056,626805,0,0
206.0,209,1984.294362,0.014354066985645933,0.04967458171119498,0.018168054504163512,4.522388059701493,0.47906865764253326,0.00722371630495966,0.0031740571643004566,0.00525361185815248,626888,0,0
198.0,209,1990.460789,0.05263157894736842,0.04968373650139985,0.08592592592592592,4.567164179104478,0.47632362755746194,0.007123484116345045,0.0032110234747638497,0.005159460049256477,618722,0,0
192.0,209,1996.700375,0.08133971291866028,0.04978144013231733,0.10896057347670252,4.57089552238806,0.48443422192059404,0.0069623597426413456,0.0031392782768159635,0.005346097659528176,613581,0,0
193.0,209,2002.784522,0.07655502392344497,0.049863820390136177,0.10374414976599064,4.492537313432836,0.4805050166738527,0.007127473310711353,0.0032693410186089033,0.0053920885046251105,631667,0,0
196.0,209,2008.86662,0.06220095693779904,0.04990166436727625,0.08122205663189269,4.548507462686567,0.47363788593241307,0.007214026415385804,0.0033366803120413995,0.00571560979377462,653843,0,0
196.0,209,2014.956226,0.06220095693779904,0.049939276882782435,0.07866868381240545,4.526119402985074,0.47663850860203105,0.007253854091266113,0.0031725986046726527,0.00574455960943155,626053,0,0
202.0,209,2021.04376,0.03349282296650718,0.04988913525498891,0.04609929078014184,4.458955223880597,0.47832614954333974,0.007262063777194356,0.0033777040824159795,0.005880275743478728,656261,0,0
199.0,209,2027.202654,0.04784688995215311,0.0498829278224575,0.06936416184971098,4.436567164179104,0.4824723315685191,0.0072399436723198434,0.0034745607053205166,0.005892977407702198,662429,0,0
202.0,209,2033.370707,0.03349282296650718,0.049833260838045526,0.043137254901960784,4.496268656716418,0.4772582281895354,0.007324442274239326,0.0033875545518356883,0.0061189611499374375,675241,0,0
194.0,209,2039.671519,0.07177033492822966,0.04989953598635424,0.10344827586206896,4.5,0.47399999635387674,0.007272395326192794,0.0034840555014605647,0.006557327166504381,689291,0,0
200.0,209,2045.896686,0.0430622009569378,0.049878941603735516,0.04813664596273292,4.440298507462686,0.48041605916348257,0.007098653076083,0.003261133357602233,0.005991384540711079,659692,0,0
204.0,209,2052.056538,0.023923444976076555,0.04980099716941822,0.03636363636363636,4.552238805970149,0.47951691023734844,0.007016270489324381,0.0031149821568983247,0.005670477227363455,657735,0,0
201.0,209,2058.237823,0.03827751196172249,0.04976649571670057,0.05918367346938776,4.552238805970149,0.47666630586359376,0.00697993457253554,0.0031356941492168304,0.005562842024331781,651197,0,0
202.0,209,2064.364505,0.03349282296650718,0.04971791758908805,0.05011389521640091,4.526119402985074,0.4779188923514523,0.007078980987450214,0.003246411663034493,0.005726309461185842,651742,0,0
203.0,209,2070.541786,0.028708133971291867,0.049655388471177946,0.03475177304964539,4.5559701492537314,0.4772075126231488,0.007042464562917678,0.003206568971200815,0.005184452635679823,644455,0,0
204.0,209,2076.771555,0.023923444976076555,0.049579032555762216,0.02762854950115119,4.417910447761194,0.4897374760387249,0.0069761883421469335,0.003017537569836575,0.005123838546801709,618711,0,0
199.0,209,2082.910316,0.04784688995215311,0.04957390787350301,0.06961566352429296,4.4664179104477615,0.4833601405734847,0.0070746637672956915,0.0029639117677723002,0.004855453448712411,624923,0,0
204.0,209,2089.005436,0.023923444976076555,0.04949824279120972,0.019957234497505347,4.5335820895522385,0.4775860981266673,0.006949290964436855,0.0031776672358749722,0.0045140693444205215,636715,0,0
197.0,209,2095.166866,0.05741626794258373,0.049521531100478466,0.0772626931567329,4.608208955223881,0.4742499675722246,0.006988244351662669,0.0032424269343519587,0.004530514346628764,635936,0,0
204.0,209,2101.262565,0.023923444976076555,0.049446463399233885,0.03476331360946745,4.626865671641791,0.47645451894265334,0.006952439996457355,0.0031440970684616064,0.004841614265048859,619193,0,0
189.0,209,2107.56575,0.09569377990430622,0.04958168947088615,0.12727272727272726,4.6716417910447765,0.4732463499278909,0.006947817766983146,0.003076470155295503,0.004710384926768234,624453,0,0
194.0,209,2113.800629,0.07177033492822966,0.04964637939933321,0.08892128279883382,4.720149253731344,0.46745520370510363,0.006707863024556357,0.0030236756740888607,0.00494649855421333,623706,0,0
199.0,209,2119.975431,0.04784688995215311,0.049641148325358854,0.07126436781609195,4.712686567164179,0.4686599636477361,0.006644421027982672,0.003000234164617726,0.005049174569722515,621023,0,0
194.0,209,2126.233346,0.07177033492822966,0.04970529089522224,0.10247093023255814,4.600746268656716,0.4770551305213762,0.006800735530194682,0.0030938968506465077,0.0049327223373515075,619946,0,0
200.0,209,2132.407604,0.0430622009569378,0.04968609121331969,0.06481481481481481,4.656716417910448,0.4715289467173928,0.006679083845056896,0.0029975844707662755,0.00491836675300486,608007,0,0
198.0,209,2138.594159,0.05263157894736842,0.0496945796505936,0.06585919757759273,4.723880597014926,0.46798305769490933,0.006616366802089379,0.0029164248403946605,0.005179918746372606,607199,0,0
194.0,209,2144.86527,0.07177033492822966,0.04975801572897762,0.08722264728385616,4.652985074626866,0.46819982744624083,0.006539919553201956,0.002951645108082299,0.005049628150591776,609565,0,0
205.0,209,2151.033828,0.019138755980861243,0.04967028146035837,0.032599837000814993,4.731343283582089,0.4635366671615805,0.00640517029962925,0.0029573421428468385,0.005236659501723914,617074,0,0
207.0,209,2157.148766,0.009569377990430622,0.04955570745044429,0.013646702047005308,4.634328358208955,0.47570739629400854,0.0063861001639674364,0.0028047061530938064,0.005364899462071743,590713,0,0
203.0,209,2163.260901,0.028708133971291867,0.04949631265420739,0.04249084249084249,4.723880597014926,0.4698268797381822,0.006353167261827934,0.002796540894032612,0.005550058082003184,594537,0,0
196.0,209,2169.372845,0.06220095693779904,0.04953240539364941,0.07647907647907648,4.667910447761194,0.46273479679901536,0.006607079013228459,0.002874508401859135,0.00570611369324276,614836,0,0
198.0,209,2175.50924,0.05263157894736842,0.0495411849221302,0.06962962962962962,4.552238805970149,0.47312291934539585,0.00651711991785862,0.002837870598804957,0.005590177259957503,613355,0,0
203.0,209,2181.63452,0.028708133971291867,0.04948233449571541,0.04212860310421286,4.552238805970149,0.4686359464987615,0.0064698688962830245,0.0030856297813042118,0.00561669937149845,631140,0,0
196.0,209,2187.726455,0.06220095693779904,0.049518161601186064,0.0850480109739369,4.552238805970149,0.4664673933329944,0.006437707382093531,0.0031621338022177477,0.005686168855109044,632496,0,0
203.0,209,2193.772333,0.028708133971291867,0.04945970646739423,0.03860711582134747,4.541044776119403,0.4735362260056723,0.0063485330505478966,0.00303994344291269,0.004892188052315306,631421,0,0
199.0,209,2199.944145,0.04784688995215311,0.049455188774074225,0.059052059052059055,4.567164179104478,0.4643214655638405,0.006443517004117083,0.0032147087022728555,0.005160453443122216,658650,0,0
199.0,209,2206.176179,0.04784688995215311,0.04945069631926439,0.060167555217060166,4.552238805970149,0.4681497836047123,0.006467668686641452,0.0032057140446831544,0.004878871813618661,661174,0,0
199.0,209,2212.367039,0.04784688995215311,0.04944622889205795,0.07252747252747253,4.5559701492537314,0.4676983483921934,0.006491685594907602,0.00304253946888758,0.005187740108241496,664877,0,0
205.0,209,2218.526594,0.019138755980861243,0.04936204146730463,0.02689873417721519,4.597014925373134,0.4697493457730344,0.006445118626532638,0.00289401205139318,0.004837334153536427,642625,0,0
193.0,209,2224.743742,0.07655502392344497,0.04943736828851277,0.090625,4.582089552238806,0.4743151804544113,0.006330172894590072,0.0028583379810373675,0.004406023424428332,637933,0,0
189.0,209,2231.026566,0.09569377990430622,0.049565148431097834,0.13145896656534956,4.58955223880597,0.47869976634652034,0.006369161022959574,0.002795199488242084,0.004130220139342781,635083,0,0
200.0,209,2237.143922,0.0430622009569378,0.04954723397524616,0.06296296296296296,4.451492537313433,0.49267208150439,0.006282156180227156,0.002842918359705446,0.004049425175775562,608913,0,0
197.0,209,2243.330369,0.05741626794258373,0.04956885220043115,0.061009817671809255,4.604477611940299,0.47728604942934566,0.006168229469200343,0.002931983514507786,0.004232013940751805,618446,0,0
193.0,209,2249.585885,0.07655502392344497,0.0496427869174805,0.08505917159763314,4.638059701492537,0.46683543465684946,0.006317328514876068,0.0029103849708271836,0.004179367991282638,640589,0,0
202.0,209,2255.76509,0.03349282296650718,0.049598661332914996,0.04795050270688322,4.645522388059701,0.4654348866614124,0.006286020825023039,0.002957318331247163,0.003920166160025309,642297,0,0
191.0,209,2262.028312,0.0861244019138756,0.04969818651160972,0.10914245216158752,4.626865671641791,0.4617969665329044,0.0064753333699171375,0.0030867584920155847,0.004307742962190639,669693,0,0
198.0,209,2268.321793,0.05263157894736842,0.04970615768670689,0.06544686840253343,4.4664179104477615,0.469584279007337,0.0064988370502120675,0.0031057600218908194,0.004665480913941715,670170,0,0
208.0,209,2274.417267,0.004784688995215311,0.04958441928916897,0.006642066420664207,4.5335820895522385,0.4686551741005685,0.0064394662883025455,0.003042374962481923,0.004311168108270348,667146,0,0
198.0,209,2280.641988,0.05263157894736842,0.049592654855812754,0.06197398622800306,4.57089552238806,0.4657349239936513,0.006177206922825732,0.0028981169043213236,0.004422009361053663,653092,0,0
201.0,209,2286.755052,0.03827751196172249,0.049562155818362374,0.048295454545454544,4.522388059701493,0.4694787583304878,0.0061874974557987435,0.0029309198474836155,0.004369241624489464,643875,0,0
195.0,209,2292.985349,0.06698564593301436,0.04960899315738025,0.09423728813559322,4.518656716417911,0.4642535622602547,0.006360634439452174,0.0030043847777837924,0.0047231094029123585,659964,0,0
195.0,209,2299.234031,0.06698564593301436,0.04965557935785112,0.09670637701471618,4.496268656716418,0.4639510839988746,0.006384385924656148,0.003009974759404484,0.004899645011945415,684817,0,0
192.0,209,2305.492891,0.08133971291866028,0.04974029629250569,0.08447488584474885,4.5335820895522385,0.46475456593198333,0.00635442049569865,0.0030291199396868564,0.004792740882348981,671394,0,0
192.0,209,2311.745274,0.08133971291866028,0.04982456140350877,0.076103500761035,4.477611940298507,0.4762600007533301,0.006364893717017362,0.002846745713096373,0.004860952585570222,659813,0,0
203.0,209,2317.887188,0.028708133971291867,0.04976840069225288,0.03941605839416058,4.522388059701493,0.4657806327312576,0.006481506280633152,0.0029863138441760186,0.004874521252376998,676091,0,0
202.0,209,2324.059329,0.03349282296650718,0.04972522939855063,0.04038893044128646,4.604477611940299,0.46639304178387,0.00643730968534644,0.0028313478284096374,0.004714461242587745,649848,0,0
196.0,209,2330.331169,0.06220095693779904,0.049758233968760286,0.0884308510638298,4.608208955223881,0.47134660432298237,0.006300618073316283,0.0028106351236146633,0.004235933503836317,644336,0,0
200.0,209,2336.542213,0.0430622009569378,0.04974056633548371,0.05611510791366906,4.630597014925373,0.4709149508035487,0.006270591986396004,0.002776596875332129,0.004118397279200765,642054,0,0
198.0,209,2342.715163,0.05263157894736842,0.049748174263409724,0.0679327976625274,4.690298507462686,0.46647260986730543,0.006201139525639327,0.00279581290579038,0.004253345700278256,639522,0,0
202.0,209,2348.906295,0.03349282296650718,0.04970550929937585,0.0385470719051149,4.641791044776119,0.47257722009377046,0.006277090601543503,0.0027090601543503542,0.0041891320435564015,625336,0,0
202.0,209,2355.064703,0.03349282296650718,0.04966306771211704,0.0458498023715415,4.67910447761194,0.4701077471328044,0.006141761341170888,0.002820465508606374,0.004138440045338324,630310,0,0
197.0,209,2361.261235,0.05741626794258373,0.04968331105475533,0.07387661843107388,4.611940298507463,0.4767171382754576,0.006060128038280028,0.0028394526166344598,0.004048849101497286,638980,0,0
202.0,209,2367.426021,0.03349282296650718,0.049641148325358854,0.05238828967642527,4.626865671641791,0.48244514966731883,0.005952302911908539,0.0026877138699146486,0.0040119046058238175,599138,0,0
202.0,209,2373.584561,0.03349282296650718,0.04959920462312807,0.053429602888086646,4.58955223880597,0.48620568793516533,0.005845047401111475,0.002576005230467473,0.00422360248447205,595226,0,0
205.0,209,2379.728444,0.019138755980861243,0.04952029154374396,0.02989771833202203,4.664179104477612,0.47945944966081006,0.005790297339593114,0.0023865414710485134,0.004160146061554512,579922,0,0
199.0,209,2385.916001,0.04784688995215311,0.04951596750862357,0.04357459379615953,4.787313432835821,0.4622527727481926,0.0059444061447209255,0.002497431027979032,0.004279452126068237,608557,0,0
197.0,209,2392.157462,0.05741626794258373,0.04953632910768017,0.079002079002079,4.75,0.45895827778397535,0.006123825834241528,0.002620789869738959,0.004476101510197727,645255,0,0
190.0,209,2398.374937,0.09090909090909091,0.04964268582182261,0.1299072091363312,4.645522388059701,0.4679269924475535,0.00603111329692232,0.0026272875520927702,0.004348613879325965,645227,0,0
194.0,209,2404.605348,0.07177033492822966,0.04969942338363391,0.08928571428571429,4.7388059701492535,0.4617588909037429,0.005899819261554351,0.0027498063516653757,0.004389362251484637,656217,0,0
195.0,209,2410.870815,0.06698564593301436,0.04974363367148399,0.06883509833585477,4.7388059701492535,0.4622612185554662,0.0058463717725838645,0.0027815337067799884,0.004378340094005537,646363,0,0
198.0,209,2417.100327,0.05263157894736842,0.04975100087882043,0.06531204644412192,4.5783582089552235,0.47702011324466903,0.005934260722130168,0.0026845465171541237,0.004341515420086574,634924,0,0
194.0,209,2423.297764,0.07177033492822966,0.04980702971864081,0.07237354085603113,4.477611940298507,0.48508574746766486,0.006047637961741003,0.002767563135034018,0.00440760054838751,639374,0,0
202.0,209,2429.448097,0.03349282296650718,0.04976562310251864,0.04649446494464945,4.5,0.48299689400442747,0.006044805684417692,0.0026070620710807804,0.004268425155593043,621367,0,0
196.0,209,2435.718117,0.06220095693779904,0.04979710496032948,0.0859697386519945,4.503731343283582,0.4761586472391027,0.006144432404869654,0.0026897826502645166,0.0044362292051756,646823,0,0
193.0,209,2441.961452,0.07655502392344497,0.04986467546276159,0.09454545454545454,4.522388059701493,0.46889802887359394,0.006231084208652305,0.002797629644701035,0.004705104402451741,672219,0,0
192.0,209,2448.238947,0.08133971291866028,0.049943957672977955,0.09821428571428571,4.485074626865671,0.472165696324983,0.0061905365977419765,0.0028161867309399974,0.004820499809717113,677591,0,0
181.0,209,2454.641816,0.1339712918660287,0.050155081628236876,0.16195190947666196,4.5559701492537314,0.46521707853214095,0.005973851742162484,0.002835048284416094,0.005189150877725886,684452,0,0
202.0,209,2460.774355,0.03349282296650718,0.05011332158146563,0.05362537764350453,4.611940298507463,0.46935057017504633,0.005870248570310429,0.0028151944756542487,0.004999179427619204,670456,0,0
198.0,209,2467.002678,0.05263157894736842,0.05011961722488038,0.07178393745557925,4.507462686567164,0.4702192981894598,0.005956353653775925,0.002732618906700583,0.004948936545314881,669121,0,0
195.0,209,2473.303536,0.06698564593301436,0.0501616771468458,0.09122562674094707,4.608208955223881,0.46778977283025514,0.005665402105368942,0.002700801447127101,0.004836318870436901,651851,0,0
203.0,209,2479.454406,0.028708133971291867,0.05010831012402105,0.041176470588235294,4.507462686567164,0.4759775254894166,0.005738701148993221,0.0025059830344948564,0.004523299377263216,638128,0,0
195.0,209,2485.687768,0.06698564593301436,0.05015018936920465,0.080370942812983,4.563432835820896,0.4795914988880978,0.005462226888655567,0.002424878756062197,0.004587270636468177,603704,0,0
191.0,209,2491.949061,0.0861244019138756,0.050239234449760764,0.101878612716763,4.585820895522388,0.4783665851946313,0.005486626348276077,0.002618617120768128,0.004401770683957852,620138,0,0
201.0,209,2498.185268,0.03827751196172249,0.05020969933250635,0.05148095909732017,4.641791044776119,0.4774972059601966,0.00542315538086472,0.0024503706652072243,0.004079804965421165,596174,0,0
208.0,209,2504.226607,0.004784688995215311,0.05009781507059184,0.007698229407236336,4.701492537313433,0.4750554643566604,0.005384348171306635,0.0024192347774304006,0.0038955883082725422,599767,0,0
204.0,209,2510.413074,0.023923444976076555,0.05003350457895912,0.03376822716807368,4.623134328358209,0.4777786299898034,0.005457380457380458,0.0024502524502524503,0.00396000396000396,601832,0,0
194.0,209,2516.695063,0.07177033492822966,0.050086781123932826,0.0962686567164179,4.645522388059701,0.4731707358841887,0.005431964642848325,0.0024690748376583293,0.004172736475642576,602345,0,0
200.0,209,2522.868582,0.0430622009569378,0.05006960611129959,0.05339105339105339,4.735074626865671,0.46228304545774024,0.005578680328070737,0.0024629935223270364,0.004100884214674515,631246,0,0
200.0,209,2528.885597,0.0430622009569378,0.050052514879215776,0.06040756914119359,4.735074626865671,0.46332042172262156,0.005601827964914867,0.002432372668976192,0.004115378000540527,628776,0,0
201.0,209,2534.92887,0.03827751196172249,0.05002386523708076,0.05551443375277572,4.664179104477612,0.4787782880005528,0.005514503143266791,0.002340600223031016,0.003994951166011054,607633,0,0
196.0,209,2540.964425,0.06220095693779904,0.050053421284898036,0.08210689388071263,4.638059701492537,0.48002148383627635,0.0055868653651022625,0.0023716671352950526,0.004168755119255737,604864,0,0
191.0,209,2547.121151,0.0861244019138756,0.05014076022104568,0.11838235294117647,4.563432835820896,0.4879391010553935,0.005488474204171241,0.0024759116965483597,0.004110257348457129,615682,0,0
197.0,209,2553.317162,0.05741626794258373,0.05015833391119432,0.06686478454680535,4.608208955223881,0.47987455599865625,0.005511820604231813,0.002372638008444158,0.003771886064706097,607811,0,0
202.0,209,2559.457135,0.03349282296650718,0.050118176053496284,0.046142208774583963,4.593283582089552,0.4799383730798266,0.005522581898068917,0.0024760586971561737,0.003896151185231038,604287,0,0
196.0,209,2565.62461,0.06220095693779904,0.05014722119985278,0.07868601986249045,4.630597014925373,0.47437503673636433,0.005400496458194588,0.0025307259187503785,0.004044317975419265,606286,0,0
195.0,209,2571.819065,0.06698564593301436,0.05018760111528003,0.0845771144278607,4.645522388059701,0.4637306742555239,0.005472336313119111,0.002548924861077555,0.004167673351050978,619299,0,0
204.0,209,2577.794825,0.023923444976076555,0.050124768205856096,0.03610906411201179,4.611940298507463,0.4722657730249499,0.005386580545647354,0.0023498505736045503,0.004362286705871011,604435,0,0
204.0,209,2583.944305,0.023923444976076555,0.050062235214854235,0.03389830508474576,4.574626865671642,0.473920369957297,0.005445496946675002,0.0025003606289368658,0.004435735923450498,617700,0,0
198.0,209,2590.150821,0.05263157894736842,0.050068352699931644,0.0625,4.5559701492537314,0.47880537589165617,0.005312642409996882,0.0023864917372220756,0.00423332453889142,594248,0,0
201.0,209,2596.313184,0.03827751196172249,0.050040345952334954,0.0561877667140825,4.5335820895522385,0.48187468902582686,0.005419503032768253,0.0023328986564896455,0.004318853410219293,598598,0,0
204.0,209,2602.446477,0.023923444976076555,0.04997845756139595,0.03225806451612903,4.425373134328358,0.48439890403439556,0.005537587569070664,0.0024584979293718894,0.0040219116611569265,613412,0,0
202.0,209,2608.59688,0.03349282296650718,0.04993948442996595,0.038729666924864445,4.380597014925373,0.488591816986266,0.005631421666091222,0.002476396842594026,0.0038455585584512993,622813,0,0
203.0,209,2614.734094,0.028708133971291867,0.04988941049020493,0.034533431300514325,4.399253731343284,0.49089099821676974,0.005617844078103473,0.002494180246092451,0.004026319540120671,616007,0,0
195.0,209,2620.965604,0.06698564593301436,0.049929636926540955,0.08842105263157894,4.5,0.47709191979337884,0.005545615053737958,0.002595063454633788,0.0043488049673543385,631541,0,0
198.0,209,2627.17299,0.05263157894736842,0.0499359795134443,0.05160807778608826,4.5559701492537314,0.4723464290071636,0.005449881190225679,0.0026126328482426794,0.004634172291905567,633314,0,0
200.0,209,2633.305584,0.0430622009569378,0.049919881671391594,0.05854049719326383,4.58955223880597,0.47001356053666493,0.005507789925579969,0.0026064701789147177,0.004493507412518133,634083,0,0
201.0,209,2639.475305,0.03827751196172249,0.04989267987300452,0.053052325581395346,4.597014925373134,0.46986138177293485,0.0055771267207906814,0.002553241557830333,0.004577009059889399,638971,0,0
189.0,209,2645.702392,0.09569377990430622,0.04999944234393995,0.12158273381294964,4.5783582089552235,0.4698658996862928,0.005599971824041137,0.0025006163491001305,0.00446119348665751,632735,0,0
190.0,209,2651.824636,0.09090909090909091,0.050094581061533326,0.12325581395348838,4.563432835820896,0.471806288281025,0.0055055113682952826,0.002577047874521196,0.00439269524066113,638090,0,0
200.0,209,2657.995942,0.0430622009569378,0.05007826463437649,0.05067808708065667,4.552238805970149,0.4720586908107102,0.005445897462866225,0.002594397503768888,0.004429174116794634,654460,0,0
201.0,209,2664.213152,0.03827751196172249,0.05005094807726387,0.048675733715103794,4.473880597014926,0.4789040038770054,0.0054214760405736275,0.002448408534452606,0.003964090008161362,630927,0,0
204.0,209,2670.406796,0.023923444976076555,0.0499906074234505,0.03156384505021521,4.481343283582089,0.47754147281351716,0.005396980482471445,0.0024658617721636774,0.0036871612347919138,629594,0,0
195.0,209,2676.626885,0.06698564593301436,0.05002976649835733,0.0835181079083518,4.470149253731344,0.47902715532915385,0.005419582448444336,0.0023558356253409,0.003783263122468637,627226,0,0
196.0,209,2682.819283,0.06220095693779904,0.05005774624649398,0.07698170731707317,4.440298507462686,0.482049074209768,0.005499913159265906,0.0022925953800729463,0.0037515197128466394,618247,0,0
188.0,209,2689.078628,0.10047846889952153,0.05017339010578991,0.13068592057761733,4.417910447761194,0.4811540180485726,0.0054533060668029995,0.0023800445969521565,0.003847353644587709,626792,0,0
194.0,209,2695.360116,0.07177033492822966,0.050222811032157054,0.08390646492434663,4.4888059701492535,0.48003625662039145,0.00533736036981106,0.002294027459162853,0.003861805019193747,608286,0,0
205.0,209,2701.486425,0.019138755980861243,0.050151842869939484,0.025055268975681652,4.57089552238806,0.4756043569508363,0.005267273898242709,0.0022886190081884256,0.003691691967982335,595995,0,0
202.0,209,2707.696011,0.03349282296650718,0.05011389521640091,0.03674351585014409,4.619402985074627,0.47003708943673916,0.005323909401748629,0.002294788535236478,0.004119145420749478,611293,0,0
202.0,209,2713.821304,0.03349282296650718,0.05007612005219661,0.0452418096723869,4.604477611940299,0.47179120998386115,0.005414625211777096,0.002323824350931819,0.004040935940290306,619500,0,0
194.0,209,2720.061557,0.07177033492822966,0.05012531328320802,0.07808764940239044,4.597014925373134,0.47072745582282755,0.005356938892061679,0.0023072529982866934,0.004066247858366648,630892,0,0
197.0,209,2726.103345,0.05741626794258373,0.05014180865574054,0.07122708039492243,4.481343283582089,0.48295955861678536,0.005356308477782716,0.002267883802295235,0.0040571187618949935,615440,0,0
192.0,209,2732.216259,0.08133971291866028,0.05021223281886226,0.09992862241256245,4.496268656716418,0.4787881854463058,0.005515186663482641,0.002319789854330843,0.003911802499459853,636820,0,0
195.0,209,2738.239923,0.06698564593301436,0.05025001077632656,0.0944206008583691,4.615671641791045,0.47129626635768945,0.005298749631243334,0.0024054280981233122,0.0038010302493929698,644007,0,0
192.0,209,2744.330701,0.08133971291866028,0.05031987527552282,0.099625468164794,4.582089552238806,0.47916969513818336,0.005264588003532369,0.00240019926182551,0.0036682290605257795,619022,0,0
200.0,209,2750.413618,0.0430622009569378,0.05030360246314931,0.06,4.626865671641791,0.47929711098415795,0.005015475679461401,0.0022705193954318504,0.003919752389128618,596749,0,0
191.0,209,2756.623493,0.0861244019138756,0.05038373847981761,0.11467889908256881,4.645522388059701,0.48243069697731694,0.004993405998850277,0.0020740106180326206,0.004057846861368171,582079,0,0
189.0,209,2762.952817,0.09569377990430622,0.050484876965140126,0.12297297297297298,4.57089552238806,0.48263870462535663,0.00506152565631116,0.0021820799496097003,0.004004229185881718,618402,0,0
205.0,209,2769.068762,0.019138755980861243,0.05041506377809273,0.018102824040550327,4.600746268656716,0.47330768158445613,0.005117213363108932,0.0022556137850545947,0.004152124877961194,628806,0,0
201.0,209,2775.128242,0.03827751196172249,0.05038809144072302,0.05062362435803375,4.6716417910447765,0.4679739494055322,0.005172877104980294,0.002205750627015407,0.004422697957721247,637628,0,0
198.0,209,2781.172935,0.05263157894736842,0.05039306591413022,0.06089508437270726,4.686567164179104,0.4629253897883112,0.005072058987822589,0.002290246899787733,0.004390570885934532,638760,0,0
193.0,209,2787.303636,0.07655502392344497,0.05045094635220392,0.0998452012383901,4.638059701492537,0.46342587472512337,0.005228364714669521,0.0022184319365015663,0.004514899167251931,646258,0,0
201.0,209,2793.35745,0.03827751196172249,0.050424073428604624,0.05251141552511415,4.675373134328358,0.4617047841389486,0.005250044491902473,0.002235718099305926,0.004682772735362164,637810,0,0
202.0,209,2799.322698,0.03349282296650718,0.050386779925384144,0.05238828967642527,4.638059701492537,0.4675604487959261,0.0052937651210796174,0.002275098217654762,0.004328235633587109,630571,0,0
191.0,209,2805.436439,0.0861244019138756,0.050465324149534675,0.11285714285714285,4.574626865671642,0.4719845535969,0.005304716657253287,0.0022702858345238493,0.004396602323443747,633687,0,0
205.0,209,2811.483285,0.019138755980861243,0.05039662553512969,0.028452463566967384,4.645522388059701,0.4746876698240669,0.00514905747939272,0.0021877969547634307,0.0042982475525402755,619091,0,0
192.0,209,2817.709938,0.08133971291866028,0.050464334697894526,0.10993975903614457,4.626865671641791,0.47219175071428793,0.005127130791452577,0.0022493218956050015,0.004090678545438507,622406,0,0
198.0,209,2823.898648,0.05263157894736842,0.050469066672238355,0.0832072617246596,4.544776119402985,0.48674850254768093,0.005005941116929983,0.0021454033358271354,0.004081767372265986,602659,0,0
190.0,209,2830.125403,0.09090909090909091,0.05055717130020536,0.1220216606498195,4.5335820895522385,0.4917543442127438,0.005050394150326079,0.002228760896774335,0.003930524143079862,609158,0,0
199.0,209,2836.292759,0.04784688995215311,0.05055127938423133,0.05988455988455989,4.552238805970149,0.4883363791105466,0.0050722494275917225,0.0021910364698020397,0.00383431382215357,605340,0,0
207.0,209,2842.445882,0.009569377990430622,0.0504623815504053,0.016370106761565837,4.541044776119403,0.48767173205377995,0.005093564183280867,0.00219700944386149,0.003432144106330885,629041,0,0
197.0,209,2848.67524,0.05741626794258373,0.05047743325255287,0.07026627218934911,4.623134328358209,0.48123700054314555,0.004853574739597535,0.0022250095435458364,0.003533838686808093,617690,0,0
206.0,209,2854.797373,0.014354066985645933,0.05039941302303471,0.024427480916030534,4.5783582089552235,0.484833046397626,0.004810046685747244,0.0021873741715728416,0.0034932691993775234,608190,0,0
204.0,209,2860.889597,0.023923444976076555,0.05034235274707144,0.024608501118568233,4.623134328358209,0.47933611520609615,0.004734241815516586,0.002236820674303708,0.003648406536728378,606066,0,0
203.0,209,2867.01585,0.028708133971291867,0.0502958275454031,0.033428165007112376,4.604477611940299,0.4749593196943593,0.004940518754469219,0.002199397603415025,0.0036187132982296475,616131,0,0
198.0,209,2873.22049,0.05263157894736842,0.0503008398874674,0.07358351729212656,4.649253731343284,0.47938356005897964,0.004735339906590555,0.002129821830133195,0.0039244940321743645,595145,0,0
200.0,209,2879.446884,0.0430622009569378,0.05028533958997162,0.0558303886925795,4.552238805970149,0.48629575235601324,0.004725122982652973,0.0021575904030378874,0.0037973591093466816,603414,0,0
199.0,209,2885.607878,0.04784688995215311,0.050280129227497646,0.07692307692307693,4.582089552238806,0.47941153118689495,0.004671941439259379,0.0021852629312664835,0.00391840249744335,610415,0,0
197.0,209,2891.783656,0.05741626794258373,0.05029534487507779,0.07097232079488999,4.630597014925373,0.47257924049881844,0.004833927727409444,0.0021484123232930865,0.0041571778455721225,613332,0,0
201.0,209,2898.010173,0.03827751196172249,0.05026977501781533,0.05334281650071124,4.630597014925373,0.47325779921978933,0.004780637346853462,0.002197378152701703,0.004266129291586721,626260,0,0
204.0,209,2904.146391,0.023923444976076555,0.05021383801135729,0.03176895306859206,4.645522388059701,0.47357186951987434,0.004706033348663594,0.0022139747799394633,0.00438516743852744,606149,0,0
194.0,209,2910.406371,0.07177033492822966,0.0502595085556727,0.1007919366450684,4.600746268656716,0.4756105979199887,0.00470696224824156,0.002230737210617882,0.004248006745578551,614205,0,0
206.0,209,2916.544844,0.014354066985645933,0.05018359853121175,0.02264685067232838,4.686567164179104,0.4750998624506461,0.004611435935120398,0.0021406434710374133,0.00401503775413485,587802,0,0
198.0,209,2922.670839,0.05263157894736842,0.05018876304685765,0.07040121120363362,4.701492537313433,0.46983274547517845,0.004739890536160264,0.002093628779425049,0.003910941070195016,596983,0,0
196.0,209,2928.920071,0.06220095693779904,0.050214051876101735,0.08994708994708994,4.619402985074627,0.4719662813073427,0.004783065191799853,0.0021741205417272064,0.003828573246651324,603656,0,0
201.0,209,2935.127876,0.03827751196172249,0.05018897511157573,0.04826418289585097,4.611940298507463,0.47563118329359494,0.0046458959488633956,0.0021271642043770903,0.003873343775134403,601893,0,0
207.0,209,2941.400775,0.009569377990430622,0.05010381872348109,0.015815959741193385,4.608208955223881,0.47387612893190645,0.004625180836122874,0.002154193814084626,0.004181670344987803,624809,0,0
201.0,209,2947.583869,0.03827751196172249,0.05007907749594603,0.05964653902798233,4.5335820895522385,0.4786935951937369,0.004510010537407798,0.002149631190727081,0.0037618545837723918,623093,0,0
199.0,209,2953.610407,0.04784688995215311,0.05007441739668968,0.061481481481481484,4.593283582089552,0.47157536919358967,0.004616242021472361,0.0021871943974174283,0.0037224366186815847,644354,0,0
193.0,209,2959.766355,0.07655502392344497,0.050129585326953746,0.10121765601217655,4.611940298507463,0.47217094558721934,0.004554422197036477,0.002182764555261722,0.0039037904546026948,649002,0,0
193.0,209,2965.840477,0.07655502392344497,0.05018452386873439,0.10216256524981357,4.548507462686567,0.4761521159029256,0.004618526470126198,0.002199298319107713,0.0038854270304236266,644696,0,0
196.0,209,2971.909366,0.06220095693779904,0.05020945422779884,0.08834729626808835,4.667910447761194,0.4675534706481917,0.004609065540702961,0.0021425361357009227,0.0038043080653421264,638401,0,0
199.0,209,2977.965155,0.04784688995215311,0.05020456279037515,0.06341107871720117,4.649253731343284,0.47008219183115274,0.004630788485607009,0.0020442219440967874,0.003733833959115561,624417,0,0
202.0,209,2984.025867,0.03349282296650718,0.050170034402309306,0.042136945071482315,4.6940298507462686,0.46940050449806864,0.004662683957453009,0.0020503320080764347,0.003934139589100976,635223,0,0
200.0,209,2990.142147,0.0430622009569378,0.05015537907561782,0.05409153952843273,4.708955223880597,0.4642983942486465,0.004860721630211255,0.002129162252549802,0.003790947425271598,648829,0,0
194.0,209,2996.201187,0.07177033492822966,0.050199854293421546,0.09124629080118694,4.682835820895522,0.461796538004883,0.0048405821136863056,0.002155976615945935,0.0038351507110576722,659210,0,0
195.0,209,3002.333353,0.06698564593301436,0.050234322038061364,0.09694656488549619,4.615671641791045,0.47251913948910285,0.0048101292011047785,0.002141283321782127,0.0035791499001768885,633962,0,0
201.0,209,3008.312823,0.03827751196172249,0.05020982037806887,0.059094397544128936,4.701492537313433,0.4709161465869392,0.004707242546865968,0.002085225865059047,0.0036130151127260713,619747,0,0
198.0,209,3014.349272,0.05263157894736842,0.05021477284958073,0.0603448275862069,4.656716417910448,0.4741405498506421,0.004780055629957762,0.0020500669619861957,0.003636550942618729,622401,0,0
192.0,209,3020.597039,0.08133971291866028,0.05027829313543599,0.09495982468955443,4.600746268656716,0.47420869148653305,0.004873434640455677,0.002066583043737534,0.0034443050728958893,627409,0,0
185.0,209,3026.91085,0.11483253588516747,0.050409768171586156,0.14225352112676057,4.611940298507463,0.47761305686312505,0.004915492524141328,0.0020421357250608022,0.0034685521360329204,622065,0,0
194.0,209,3033.16282,0.07177033492822966,0.050453183957676895,0.08764044943820225,4.701492537313433,0.47937930747338753,0.004834034882887312,0.00198687026966131,0.003338761380977253,614693,0,0
202.0,209,3039.280027,0.03349282296650718,0.050418781602725234,0.04003079291762895,4.667910447761194,0.4775849828738672,0.004854716229060843,0.001982768312500639,0.0033216479461995237,617222,0,0
200.0,209,3045.558378,0.0430622009569378,0.05040388973906979,0.05352112676056338,4.7164179104477615,0.4622439576434449,0.004967208265760942,0.001988923227563416,0.003559662597023755,642439,0,0
193.0,209,3051.833385,0.07655502392344497,0.050456720313179645,0.10582010582010581,4.6940298507462686,0.46512208848766484,0.005018526812980984,0.0020155543792499697,0.003715542163768883,662836,0,0
200.0,209,3057.990487,0.0430622009569378,0.05044181200802593,0.07132132132132132,4.712686567164179,0.46778765876348744,0.0048661058962168316,0.0020724125320004875,0.003433703116745906,659345,0,0
197.0,209,3064.21317,0.05741626794258373,0.05045584511855824,0.07212205270457697,4.813432835820896,0.45864578400595674,0.004886802591424776,0.0020074417284276056,0.003548508105806373,650164,0,0
194.0,209,3070.50023,0.07177033492822966,0.05049864529889894,0.10290652003142184,4.791044776119403,0.4617811398155836,0.004937921822983598,0.0020743319133435193,0.003551660983334514,670553,0,0
205.0,209,3076.600347,0.019138755980861243,0.05043579982932372,0.020149253731343283,4.727611940298507,0.4718157478577458,0.004745940706034413,0.0020094514904273365,0.0034332337022376608,639366,0,0
203.0,209,3082.718946,0.028708133971291867,0.050392344497607655,0.043812451960030745,4.7164179104477615,0.4704966833176353,0.004877311432458306,0.001944878319141432,0.0036277523051342774,648564,0,0
