#{"t_start": 1709894534.984636, "env_id": "PhyRMSA-v0"}
r,l,t,episode_service_blocking_rate,service_blocking_rate,episode_bit_rate_blocking_rate,number_cuts_total,rss_total_metric,C_BVTs,L_BVTs,S_BVTs,total_path_length,num_moves,num_defrag_cycle
209.0,209,5.707529,0.0,0.0,0.0,1.955223880597015,0.8255533399198696,0.7952380952380952,0.0,0.0,134435,0,0
209.0,209,11.441837,0.0,0.0,0.0,2.5708955223880596,0.7520291852554863,0.568019093078759,0.09069212410501193,0.0,226245,0,0
209.0,209,17.212776,0.0,0.0,0.0,3.0522388059701493,0.6874262428935415,0.43630573248407645,0.14968152866242038,0.0,290031,0,0
209.0,209,23.00744,0.0,0.0,0.0,3.425373134328358,0.6417878850257414,0.35125448028673834,0.11947431302270012,0.02986857825567503,322491,0,0
209.0,209,28.833829,0.0,0.0,0.0,3.753731343283582,0.601539088569967,0.28967495219885275,0.10994263862332695,0.05736137667304015,365461,0,0
209.0,209,34.753515,0.0,0.0,0.0,4.559701492537314,0.5032677734752474,0.2597609561752988,0.11075697211155379,0.10836653386454183,432152,0,0
199.0,209,40.82876,0.04784688995215311,0.00683526999316473,0.06227630637079456,4.4440298507462686,0.5127280052334594,0.23383768913342504,0.10041265474552957,0.11141678129298486,448243,0,0
196.0,209,46.8116,0.06220095693779904,0.01375598086124402,0.08144087705559906,4.544776119402985,0.5036176055353491,0.21272727272727274,0.09090909090909091,0.11636363636363636,467738,0,0
204.0,209,52.735736,0.023923444976076555,0.014885699096225412,0.038403614457831324,4.406716417910448,0.5090773608519344,0.2017259978425027,0.07928802588996764,0.10625674217907227,472878,0,0
197.0,209,58.791532,0.05741626794258373,0.019138755980861243,0.06750392464678179,4.388059701492537,0.5095256874955418,0.1901511457825451,0.0697220867869332,0.09605070697220867,485292,0,0
199.0,209,64.848877,0.04784688995215311,0.02174858634188778,0.06352765321375187,4.432835820895522,0.5029680129842078,0.18088888888888888,0.06311111111111112,0.09377777777777778,496249,0,0
201.0,209,70.868252,0.03827751196172249,0.023125996810207338,0.038931297709923665,4.32089552238806,0.5144629119223728,0.16931864545083639,0.0587515299877601,0.08771929824561403,507436,0,0
198.0,209,76.914732,0.05263157894736842,0.025395656974604344,0.06501547987616099,4.298507462686567,0.5117362182650538,0.159682899207248,0.06002265005662514,0.07814269535673839,520446,0,0
202.0,209,82.916959,0.03349282296650718,0.025974025974025976,0.04269662921348315,4.4664179104477615,0.4940103824938328,0.15082427218519817,0.059277446509996494,0.07997193967029112,540756,0,0
204.0,209,88.995241,0.023923444976076555,0.02583732057416268,0.03825956489122281,4.664179104477612,0.4795361618785824,0.13944353518821603,0.05564648117839607,0.08019639934533551,566758,0,0
204.0,209,94.907542,0.023923444976076555,0.025717703349282296,0.030627871362940276,4.615671641791045,0.4825525072459123,0.13194231359312672,0.05369745320650506,0.07732433261736729,567042,0,0
197.0,209,100.840992,0.05741626794258373,0.027582324795947088,0.08537490720118783,4.470149253731344,0.489360533944629,0.12789351851851852,0.049479166666666664,0.07407407407407407,560702,0,0
200.0,209,106.828449,0.0430622009569378,0.028442317916002127,0.05712166172106825,4.432835820895522,0.49566909997649555,0.12281181619256018,0.04677242888402626,0.07521881838074398,561981,0,0
203.0,209,112.835951,0.028708133971291867,0.028456308234701588,0.04889589905362776,4.4664179104477615,0.49279522115333896,0.11376004146151852,0.04508940139932625,0.07126198497019953,546951,0,0
197.0,209,118.871696,0.05741626794258373,0.029904306220095694,0.08239700374531835,4.440298507462686,0.48796982862546445,0.11020710059171597,0.04363905325443787,0.06804733727810651,560487,0,0
198.0,209,124.984163,0.05263157894736842,0.030986557302346777,0.0654988575780655,4.492537313432836,0.49131612423469656,0.10178655383168782,0.04395862717442407,0.06370474847202633,566177,0,0
195.0,209,131.106706,0.06698564593301436,0.032622879512831666,0.09270516717325228,4.537313432835821,0.49442026000724987,0.09485277590469768,0.040908069229040236,0.059788716565520345,563615,0,0
196.0,209,137.267314,0.06220095693779904,0.03390888287913459,0.09628506444275967,4.675373134328358,0.4834167434251694,0.09085037674919268,0.03918191603875135,0.06006458557588805,574852,0,0
196.0,209,143.429957,0.06220095693779904,0.03508771929824561,0.08708272859216255,4.623134328358209,0.48931264482446707,0.08634579632307375,0.039661227019210904,0.06114439165461681,590526,0,0
208.0,209,149.308773,0.004784688995215311,0.0338755980861244,0.00510204081632653,4.649253731343284,0.48281914126434156,0.08595761536938007,0.03842345018815607,0.05981382451970687,592781,0,0
202.0,209,155.306079,0.03349282296650718,0.033860875966139126,0.030966767371601207,4.67910447761194,0.4768622535758663,0.0826509236335936,0.036754903827842314,0.06341649209674348,599496,0,0
207.0,209,161.225394,0.009569377990430622,0.0329611908559277,0.016874541452677916,4.619402985074627,0.4833378107859644,0.07860021986075486,0.034078417002565045,0.05917918651520704,582504,0,0
199.0,209,167.191617,0.04784688995215311,0.03349282296650718,0.06162464985994398,4.5559701492537314,0.48510761382761186,0.07777974191267456,0.03570797242354605,0.054445819338872194,604165,0,0
197.0,209,173.190496,0.05741626794258373,0.034317769344992574,0.06490384615384616,4.708955223880597,0.4753033724712091,0.07413734198838401,0.033481380252818584,0.05312606764605398,604799,0,0
189.0,209,179.231404,0.09569377990430622,0.03636363636363636,0.11707988980716254,4.746268656716418,0.4718530427566207,0.07214959457223233,0.0329306635776932,0.05378123448618236,628288,0,0
200.0,209,185.19584,0.0430622009569378,0.03657971909245254,0.05112881806108898,4.768656716417911,0.471374132472481,0.06887714239948743,0.031555341983020985,0.05317956110844146,602430,0,0
202.0,209,191.087128,0.03349282296650718,0.03648325358851675,0.04591836734693878,4.656716417910448,0.48100884651223336,0.06594259115593483,0.030100853374709077,0.05430566330488751,582550,0,0
206.0,209,196.941281,0.014354066985645933,0.03581267217630854,0.024175824175824177,4.559701492537314,0.4835637554632623,0.06540369869192603,0.02931889941362201,0.053826492256803485,569769,0,0
206.0,209,202.89914,0.014354066985645933,0.03518153672952434,0.023547880690737835,4.492537313432836,0.4906954932382843,0.06416800350007291,0.02785474697389529,0.05206358465801371,560613,0,0
199.0,209,208.963856,0.04784688995215311,0.0355434039644566,0.06720233747260775,4.593283582089552,0.4766234621869785,0.06448412698412699,0.02834467120181406,0.0534297052154195,586060,0,0
203.0,209,215.026475,0.028708133971291867,0.03535353535353535,0.039938556067588324,4.57089552238806,0.4769053782665268,0.06405841024934564,0.02824080451852872,0.0505579280892685,594913,0,0
201.0,209,221.056812,0.03827751196172249,0.03543256174835122,0.04934464148033924,4.526119402985074,0.480952060744111,0.061528150134048255,0.027211796246648795,0.04986595174262735,590506,0,0
203.0,209,226.957229,0.028708133971291867,0.03525560312263913,0.04607250755287009,4.485074626865671,0.48897946413971305,0.059115229022576016,0.02583844447344382,0.04489103484275088,568376,0,0
203.0,209,232.861542,0.028708133971291867,0.03508771929824561,0.03663003663003663,4.626865671641791,0.48053904010025117,0.056191202644291886,0.02517162471395881,0.04729214340198322,568897,0,0
205.0,209,238.797662,0.019138755980861243,0.034688995215311005,0.025735294117647058,4.6716417910447765,0.47253375108794365,0.055259571304671046,0.024903977202329328,0.04695824557056127,569531,0,0
194.0,209,244.986477,0.07177033492822966,0.03559341813513829,0.10487982520029134,4.66044776119403,0.4720639283057371,0.05456745311554749,0.024198427102238355,0.04500907441016334,581683,0,0
201.0,209,250.964493,0.03827751196172249,0.03565732513100934,0.058779761904761904,4.690298507462686,0.47882167923877694,0.05209071580439405,0.022442712024568864,0.0446491849751949,575059,0,0
194.0,209,257.031327,0.07177033492822966,0.036497162568154,0.07342922028766086,4.645522388059701,0.4811365047468812,0.050808314087759814,0.021131639722863742,0.041916859122401846,579769,0,0
201.0,209,263.093882,0.03827751196172249,0.03653762505437146,0.046142754145638065,4.58955223880597,0.4866388645616202,0.04943008689764135,0.020765150660196366,0.0376932626114434,581495,0,0
199.0,209,269.186547,0.04784688995215311,0.03678894205209995,0.06830985915492958,4.537313432835821,0.4855345118115769,0.04900662251655629,0.02196467991169978,0.03620309050772627,597194,0,0
201.0,209,275.245806,0.03827751196172249,0.03682130226752652,0.05601194921583271,4.5559701492537314,0.4938898990631572,0.04805096641831336,0.021272000863837598,0.035633300939423386,578615,0,0
203.0,209,281.291473,0.028708133971291867,0.03664868166547898,0.0481283422459893,4.675373134328358,0.48122811921122133,0.046386306001690615,0.020393068469991546,0.03581994928148774,585804,0,0
197.0,209,287.434453,0.05741626794258373,0.03708133971291866,0.0772626931567329,4.544776119402985,0.48859977716026665,0.0467860469930649,0.020805299658420453,0.036124624780043475,602727,0,0
196.0,209,293.56258,0.06220095693779904,0.03759398496240601,0.07106963388370424,4.544776119402985,0.4825986999239765,0.04656589225930811,0.020898853606574008,0.03571066247336918,603358,0,0
206.0,209,299.500977,0.014354066985645933,0.03712918660287081,0.0226928895612708,4.776119402985074,0.46676142788095826,0.045016396700785055,0.019874788830368677,0.03885521216337076,608009,0,0
207.0,209,305.543198,0.009569377990430622,0.03658879819870532,0.011160714285714286,4.742537313432836,0.47071309327098876,0.043622200584225904,0.019474196689386564,0.03631937682570594,590918,0,0
207.0,209,311.577173,0.009569377990430622,0.0360691939639308,0.006564551422319475,4.7164179104477615,0.4756125436952696,0.04266488498616016,0.018898539658299133,0.03731984346664122,588552,0,0
201.0,209,317.695847,0.03827751196172249,0.03611086034124763,0.05693430656934306,4.697761194029851,0.4758608261542562,0.04214272335643379,0.017980895298745084,0.03643004307922832,581396,0,0
199.0,209,323.800068,0.04784688995215311,0.036328194222931064,0.05667144906743185,4.705223880597015,0.4758644474808019,0.040912016180932244,0.018203548772639515,0.03649903466029236,581974,0,0
202.0,209,329.819579,0.03349282296650718,0.036276642018268815,0.0504334121355398,4.66044776119403,0.4818161210381519,0.039624514847910464,0.017059301380991064,0.03709721093961549,575527,0,0
208.0,209,335.813169,0.004784688995215311,0.03571428571428571,0.006588579795021962,4.652985074626866,0.4755746361157211,0.040843448214760346,0.016036147780632587,0.03402144059537521,583137,0,0
199.0,209,341.91638,0.04784688995215311,0.035927138420213216,0.0584144645340751,4.701492537313433,0.47379566996798816,0.039874629984328745,0.016541877067734634,0.03360612920076615,581009,0,0
199.0,209,348.000528,0.04784688995215311,0.03613265137766045,0.0679327976625274,4.615671641791045,0.4798782138225951,0.03876765083440308,0.016260162601626018,0.032520325203252036,571339,0,0
192.0,209,354.186292,0.08133971291866028,0.0368988727597113,0.08540925266903915,4.6940298507462686,0.46902833219232054,0.037804159299486405,0.015744716679296118,0.03039488086217058,578687,0,0
199.0,209,360.251762,0.04784688995215311,0.03708133971291866,0.06311044327573254,4.686567164179104,0.47057370830747713,0.03767803908579,0.015816495528320637,0.030639284531301755,583597,0,0
194.0,209,366.40388,0.07177033492822966,0.037650011765628676,0.08821402747650037,4.667910447761194,0.4756291725242027,0.036104319478402605,0.014751426242868786,0.029095354523227385,565909,0,0
199.0,209,372.375812,0.04784688995215311,0.03781447754283068,0.05612594113620808,4.634328358208955,0.4780721907020913,0.036570695324404524,0.014275402999438608,0.029272596038174673,569892,0,0
199.0,209,378.541011,0.04784688995215311,0.0379737221842485,0.06127080181543117,4.708955223880597,0.4689657612515082,0.036706662456583515,0.01484054310072624,0.0288127565519419,595519,0,0
201.0,209,384.620265,0.03827751196172249,0.03797846889952153,0.05205278592375367,4.753731343283582,0.4629361463544516,0.03551169477037843,0.014997280285958505,0.030538503380216023,609266,0,0
192.0,209,390.765386,0.08133971291866028,0.038645564961354434,0.10755813953488372,4.824626865671642,0.4569293194815281,0.03583186586019447,0.01477681647653319,0.030778654008115764,629728,0,0
194.0,209,396.873088,0.07177033492822966,0.039147455415398,0.08558211256746338,4.824626865671642,0.4617111753951126,0.03349679366276877,0.014937759336099586,0.02949830252734817,613847,0,0
207.0,209,402.790874,0.009569377990430622,0.03870599157323431,0.015071590052750565,4.58955223880597,0.48091917489956837,0.033204575843113954,0.014113801812509286,0.029490417471400982,588165,0,0
204.0,209,408.819959,0.023923444976076555,0.03848860118209963,0.03167420814479638,4.604477611940299,0.47258001189059223,0.03263573832869896,0.014268988731157617,0.031538123810917605,619310,0,0
205.0,209,414.720005,0.019138755980861243,0.03820816864295125,0.025914634146341462,4.742537313432836,0.4665912298675967,0.031216206473938433,0.014130199697210006,0.028332492250018024,611226,0,0
197.0,209,420.717997,0.05741626794258373,0.03848257006151743,0.08178438661710037,4.608208955223881,0.4760280308679579,0.03070798976400341,0.01350582883139039,0.02566107477964174,592173,0,0
196.0,209,426.819655,0.06220095693779904,0.03881663184850731,0.09025270758122744,4.597014925373134,0.4740888823311367,0.03217891194615816,0.014512058328659563,0.02404655075715087,639918,0,0
194.0,209,432.91207,0.07177033492822966,0.03927432216905901,0.09279881217520415,4.544776119402985,0.47932094293869887,0.03070964172084659,0.013833171946327293,0.024830543643657492,624409,0,0
196.0,209,439.074389,0.06220095693779904,0.03958838565904175,0.07858687815428983,4.574626865671642,0.47470024879979683,0.031186024293708203,0.013511669168827624,0.025317319503207314,630898,0,0
200.0,209,445.182923,0.0430622009569378,0.039635329109013316,0.06631892697466468,4.608208955223881,0.47822979309306923,0.029756294600780935,0.013127777029756295,0.02639019792648445,597079,0,0
201.0,209,451.260426,0.03827751196172249,0.03961722488038277,0.05511240029006526,4.652985074626866,0.4768293841326618,0.029026901361673862,0.01275323812686815,0.023713052142145467,593178,0,0
197.0,209,457.391692,0.05741626794258373,0.039851422815411736,0.07199424046076314,4.626865671641791,0.4730514396560366,0.03015997901914503,0.013113034356150013,0.023078940466824023,611944,0,0
204.0,209,463.459186,0.023923444976076555,0.039644565960355434,0.02936378466557912,4.615671641791045,0.4780222429422005,0.030020703933747412,0.01203416149068323,0.022709627329192548,602990,0,0
198.0,209,469.555192,0.05263157894736842,0.0398110661268556,0.0713737528779739,4.559701492537314,0.4894809021519084,0.028299476172224353,0.01194582854222563,0.023061198415740385,584456,0,0
200.0,209,475.60953,0.0430622009569378,0.03985221973229968,0.0573343261355175,4.5559701492537314,0.4897553411299231,0.026996341617257474,0.011227450485681847,0.023085656616626718,565141,0,0
193.0,209,481.773441,0.07655502392344497,0.04031100478468899,0.08747375787263821,4.597014925373134,0.48902330784520026,0.027045553686047236,0.011154732971895058,0.023742755655262664,573717,0,0
200.0,209,487.900923,0.0430622009569378,0.04034497016953157,0.06553755522827688,4.66044776119403,0.4835552491088293,0.025912476149442976,0.011448267372437988,0.024804579306948977,580307,0,0
192.0,209,494.077707,0.08133971291866028,0.04084490605671607,0.08782287822878229,4.626865671641791,0.4849712684169346,0.02567066123243506,0.011436218748099032,0.024393211265892088,582872,0,0
204.0,209,500.153222,0.023923444976076555,0.04064103303164812,0.03476331360946745,4.649253731343284,0.4796664995264989,0.024935408279757255,0.011235955056179775,0.02475515231628913,583380,0,0
203.0,209,506.239175,0.028708133971291867,0.04049897470950103,0.03911439114391144,4.567164179104478,0.48429387118495565,0.02510981835450552,0.01098183545055206,0.02528790217262258,570736,0,0
197.0,209,512.391412,0.05741626794258373,0.040698001688713764,0.0797872340425532,4.4888059701492535,0.48435134348542247,0.025112949598075456,0.011030921786070527,0.024878249134542042,583611,0,0
204.0,209,518.5065,0.023923444976076555,0.040502948703683095,0.0329512893982808,4.507462686567164,0.48310124730130644,0.02551168319127964,0.010900446454455847,0.024352061228039658,594842,0,0
199.0,209,524.635393,0.04784688995215311,0.0405873618214816,0.06091718001368925,4.548507462686567,0.4771608229076468,0.025220680958385876,0.011177347242921014,0.023730367992663075,612106,0,0
203.0,209,530.662462,0.028708133971291867,0.040452370595911266,0.041916167664670656,4.57089552238806,0.47725449204744785,0.024930590968326817,0.01087880333163352,0.023740721853929402,603858,0,0
206.0,209,536.684426,0.014354066985645933,0.04015913122950379,0.02266081871345029,4.514925373134329,0.48247900272852523,0.02469896387566508,0.010809297115653878,0.023074768972276675,595540,0,0
203.0,209,542.77383,0.028708133971291867,0.040031897926634766,0.03698435277382646,4.514925373134329,0.48825892260663367,0.02408904640602503,0.010300143980507255,0.02364602946062687,597295,0,0
205.0,209,548.791834,0.019138755980861243,0.0398023029601977,0.018953752843062926,4.600746268656716,0.47970657556297785,0.024475715928379785,0.009746481958057274,0.023654383179105294,602750,0,0
200.0,209,554.889838,0.0430622009569378,0.039837736634075305,0.046651617757712566,4.652985074626866,0.4738877983280461,0.02426474570763148,0.010345014353030386,0.021664951524670965,611854,0,0
195.0,209,561.031377,0.06698564593301436,0.040129649637289704,0.0911144578313253,4.720149253731344,0.4698213908861007,0.02422553328331011,0.010451280951870512,0.020045020902561904,628302,0,0
203.0,209,567.070628,0.028708133971291867,0.04000814415148122,0.029454022988505746,4.757462686567164,0.4638184395525498,0.024441970203064524,0.010762950002650973,0.02147288054716081,634370,0,0
197.0,209,573.22533,0.05741626794258373,0.04019138755980861,0.06754658385093168,4.720149253731344,0.46835608360793185,0.023926959806905238,0.009864623780039878,0.021093504040298038,626311,0,0
204.0,209,579.312245,0.023923444976076555,0.0400219298245614,0.03096410978184377,4.708955223880597,0.47255228204445804,0.02351780708129997,0.009708233828262901,0.020973938324161563,613247,0,0
202.0,209,585.328126,0.03349282296650718,0.039954619444581466,0.05850234009360374,4.753731343283582,0.46970609883342823,0.022451705713111385,0.00919646526921496,0.019985614467735308,584624,0,0
198.0,209,591.379021,0.05263157894736842,0.04008397617420174,0.08705193855157278,4.623134328358209,0.47568299299487804,0.022785067643169565,0.0091547146780592,0.019631777031838063,590516,0,0
200.0,209,597.451768,0.0430622009569378,0.040114059252815235,0.05791788856304985,4.518656716417911,0.49563324174981216,0.021347296344778974,0.00876044708488571,0.01762158896385057,548733,0,0
205.0,209,603.458243,0.019138755980861243,0.03990430622009569,0.02885345482156416,4.652985074626866,0.486209426190517,0.02068071958937559,0.009069616783774355,0.01833856580455474,567343,0,0
201.0,209,609.55135,0.03827751196172249,0.039888199346250416,0.0440852314474651,4.585820895522388,0.48550680226537296,0.02037694888494178,0.008486283797118611,0.01869942766923229,555922,0,0
204.0,209,615.593996,0.023923444976076555,0.03973168214654283,0.02627939142461964,4.626865671641791,0.48430928471269,0.020662368112543964,0.008499413833528723,0.01787807737397421,564454,0,0
202.0,209,621.756023,0.03349282296650718,0.039671110698192964,0.03907380607814761,4.757462686567164,0.47090780912694996,0.020412111831285672,0.008803327851407566,0.016977846570571734,584101,0,0
191.0,209,627.95077,0.0861244019138756,0.04011777695988222,0.10349854227405247,4.656716417910448,0.4764387336719326,0.020416966211358734,0.008626887131560028,0.01653486700215672,594358,0,0
195.0,209,634.023533,0.06698564593301436,0.040373661426293006,0.09468822170900693,4.686567164179104,0.47513341834702166,0.019753086419753086,0.008879392212725545,0.01638176638176638,590995,0,0
198.0,209,639.984529,0.05263157894736842,0.040489302157623905,0.076163610719323,4.7164179104477615,0.47410510112801846,0.019616144510302004,0.008749647191645497,0.01467682754727632,589069,0,0
201.0,209,645.906324,0.03827751196172249,0.040468631221213615,0.05425772418990203,4.67910447761194,0.4781043078800605,0.020038212405051492,0.008900694347360082,0.015191761032666947,604744,0,0
193.0,209,652.013252,0.07655502392344497,0.040802764486975014,0.10530421216848673,4.772388059701493,0.46991279142361997,0.019582486606318124,0.008959911324588952,0.0149177905043414,609881,0,0
194.0,209,658.157144,0.07177033492822966,0.04108687063781221,0.09540150995195608,4.869402985074627,0.46222313351051825,0.01954591229515701,0.008559919436052367,0.014693765449052458,629172,0,0
206.0,209,664.142251,0.014354066985645933,0.04084384515006525,0.016224188790560472,4.895522388059701,0.4594851166366555,0.019227280972247414,0.008071830219481227,0.01496462905858879,612667,0,0
203.0,209,670.051915,0.028708133971291867,0.04073451441872494,0.04829770387965162,4.742537313432836,0.4760930046641895,0.018153223994607955,0.007593799146259268,0.013884520332509549,570383,0,0
206.0,209,675.91678,0.014354066985645933,0.04049897470950103,0.0191625266146203,4.585820895522388,0.4857093102559859,0.018031254173901428,0.007791282667735186,0.013757179110458127,563973,0,0
207.0,209,681.923977,0.009569377990430622,0.04022526146419952,0.01720269259536275,4.652985074626866,0.47777533769021224,0.018440091759308275,0.008205399682371625,0.013763896241397565,587060,0,0
206.0,209,687.975803,0.014354066985645933,0.03999832116175606,0.02147239263803681,4.66044776119403,0.4792678426882441,0.018142869633645187,0.0074757366442248846,0.013333916236775378,555366,0,0
205.0,209,694.06833,0.019138755980861243,0.039816933638443935,0.02471042471042471,4.604477611940299,0.4862707760937919,0.017808397244248018,0.007366003726331297,0.013475453875817844,545771,0,0
197.0,209,700.169995,0.05741626794258373,0.039968652037617555,0.09057437407952872,4.544776119402985,0.4934434283814059,0.018173225640144355,0.006831070630692559,0.01336140230280117,548242,0,0
198.0,209,706.287857,0.05263157894736842,0.04007688218214534,0.06697819314641744,4.567164179104478,0.49223990447030647,0.01801993695152083,0.006645650506943853,0.013504302632700008,549322,0,0
200.0,209,712.411957,0.0430622009569378,0.04010218149379612,0.05851063829787234,4.485074626865671,0.5058993112428656,0.01761426037002619,0.006378305313846414,0.013516938413449354,542840,0,0
205.0,209,718.492043,0.019138755980861243,0.03992601825419163,0.03314917127071823,4.608208955223881,0.48836057352027845,0.01813308765023661,0.006867959294777838,0.01457347460111395,565000,0,0
198.0,209,724.692989,0.05263157894736842,0.040031897926634766,0.07956989247311828,4.41044776119403,0.5080937008071922,0.017983968102338332,0.006520745940108818,0.014785895252730823,545901,0,0
205.0,209,730.747916,0.019138755980861243,0.0398592273320416,0.021374045801526718,4.477611940298507,0.5041050964690648,0.017914504571287373,0.007001070751997364,0.014784614117453257,553621,0,0
200.0,209,736.790356,0.0430622009569378,0.03988548121421288,0.055353241077931534,4.41044776119403,0.5071927703807699,0.017727309860305532,0.00755657217547586,0.01511314435095172,554346,0,0
206.0,209,742.777456,0.014354066985645933,0.0396779087408099,0.020114942528735632,4.350746268656716,0.5096722713283284,0.017417368762151653,0.00741250810110175,0.015108554763447829,541939,0,0
201.0,209,748.833568,0.03827751196172249,0.0396666152183979,0.04893617021276596,4.361940298507463,0.5095721207758006,0.01783920607497288,0.0074330025312387,0.014022258829201655,547355,0,0
201.0,209,754.979976,0.03827751196172249,0.0396555023923445,0.05420827389443652,4.3283582089552235,0.5136846602611339,0.0178158628935831,0.0074531685930649665,0.014188919888401754,543055,0,0
196.0,209,761.136863,0.06220095693779904,0.039834434571276674,0.08142857142857143,4.455223880597015,0.5012889621741512,0.017361385747053707,0.007316301510717393,0.01486988847583643,549267,0,0
201.0,209,767.273593,0.03827751196172249,0.03982217533813058,0.05128205128205128,4.313432835820896,0.5113742574108538,0.01777376701848001,0.006944716914505434,0.014517204849531134,543536,0,0
208.0,209,773.221647,0.004784688995215311,0.039548444976076555,0.0052044609665427505,4.414179104477612,0.50857411190561,0.017085035999221638,0.006810663553220471,0.014944541739638061,529044,0,0
202.0,209,779.322208,0.03349282296650718,0.03950150216980082,0.03701015965166909,4.503731343283582,0.4974427867817345,0.01625670927134417,0.007066455574004711,0.015986407692010658,522573,0,0
202.0,209,785.358917,0.03349282296650718,0.03945528156054472,0.048672566371681415,4.440298507462686,0.5025029400006567,0.01685888348212575,0.00701176290279321,0.015441204643856087,547215,0,0
199.0,209,791.415181,0.04784688995215311,0.03951933963986997,0.06226834692364715,4.503731343283582,0.4999649197638539,0.01642710472279261,0.0072248840215986005,0.014487793748574037,546893,0,0
191.0,209,797.646173,0.0861244019138756,0.03987240829346093,0.10293066476054324,4.529850746268656,0.5019945304670764,0.016572917059911662,0.007248291743742686,0.014421080448488052,572963,0,0
205.0,209,803.703928,0.019138755980861243,0.0397165161708098,0.02259475218658892,4.582089552238806,0.49385567626330523,0.016071027197122948,0.007417397167902899,0.014797332733947703,580703,0,0
195.0,209,809.838611,0.06698564593301436,0.03992001713918446,0.09757785467128027,4.503731343283582,0.49468338001797146,0.016475138532485403,0.007437985793447135,0.01435531258135297,588605,0,0
202.0,209,815.946246,0.03349282296650718,0.03987240829346093,0.050512445095168376,4.600746268656716,0.4863257426324558,0.01635229411981839,0.006939574028275073,0.014137536451219962,586970,0,0
191.0,209,822.125941,0.0861244019138756,0.04021249648184633,0.11314125087842586,4.664179104477612,0.47387481949346755,0.017190821787259,0.007147569826259072,0.014551719082178725,604360,0,0
200.0,209,828.241781,0.0430622009569378,0.040233297244438235,0.05695266272189349,4.8059701492537314,0.4615513344171125,0.016483516483516484,0.007095553453169348,0.013681682555854741,602566,0,0
201.0,209,834.2187,0.03827751196172249,0.040219124887317104,0.051036682615629984,4.757462686567164,0.4694485758864782,0.015930354369107395,0.007080157497381064,0.013654589459234909,588118,0,0
197.0,209,840.232749,0.05741626794258373,0.040342845340952116,0.07049418604651163,4.604477611940299,0.47888139135276686,0.015961262553802008,0.007137733142037302,0.012840746054519368,597869,0,0
207.0,209,846.125577,0.009569377990430622,0.04012303485987696,0.016755521706016754,4.727611940298507,0.46828804638850824,0.015558799444582903,0.007120732011250757,0.012354470039520062,599978,0,0
204.0,209,852.204981,0.023923444976076555,0.04000814415148122,0.030642750373692077,4.757462686567164,0.46230263695680046,0.014951751440387403,0.006892651373228235,0.013502527305503517,589087,0,0
200.0,209,858.344038,0.0430622009569378,0.04002965159377316,0.058383233532934134,4.604477611940299,0.4714499070515827,0.014671299708679935,0.006879365413639395,0.013126952370924152,579425,0,0
207.0,209,864.344348,0.009569377990430622,0.039816642687456084,0.015395894428152493,4.5783582089552235,0.47976394546187046,0.014879085650567983,0.006481287894626803,0.012161126210885775,558596,0,0
204.0,209,870.395186,0.023923444976076555,0.039706273258904835,0.02601156069364162,4.75,0.46041183734652935,0.014981662168708047,0.007058335063317417,0.012767282541000622,587856,0,0
194.0,209,876.585645,0.07177033492822966,0.039927404718693285,0.09940209267563528,4.742537313432836,0.4594363295555258,0.014813032719274127,0.006976904041792686,0.011616717074511961,605325,0,0
196.0,209,882.715453,0.06220095693779904,0.04007996329553647,0.09192825112107623,4.675373134328358,0.47006924757208346,0.014474941963676088,0.006315717602075652,0.010275843233647412,573116,0,0
193.0,209,888.857369,0.07655502392344497,0.04032809295967191,0.0801781737193764,4.6716417910447765,0.4726092735041695,0.014346277768356792,0.006477870103442428,0.010039002882821774,579912,0,0
199.0,209,894.810115,0.04784688995215311,0.04037889564205353,0.058365758754863814,4.604477611940299,0.4727459123010553,0.014923864708260343,0.006501819161838027,0.010106454655706778,605661,0,0
201.0,209,900.732331,0.03827751196172249,0.04036479239587682,0.05632716049382716,4.619402985074627,0.46788152782137676,0.014622720428308516,0.006826166973398026,0.010607328091015559,611050,0,0
203.0,209,906.667688,0.028708133971291867,0.04028708133971292,0.026509572901325478,4.623134328358209,0.4641498391705839,0.014723477798457858,0.007045998404679606,0.011233714437649561,627128,0,0
198.0,209,912.669586,0.05263157894736842,0.04036883297949872,0.07205240174672489,4.708955223880597,0.4628247739947397,0.01406590503863171,0.006801822624314865,0.011721587532193092,606935,0,0
198.0,209,918.603774,0.05263157894736842,0.040449508939813646,0.065738592420727,4.667910447761194,0.4625796769086133,0.014433801338407033,0.00659362288413594,0.011448628788872851,611898,0,0
205.0,209,924.535887,0.019138755980861243,0.04031022297276167,0.030545454545454546,4.705223880597015,0.4700740954521513,0.014435139626576297,0.00615855844113526,0.01049235882563785,592818,0,0
203.0,209,930.644901,0.028708133971291867,0.040234884732492385,0.03820720058780309,4.638059701492537,0.46870789655042766,0.014761103198239027,0.006118088825585912,0.011167939919720316,605669,0,0
201.0,209,936.627854,0.03827751196172249,0.04022225652106807,0.0460431654676259,4.548507462686567,0.4813506596313049,0.01440838774000579,0.005917730678930949,0.010774129225227544,587169,0,0
198.0,209,942.751632,0.05263157894736842,0.04030180345969819,0.0704647676161919,4.582089552238806,0.47629130840200296,0.014636796522961874,0.005752452781950082,0.01013070851043431,580272,0,0
204.0,209,948.835087,0.023923444976076555,0.04019748270502545,0.03786707882534776,4.641791044776119,0.47591664468507283,0.01441498650579457,0.00555643752976663,0.009874583267185268,575595,0,0
202.0,209,954.981897,0.03349282296650718,0.04015504814971837,0.05065123010130246,4.645522388059701,0.47532917437624145,0.014323122062024797,0.0056787708615957345,0.009717007918730479,564515,0,0
199.0,209,961.138144,0.04784688995215311,0.040203424513255696,0.0797592174567344,4.630597014925373,0.47689533036371423,0.014327815400050164,0.005706044645096564,0.010189365437672435,581444,0,0
205.0,209,967.230518,0.019138755980861243,0.04007177033492823,0.0248403122782115,4.615671641791045,0.4734604539641147,0.0145166817233108,0.005513846920656677,0.010435811968474502,585810,0,0
202.0,209,973.360297,0.03349282296650718,0.04003090730779518,0.04626865671641791,4.619402985074627,0.4751984768618532,0.014054422189889485,0.0056031947497136485,0.010339596941460546,595560,0,0
206.0,209,979.418038,0.014354066985645933,0.03987240829346093,0.025449101796407185,4.656716417910448,0.4764622675797495,0.014026884862653419,0.005690731797348427,0.010151035097972869,597829,0,0
201.0,209,985.598131,0.03827751196172249,0.03986262365338891,0.0468299711815562,4.664179104477612,0.4761556008280656,0.01339040048914705,0.005839192907367777,0.010333231427697952,585390,0,0
203.0,209,991.680622,0.028708133971291867,0.03979460847240052,0.04447974583002383,4.6716417910447765,0.4774831793331576,0.013216662109196973,0.005408197368820831,0.010421414030930028,578716,0,0
205.0,209,997.710871,0.019138755980861243,0.03966942148760331,0.01968205904617714,4.4888059701492535,0.4941786264659062,0.012923485717736579,0.005133160214988827,0.01062866115103569,550640,0,0
196.0,209,1003.893101,0.06220095693779904,0.03980515362886954,0.07513555383423702,4.537313432835821,0.4933125518454952,0.012667347061295551,0.005162994536831362,0.01026595425346701,544168,0,0
204.0,209,1009.97647,0.023923444976076555,0.03971005357705641,0.026203966005665724,4.4888059701492535,0.4960530257846514,0.012918431887344114,0.00542991825287905,0.010292976907930067,561149,0,0
199.0,209,1016.094408,0.04784688995215311,0.03975848712690818,0.056802244039270686,4.477611940298507,0.49641986235957103,0.012901503692499332,0.005664798173028443,0.010439837470712103,565324,0,0
204.0,209,1022.089141,0.023923444976076555,0.039664788652642904,0.030814380044020543,4.597014925373134,0.486117652318806,0.01244067097078506,0.005571769700185725,0.010966657822587777,573159,0,0
198.0,209,1028.056368,0.05263157894736842,0.0397410638896707,0.07280832095096583,4.585820895522388,0.486449942288446,0.012690876051466925,0.0055394355051437616,0.010551305724083356,577603,0,0
195.0,209,1034.054195,0.06698564593301436,0.03990038893085984,0.07757296466973887,4.574626865671642,0.4811888943946787,0.012997610304831847,0.005595383808358104,0.010637057760680772,585926,0,0
205.0,209,1039.970847,0.019138755980861243,0.0397796817625459,0.016442451420029897,4.574626865671642,0.4881751100537982,0.012485877342912599,0.00530142819896289,0.010458008632926794,562627,0,0
205.0,209,1045.878901,0.019138755980861243,0.03966037005282518,0.02604920405209841,4.712686567164179,0.47433301330335476,0.012239373344084783,0.005298928694850823,0.011087432323465039,568355,0,0
200.0,209,1051.864932,0.0430622009569378,0.039679920805147664,0.05337286879169755,4.858208955223881,0.46124745281761653,0.012484251517581034,0.0051254151872637725,0.011253006528461803,587772,0,0
197.0,209,1057.867938,0.05741626794258373,0.03978127136021873,0.0897239263803681,4.802238805970149,0.46326126492447833,0.01264200905441189,0.005182084792574243,0.011389197346317019,597994,0,0
203.0,209,1063.828805,0.028708133971291867,0.03971835580687255,0.038267148014440436,4.802238805970149,0.4683744742736798,0.012824142226248444,0.005208923111765372,0.01061601177669573,597331,0,0
189.0,209,1069.947094,0.09569377990430622,0.04003460114075636,0.125193199381762,4.720149253731344,0.47953726698318344,0.012417987779123138,0.005096725142905415,0.010615830822515698,588491,0,0
201.0,209,1076.012989,0.03827751196172249,0.040024729853233694,0.040769230769230766,4.813432835820896,0.47538431842261547,0.012348098784790278,0.004984039872318978,0.011060088480707846,590319,0,0
189.0,209,1082.157077,0.09569377990430622,0.04033573013284863,0.11353711790393013,4.619402985074627,0.48693132148579005,0.012895858284822995,0.004985655794780381,0.010528368102944044,592295,0,0
193.0,209,1088.250159,0.07655502392344497,0.040536948431685274,0.09328358208955224,4.656716417910448,0.4849184764854913,0.012632978723404254,0.005236037234042553,0.010333554964539008,591162,0,0
201.0,209,1094.351072,0.03827751196172249,0.04052446535726559,0.047857142857142855,4.630597014925373,0.4852443585295007,0.012342617847205003,0.005014188500427032,0.010606937212441799,574840,0,0
205.0,209,1100.379821,0.019138755980861243,0.040406961459593035,0.02283464566929134,4.675373134328358,0.48124464039668924,0.012108925538326668,0.00506821544024985,0.01101309517286724,576586,0,0
204.0,209,1106.42887,0.023923444976076555,0.04031688759902737,0.03754512635379061,4.742537313432836,0.47793167535054354,0.011660219037759495,0.005012804446139596,0.010407017926224595,565634,0,0
206.0,209,1112.455122,0.014354066985645933,0.040175785313085084,0.014264264264264264,4.764925373134329,0.47038721451794496,0.0116222366710013,0.004984828781967924,0.010565669700910272,566949,0,0
203.0,209,1118.521975,0.028708133971291867,0.04011379800853485,0.03655750190403656,4.75,0.46779936428630364,0.012016704836319548,0.0049306210427051056,0.011046746598410347,591280,0,0
194.0,209,1124.709993,0.07177033492822966,0.040283994443586976,0.08710801393728224,4.638059701492537,0.4718519093640145,0.012329464740411161,0.00506580181725589,0.01085528960840548,607408,0,0
196.0,209,1130.864248,0.06220095693779904,0.040401197451577414,0.09044862518089725,4.567164179104478,0.48002387660773255,0.012158378882815625,0.004959338754832689,0.011011865084655379,614417,0,0
194.0,209,1137.133261,0.07177033492822966,0.04056805456581492,0.08433734939759036,4.615671641791045,0.47528236737396995,0.012201915170163665,0.005199076898591474,0.011273508581129472,627443,0,0
195.0,209,1143.310952,0.06698564593301436,0.040707830181514394,0.08358662613981763,4.529850746268656,0.48308193266875427,0.012191903731461446,0.005013986383068559,0.011347442866944635,607149,0,0
197.0,209,1149.427276,0.05741626794258373,0.040795769327625284,0.05657604702424688,4.440298507462686,0.4917589107831164,0.012312619778950408,0.005040560762384815,0.011630043842377464,609819,0,0
206.0,209,1155.432826,0.014354066985645933,0.040657331095468326,0.01989683124539425,4.4888059701492535,0.48856848731948715,0.012063608115518187,0.0050656709402825285,0.010261900409953782,599237,0,0
201.0,209,1161.543774,0.03827751196172249,0.040644936204146734,0.05627705627705628,4.548507462686567,0.4873549471831768,0.011351239025403918,0.005221050444178918,0.010026494882851057,585500,0,0
202.0,209,1167.610366,0.03349282296650718,0.04060787862260456,0.047261815453863466,4.623134328358209,0.48513727682159635,0.011162790697674419,0.0051162790697674414,0.009664082687338501,575099,0,0
199.0,209,1173.653482,0.04784688995215311,0.040645193113993984,0.058059587471352175,4.611940298507463,0.48388009483841854,0.011157099154219903,0.00516722794930461,0.009357567032571531,585740,0,0
200.0,209,1179.759978,0.0430622009569378,0.04065758802600908,0.05446293494704992,4.552238805970149,0.48988297241484796,0.01115118033709302,0.004706002711066779,0.00951430982889588,566606,0,0
204.0,209,1185.769396,0.023923444976076555,0.04057220974514208,0.032944406314344546,4.604477611940299,0.47702552878482596,0.011602167773452408,0.0051141134264559955,0.009083276085794978,591768,0,0
191.0,209,1191.787386,0.0861244019138756,0.04080343914701382,0.12354312354312354,4.529850746268656,0.48504738688912397,0.011343495214462956,0.004912138552691548,0.009444472578113131,580810,0,0
194.0,209,1197.788661,0.07177033492822966,0.040959837610555314,0.07886904761904762,4.5111940298507465,0.48940800504225185,0.011162064099979843,0.004938520459584761,0.009751058254384196,589103,0,0
203.0,209,1203.744708,0.028708133971291867,0.04089827126060926,0.0410958904109589,4.4664179104477615,0.49046724972331857,0.010879647038179037,0.005063798851871349,0.009676368103080896,590917,0,0
207.0,209,1209.717682,0.009569377990430622,0.04074162679425837,0.011895910780669145,4.470149253731344,0.498097062619117,0.010499276771908823,0.004513940844929921,0.00937702628560028,545744,0,0
202.0,209,1215.81806,0.03349282296650718,0.0407055630936228,0.03768318213538032,4.4888059701492535,0.4933808670465734,0.009950372208436725,0.004640198511166253,0.008833746898263028,544942,0,0
203.0,209,1221.860854,0.028708133971291867,0.04064616988014591,0.03555878084179971,4.462686567164179,0.4929431264558149,0.010468360368367775,0.0043700466632101325,0.008567266622225515,548006,0,0
206.0,209,1227.795253,0.014354066985645933,0.04051665213189714,0.021354933726067747,4.436567164179104,0.49797251112460234,0.010611904001572133,0.004323368296936796,0.008474784445699967,548762,0,0
204.0,209,1233.67605,0.023923444976076555,0.04043531288113331,0.02608695652173913,4.537313432835821,0.4887053537023304,0.010510106812015741,0.004497348031188131,0.008921369735780803,560336,0,0
205.0,209,1239.559514,0.019138755980861243,0.040331427237717356,0.019844082211197732,4.652985074626866,0.47341817114545687,0.01045770708692057,0.0046451675665158815,0.009776740113818766,581142,0,0
196.0,209,1245.599596,0.06220095693779904,0.04043759000325173,0.08597603946441155,4.57089552238806,0.48112796173189015,0.010601733068693421,0.004405286343612335,0.009004211647383454,578859,0,0
193.0,209,1251.768196,0.07655502392344497,0.040612070360354115,0.09090909090909091,4.585820895522388,0.4808242873927631,0.0105283446165707,0.004481171850531236,0.008528681909075578,583963,0,0
199.0,209,1257.903978,0.04784688995215311,0.040646853146853144,0.06334519572953737,4.529850746268656,0.4834089543214419,0.010669927588356592,0.004579676785114852,0.008416055243849805,595173,0,0
199.0,209,1263.883,0.04784688995215311,0.04068130308372061,0.06113843991567112,4.41044776119403,0.4949746985251735,0.010762438849779262,0.004462474645030426,0.009211311299367617,597775,0,0
205.0,209,1269.741246,0.019138755980861243,0.04057871952608795,0.033432392273402674,4.507462686567164,0.4853003043855849,0.01049631916409404,0.0047494656851104254,0.0089289954880076,590504,0,0
199.0,209,1275.806129,0.04784688995215311,0.04061316583142475,0.06574141709276844,4.492537313432836,0.4897673372832949,0.010565127986953131,0.004656219716845116,0.008579734808196838,605017,0,0
202.0,209,1281.764991,0.03349282296650718,0.040579579308477026,0.042709867452135494,4.451492537313433,0.4875344862977928,0.010773682105807909,0.004798757968525793,0.008938862882548046,608273,0,0
198.0,209,1287.702309,0.05263157894736842,0.04063616146640609,0.06323529411764706,4.458955223880597,0.4908791076825106,0.010793977850101851,0.004799925074340303,0.00889742208902105,597715,0,0
206.0,209,1293.624198,0.014354066985645933,0.040513347940795065,0.01849217638691323,4.630597014925373,0.4768647585018597,0.010509145986251894,0.004730280787603402,0.008668297797972737,604043,0,0
206.0,209,1299.498419,0.014354066985645933,0.04039167686658507,0.027152831652443754,4.615671641791045,0.4767448034325509,0.010435750562371003,0.004545349133832703,0.008557315461144223,589733,0,0
209.0,209,1305.366391,0.0,0.0402046783625731,0.0,4.6716417910447765,0.4753695818337083,0.010523886452804061,0.004408031387029772,0.007846757442880221,580796,0,0
194.0,209,1311.378387,0.07177033492822966,0.04035014221771437,0.0996415770609319,4.645522388059701,0.48069297192051585,0.010178292436356953,0.004365407591214043,0.008110467787887142,577446,0,0
200.0,209,1317.341035,0.0430622009569378,0.04036258285413283,0.055347793567688854,4.6940298507462686,0.47642593708361475,0.00999451102369408,0.004231085902479188,0.008507913274174366,578881,0,0
205.0,209,1323.287104,0.019138755980861243,0.0402656704026567,0.025436046511627907,4.615671641791045,0.48184097846316226,0.00999339843838922,0.004234105033121628,0.008126749982926996,561800,0,0
209.0,209,1329.290877,0.0,0.04008264462809917,0.0,4.690298507462686,0.478818882105326,0.009492953917259505,0.004100774842539309,0.008405455616475599,551893,0,0
203.0,209,1335.297773,0.028708133971291867,0.04003117625408647,0.04411764705882353,4.675373134328358,0.47875458981265695,0.009584808642114521,0.00403689587514941,0.008366974132292912,564466,0,0
202.0,209,1341.230951,0.03349282296650718,0.040001724212250525,0.05163636363636363,4.723880597014926,0.47152681952420106,0.009473991424017243,0.004130839862604674,0.007857575825606717,561792,0,0
207.0,209,1347.140791,0.009569377990430622,0.03986525629197331,0.017597551644988524,4.809701492537314,0.4633220013909547,0.009519553072625699,0.004022346368715084,0.00829050279329609,559602,0,0
200.0,209,1353.172423,0.0430622009569378,0.03987952836637047,0.06166783461807989,4.6940298507462686,0.47411462859417947,0.00967741935483871,0.0040489432703003335,0.008186874304783093,565281,0,0
196.0,209,1359.30979,0.06220095693779904,0.03997873471557682,0.08167770419426049,4.615671641791045,0.4785021779165242,0.009923359766092234,0.004208567757940903,0.007974128383466974,576640,0,0
204.0,209,1365.353458,0.023923444976076555,0.039907693610534783,0.031587057010785825,4.597014925373134,0.48192626220803786,0.009812568908489526,0.004167585446527012,0.008114663726571113,567750,0,0
197.0,209,1371.432675,0.05741626794258373,0.03998482389393588,0.07412790697674419,4.652985074626866,0.47286305637488024,0.009835993589039893,0.004127604452543526,0.007728280677102773,585923,0,0
196.0,209,1377.456312,0.06220095693779904,0.04008226307395282,0.08732999284180387,4.630597014925373,0.4697989131761243,0.009946877117810376,0.0044378374833307825,0.007979362962639092,622669,0,0
204.0,209,1383.391792,0.023923444976076555,0.04001170054950795,0.030598052851182198,4.611940298507463,0.47324355704579846,0.009924478203147104,0.004483426556684876,0.008357455328965983,620996,0,0
208.0,209,1389.288142,0.004784688995215311,0.03985853962970668,0.008553100498930863,4.604477611940299,0.47196266208346416,0.009684757881052974,0.00439822337774889,0.008493121005308201,603895,0,0
205.0,209,1395.208061,0.019138755980861243,0.03976884359659479,0.02389572773352643,4.585820895522388,0.4712342109945986,0.009620362381363243,0.004465056082830026,0.008951682484900777,601399,0,0
199.0,209,1401.327452,0.04784688995215311,0.039803662761920475,0.06031976744186047,4.544776119402985,0.47165746987130797,0.009622199789514379,0.004252668656972873,0.009407418544212719,603874,0,0
205.0,209,1407.363421,0.019138755980861243,0.0397149721748773,0.02744546094299789,4.57089552238806,0.4751526850140089,0.009644170729621076,0.004148490291677359,0.008852963818321785,597842,0,0
204.0,209,1413.464626,0.023923444976076555,0.03964748701590807,0.026224982746721876,4.597014925373134,0.4774719637965508,0.009282916027933913,0.0040453074433656954,0.009027422926247659,587299,0,0
199.0,209,1419.579475,0.04784688995215311,0.03968237809223252,0.06296296296296296,4.5559701492537314,0.4853165756663354,0.00918014713676935,0.0039010325015370914,0.00831089532936163,575093,0,0
205.0,209,1425.578001,0.019138755980861243,0.03959532884599789,0.03054662379421222,4.477611940298507,0.488537673118872,0.00926707759858144,0.003926370007599426,0.00757831630499029,594805,0,0
202.0,209,1431.540782,0.03349282296650718,0.03956957987604223,0.043343653250773995,4.582089552238806,0.4807438014674293,0.008975490814310337,0.004161937192584185,0.007882456804136713,601131,0,0
206.0,209,1437.459663,0.014354066985645933,0.039463632342889306,0.023556231003039513,4.615671641791045,0.47893250144404836,0.00887400586019255,0.00401841774801172,0.008162411050648808,585521,0,0
193.0,209,1443.455508,0.07655502392344497,0.03961882644992092,0.08837525492861999,4.664179104477612,0.47417844109143586,0.008879994997185918,0.004043941383694995,0.007962812415316949,584827,0,0
197.0,209,1449.40084,0.05741626794258373,0.03969298245614035,0.0668716372021522,4.5783582089552235,0.48579042144114293,0.008988997301224828,0.0039858833298733656,0.007722648951629645,572768,0,0
206.0,209,1455.320779,0.014354066985645933,0.03958784172804701,0.01944652206432311,4.649253731343284,0.48158080235664436,0.008950719364974368,0.003927567388787829,0.008123863072597982,583087,0,0
204.0,209,1461.241377,0.023923444976076555,0.03952311281584879,0.029061102831594635,4.5559701492537314,0.48459903381064,0.009201317414573898,0.003787566899958831,0.00792507204610951,586755,0,0
203.0,209,1467.187376,0.028708133971291867,0.03947860673006872,0.03722261989978525,4.615671641791045,0.4773980231774532,0.009224524936965746,0.003771805752003772,0.008138080888834226,590637,0,0
207.0,209,1473.040044,0.009569377990430622,0.039356027923758724,0.010844306738962044,4.4888059701492535,0.49200362761965555,0.009124311083894672,0.003939579506021637,0.008205756276791182,578221,0,0
209.0,209,1478.962641,0.0,0.039195391075090326,0.0,4.503731343283582,0.488809839662876,0.008963596821073599,0.0037399134128742453,0.008353828329844102,569810,0,0
208.0,209,1484.957464,0.004784688995215311,0.039055510172326606,0.008233532934131737,4.5111940298507465,0.4830635481503359,0.009229461412350476,0.0038456089218126986,0.007832898172323759,586149,0,0
202.0,209,1490.966281,0.03349282296650718,0.039032989171493324,0.050623052959501556,4.402985074626866,0.490100670348217,0.009373299199741982,0.0037291620472091756,0.008022737809671632,594546,0,0
195.0,209,1497.078015,0.06698564593301436,0.03914570149714462,0.07342143906020558,4.417910447761194,0.4882754685959886,0.009336599469922095,0.0037948759135812385,0.007991325997911814,604554,0,0
197.0,209,1503.229131,0.05741626794258373,0.03921907726600181,0.06138472519628837,4.567164179104478,0.4777123698429487,0.009019819603607928,0.0039799204015919685,0.008499830003399931,616076,0,0
201.0,209,1509.263822,0.03827751196172249,0.03921531100478469,0.0575801749271137,4.652985074626866,0.4754919849836092,0.008943866778216007,0.003864387872993108,0.008286522449304808,604370,0,0
200.0,209,1515.222641,0.0430622009569378,0.039230637259574146,0.06199854121079504,4.667910447761194,0.4830939063239949,0.008690131343994286,0.003710170231340026,0.00797587397325503,595860,0,0
203.0,209,1521.135362,0.028708133971291867,0.039188881294144454,0.036532951289398284,4.697761194029851,0.4759849267674341,0.008734314791028555,0.003675526133781247,0.008161248888449758,594302,0,0
193.0,209,1527.270501,0.07655502392344497,0.03933657355750137,0.10034129692832765,4.675373134328358,0.4747345145030321,0.008740501594550967,0.0038977912516240795,0.0075987243592267415,616978,0,0
197.0,209,1533.251098,0.05741626794258373,0.03940775345665524,0.06916019760056458,4.742537313432836,0.4696696331256457,0.008706735954505343,0.003804294538680263,0.007510540249044024,616495,0,0
192.0,209,1539.391536,0.08133971291866028,0.039572192513368985,0.10198092443140132,4.686567164179104,0.4734464162280799,0.009064801609783735,0.0037118799695235118,0.0072479340457538045,633669,0,0
203.0,209,1545.503775,0.028708133971291867,0.039529754784688995,0.03507462686567164,4.630597014925373,0.48125505213538156,0.008834403580463125,0.0037750535123564897,0.007160926250243238,623118,0,0
205.0,209,1551.441047,0.019138755980861243,0.039450412376892,0.03007518796992481,4.705223880597015,0.4715096242859859,0.0085667215815486,0.0037794359918596762,0.006802984785347417,612306,0,0
199.0,209,1557.531409,0.04784688995215311,0.039482956863617816,0.060014461315979754,4.638059701492537,0.4808038793908352,0.008244198169672163,0.003591149554002394,0.006796153994671197,588013,0,0
205.0,209,1563.626299,0.019138755980861243,0.03940440782546046,0.024655547498187092,4.597014925373134,0.47938494665995246,0.008269389795957614,0.003480836169926345,0.006711667532067925,589063,0,0
205.0,209,1569.71926,0.019138755980861243,0.03932646301067354,0.0234192037470726,4.522388059701493,0.49328522937257924,0.00831353919239905,0.0034097004060991494,0.006321354685464716,570766,0,0
201.0,209,1575.794869,0.03827751196172249,0.03932244404113733,0.04769001490312966,4.6716417910447765,0.4783869804032829,0.008338898960022899,0.003549279648888465,0.005877301784180899,582637,0,0
205.0,209,1581.873472,0.019138755980861243,0.03924540706380803,0.029389017788089715,4.742537313432836,0.469394045297546,0.008306405626306785,0.0035924729138946967,0.006367610720395362,595862,0,0
198.0,209,1588.08433,0.05263157894736842,0.039296305055760726,0.06053811659192825,4.634328358208955,0.4809289781092636,0.008407816997424633,0.0035411301317982125,0.006400545371913346,599606,0,0
197.0,209,1594.245588,0.05741626794258373,0.03936494127881688,0.07209805335255948,4.582089552238806,0.48196685058741345,0.008395434392981795,0.0035468352042260162,0.005678709555702292,596829,0,0
200.0,209,1600.387985,0.0430622009569378,0.03937889320213054,0.0491307634164777,4.626865671641791,0.4788077667016006,0.008420261253641575,0.0035710929423926323,0.005600977351752655,606218,0,0
200.0,209,1606.493481,0.0430622009569378,0.039392740223765155,0.0525224602626123,4.664179104477612,0.47978574556856707,0.008313828293230971,0.003520269637674375,0.00558000187248385,601499,0,0
198.0,209,1612.685732,0.05263157894736842,0.03944232388939663,0.059732958538299366,4.675373134328358,0.473119445127163,0.008301774154431655,0.003637856090144208,0.005932503777773632,623596,0,0
209.0,209,1618.67505,0.0,0.03929515103906306,0.0,4.608208955223881,0.4805631524683411,0.008362447037835428,0.0034564781089719766,0.00594662900468297,617393,0,0
206.0,209,1624.726487,0.014354066985645933,0.039202433254477864,0.01875901875901876,4.619402985074627,0.477611328077469,0.008163945351549483,0.003443296678884816,0.00579436484134918,595056,0,0
193.0,209,1630.925069,0.07655502392344497,0.03934077618288145,0.1111934766493699,4.619402985074627,0.480635886765115,0.008024201730276143,0.0033941450997030122,0.005921307483721016,584473,0,0
207.0,209,1636.899336,0.009569377990430622,0.03923091862497572,0.017094017094017096,4.600746268656716,0.48209659249808867,0.007865044654342313,0.003252600242566798,0.006137675033996104,567524,0,0
201.0,209,1642.977892,0.03827751196172249,0.039227413453419645,0.04548789435069699,4.66044776119403,0.4761139841270603,0.008092422050934656,0.003130778666764313,0.006170014097658324,582834,0,0
197.0,209,1649.124056,0.05741626794258373,0.039294039294039296,0.08798283261802575,4.641791044776119,0.4796829522187182,0.007990367775831874,0.003210741389375365,0.00662215411558669,587811,0,0
201.0,209,1655.220527,0.03827751196172249,0.03929032934027171,0.04688593421973408,4.708955223880597,0.4710251292999046,0.00799752803678863,0.0031808350146318412,0.006725194030935892,594104,0,0
204.0,209,1661.257769,0.023923444976076555,0.03923444976076555,0.02952029520295203,4.626865671641791,0.4723930143205988,0.007986092247514533,0.0032053023306350846,0.006573586135709241,592311,0,0
204.0,209,1667.354002,0.023923444976076555,0.03917897510574856,0.02875399361022364,4.600746268656716,0.47445937956343115,0.007794316644113667,0.0033378439332431213,0.006314839873703203,594350,0,0
201.0,209,1673.478994,0.03827751196172249,0.03917572072616724,0.05243991260014567,4.608208955223881,0.47046385969303883,0.00790997015783986,0.0034516233416028476,0.0066335886096429725,615778,0,0
202.0,209,1679.543943,0.03349282296650718,0.03915527864789508,0.05200594353640416,4.611940298507463,0.4753244067802998,0.007630579637457906,0.00340331016694132,0.006125958300494376,593156,0,0
206.0,209,1685.567932,0.014354066985645933,0.03906638541613075,0.02169035153328347,4.611940298507463,0.4752495509766568,0.007513295499161223,0.0034443373665988507,0.006264053967234179,594660,0,0
196.0,209,1691.762613,0.06220095693779904,0.03914900888585099,0.08166189111747851,4.638059701492537,0.4724454317140729,0.007487106526765072,0.003450115596656589,0.0064734127689845275,599326,0,0
199.0,209,1697.875138,0.04784688995215311,0.0391799621992542,0.07756653992395438,4.541044776119403,0.4796881133805214,0.007726523596023322,0.003260734728596998,0.005688564390650197,592322,0,0
195.0,209,1704.031789,0.06698564593301436,0.039278563914622144,0.09231962761830877,4.529850746268656,0.48286161250592874,0.007505651313930489,0.0033731280022605255,0.005333427521898842,590830,0,0
203.0,209,1710.109206,0.028708133971291867,0.03924121257206621,0.036539895600298286,4.563432835820896,0.48472967453676236,0.007426047477431503,0.0033082865539268307,0.004804054410755451,579757,0,0
207.0,209,1716.134819,0.009569377990430622,0.0391367342812858,0.008362369337979094,4.582089552238806,0.48533525431872154,0.007223761265210226,0.0033488796156678474,0.005067152926324648,582475,0,0
195.0,209,1722.317379,0.06698564593301436,0.03923444976076555,0.08077197998570407,4.455223880597015,0.5017744980007292,0.007303989236226389,0.003267574131996016,0.004979992661063447,574198,0,0
202.0,209,1728.36793,0.03349282296650718,0.03921437414260381,0.05363984674329502,4.492537313432836,0.4917584527786744,0.007382772370322648,0.003447615399348784,0.005223659695983006,585030,0,0
205.0,209,1734.415784,0.019138755980861243,0.0391444242535385,0.030280649926144758,4.496268656716418,0.4924771009501318,0.0073912138246929006,0.0033486015684641543,0.004875425081546256,580976,0,0
205.0,209,1740.498096,0.019138755980861243,0.03907496012759171,0.029039463886820552,4.455223880597015,0.491187885663343,0.0074341729914766345,0.0034058885565602256,0.004581525215677461,576580,0,0
198.0,209,1746.722141,0.05263157894736842,0.03912186884323107,0.0635500365230095,4.42910447761194,0.48842458612926404,0.007443270904047279,0.0033598097830768964,0.005220627509088716,578187,0,0
203.0,209,1752.835848,0.028708133971291867,0.03908595941263818,0.03695806680881308,4.42910447761194,0.4908177913839825,0.0075718553621098176,0.003330929569726314,0.005545826036193812,581110,0,0
201.0,209,1758.963234,0.03827751196172249,0.03908318124270376,0.04055944055944056,4.4888059701492535,0.4873796840815998,0.00747737111373475,0.0032510309190151086,0.00564652738565782,585804,0,0
194.0,209,1765.152363,0.07177033492822966,0.03919512354984597,0.0865650969529086,4.41044776119403,0.4867712814585979,0.007554956767911046,0.0034108156965738357,0.005508467349966744,601862,0,0
199.0,209,1771.278986,0.04784688995215311,0.03922465176282313,0.0688431511710433,4.436567164179104,0.48515320629620534,0.0076993677340403835,0.003450268543068869,0.00538785777415188,612125,0,0
189.0,209,1777.452706,0.09569377990430622,0.03941672362724994,0.116398243045388,4.4664179104477615,0.4896025972625641,0.007776365946632783,0.0033375688267683187,0.005336721728081322,608309,0,0
203.0,209,1783.555021,0.028708133971291867,0.03938042332333144,0.03851540616246499,4.473880597014926,0.49104784213128133,0.007496454379685284,0.0032417100020260686,0.005521037347200648,595479,0,0
205.0,209,1789.656706,0.019138755980861243,0.03931203931203931,0.026509572901325478,4.567164179104478,0.47733006199538425,0.007521074150724345,0.00331465684047583,0.005670250534214999,594716,0,0
208.0,209,1795.692469,0.004784688995215311,0.039195785607268864,0.009153318077803204,4.552238805970149,0.4780603489479791,0.007662514042353415,0.0033701648195033616,0.00558340738753542,607633,0,0
206.0,209,1801.736937,0.014354066985645933,0.03911242413538422,0.023383768913342505,4.66044776119403,0.4713233485139202,0.007686266646615536,0.0032248901365147793,0.0058148278109178405,589023,0,0
202.0,209,1807.832698,0.03349282296650718,0.0390936294826455,0.045756457564575644,4.544776119402985,0.47931111491353373,0.007910206664557278,0.0031807357324851373,0.005761961065130144,593879,0,0
202.0,209,1813.837488,0.03349282296650718,0.03907496012759171,0.03930817610062893,4.57089552238806,0.4850933250433396,0.00783389487311414,0.002954307812318468,0.006140976913246253,593484,0,0
200.0,209,1820.002078,0.0430622009569378,0.03908820677486528,0.04914196567862714,4.630597014925373,0.47383723498706987,0.007708722767199881,0.0033084647069527386,0.005889067178375874,607237,0,0
200.0,209,1826.140105,0.0430622009569378,0.039101365695997974,0.059571088165210485,4.641791044776119,0.47313641826346886,0.007435986216220673,0.0033140426373843793,0.006116964270993059,604163,0,0
206.0,209,1832.232727,0.014354066985645933,0.03901969144282849,0.025411061285500747,4.623134328358209,0.4749090899823667,0.007394383554890974,0.0031220730565095223,0.005948370770823406,605478,0,0
205.0,209,1838.282701,0.019138755980861243,0.03895429362880887,0.026726057906458798,4.66044776119403,0.4717463493133479,0.0072385444302512205,0.0031279682945203236,0.005830139857849399,607148,0,0
206.0,209,1844.297839,0.014354066985645933,0.038873637148011606,0.025053686471009307,4.630597014925373,0.47358982141405626,0.007328458575439054,0.0030195207938891427,0.006251224130051577,599975,0,0
204.0,209,1850.343145,0.023923444976076555,0.03882478031084842,0.029298380878951428,4.641791044776119,0.4755958263373148,0.007304138469547111,0.0033023165018219677,0.00616540864133264,605207,0,0
202.0,209,1856.398396,0.03349282296650718,0.03880741237161604,0.05694227769110764,4.57089552238806,0.4858668373757343,0.007215358173622596,0.00314557187793884,0.006096572299510329,574166,0,0
203.0,209,1862.466668,0.028708133971291867,0.03877462250667992,0.03541076487252125,4.619402985074627,0.48173665538547,0.007143203452009632,0.00319989656899979,0.00628666548151979,588046,0,0
191.0,209,1868.615572,0.0861244019138756,0.03892785803874205,0.11937097927090778,4.541044776119403,0.4861192579565863,0.007314558226461301,0.0032383837081910163,0.006009537926145518,594362,0,0
195.0,209,1874.761606,0.06698564593301436,0.03901836703194937,0.08531157270029674,4.5335820895522385,0.48598804884284547,0.007291649936559433,0.003212180588792702,0.005669498739219119,591456,0,0
196.0,209,1880.888151,0.06220095693779904,0.039092909121678794,0.0814867762687634,4.477611940298507,0.48684829972119814,0.007124673786003619,0.0032501320866488415,0.005651707520133207,594681,0,0
203.0,209,1886.99828,0.028708133971291867,0.039059624585940374,0.04477611940298507,4.477611940298507,0.48551725596410744,0.007181385847882289,0.003223644313938272,0.005505729150043088,590227,0,0
201.0,209,1893.155202,0.03827751196172249,0.03905712582356268,0.044846577498033044,4.514925373134329,0.48311490059374645,0.0071107010483114075,0.0030860760701843693,0.00509043475494329,591192,0,0
204.0,209,1899.219176,0.023923444976076555,0.03900892938774266,0.029261155815654718,4.522388059701493,0.4757480573269169,0.007008419617232467,0.003298079819874102,0.005327667401335088,607836,0,0
203.0,209,1905.326762,0.028708133971291867,0.03897622844991266,0.031386861313868614,4.652985074626866,0.4691503297361779,0.006859491070017386,0.003271692745376956,0.005610874031926664,614681,0,0
199.0,209,1911.466703,0.04784688995215311,0.03900430016352734,0.05445881552076242,4.5335820895522385,0.4758580458684597,0.006916762513983204,0.003245678992894169,0.0055775260363326975,599647,0,0
202.0,209,1917.610324,0.03349282296650718,0.03898691380012981,0.0343859649122807,4.473880597014926,0.478193109963914,0.007083287524932858,0.003423850732672645,0.005968180176218372,617195,0,0
206.0,209,1923.658537,0.014354066985645933,0.03890945201769432,0.023686158401184307,4.485074626865671,0.4813871406952809,0.006919548507287443,0.003318878469558683,0.005964588192933293,605048,0,0
199.0,209,1929.751393,0.04784688995215311,0.03893746906451081,0.0717628705148206,4.492537313432836,0.47647979907846766,0.006991697359385729,0.0033085710718521754,0.005961670516261939,611024,0,0
195.0,209,1935.797481,0.06698564593301436,0.03902511961722488,0.08450704225352113,4.485074626865671,0.4786288294265036,0.006970484355307993,0.003174059840363461,0.00606805557716544,607082,0,0
208.0,209,1941.698574,0.004784688995215311,0.038918451609056624,0.006671608598962194,4.597014925373134,0.4717374570308088,0.006808418244699825,0.003194838629631353,0.0060329719753718265,598968,0,0
203.0,209,1947.653233,0.028708133971291867,0.03888674254806978,0.03785011355034065,4.645522388059701,0.4731853899474882,0.006740669738103337,0.002983828576729229,0.0062304814322377165,599442,0,0
208.0,209,1953.559904,0.004784688995215311,0.038781163434903045,0.008888888888888889,4.652985074626866,0.47605261081150757,0.0067190630297426415,0.0028817999691786098,0.005917706888580675,589318,0,0
194.0,209,1959.656818,0.07177033492822966,0.038882981865438,0.0953405017921147,4.656716417910448,0.47936334597241687,0.006652940814946838,0.0028578452461434454,0.005592772417183947,588016,0,0
190.0,209,1965.850981,0.09090909090909091,0.039043062200956935,0.09828393135725429,4.604477611940299,0.4783972972057027,0.006848055887489659,0.002941446824156632,0.0056684131507185095,600174,0,0
204.0,209,1971.936324,0.023923444976076555,0.03899668300701559,0.037257824143070044,4.5783582089552235,0.4800776003225293,0.0068572650355844715,0.0029475549039372,0.005864565197470906,603834,0,0
203.0,209,1978.045322,0.028708133971291867,0.03896521955430695,0.02798789712556732,4.656716417910448,0.4791031613634508,0.00677517090178286,0.0029993453205645467,0.005359236308825992,601822,0,0
205.0,209,1984.132341,0.019138755980861243,0.03890477301902206,0.023404255319148935,4.638059701492537,0.4734842064211543,0.006738912667334487,0.003081079440245272,0.005737182405973955,617101,0,0
197.0,209,1990.28197,0.05741626794258373,0.03896103896103896,0.0773121387283237,4.58955223880597,0.4794469404213813,0.006900413116837916,0.0028751721320157985,0.005780609233842289,618174,0,0
196.0,209,1996.530969,0.06220095693779904,0.03903146295490793,0.07215686274509804,4.667910447761194,0.47216065650016437,0.006880007242112887,0.0028515819490336305,0.0060954450127491365,627309,0,0
199.0,209,2002.692977,0.04784688995215311,0.0390580956648694,0.06206896551724138,4.611940298507463,0.4764234838855404,0.006829326995396973,0.0029182586720418787,0.005821474773609315,617366,0,0
203.0,209,2008.803746,0.028708133971291867,0.03902692108145501,0.033385093167701864,4.649253731343284,0.4786667521415894,0.006448613548087161,0.002759406727553576,0.0058187489689716715,587601,0,0
207.0,209,2014.906392,0.009569377990430622,0.03893845999109157,0.012121212121212121,4.630597014925373,0.4829872565282984,0.00651835904796077,0.002676115297213252,0.005426982418371008,593634,0,0
198.0,209,2021.051827,0.05263157894736842,0.03897945735323611,0.06598639455782312,4.496268656716418,0.49111959459849686,0.006692901648630117,0.002683123155352831,0.004516590644843932,585802,0,0
195.0,209,2027.051879,0.06698564593301436,0.039063057916160826,0.09035687167805619,4.481343283582089,0.4893475617413051,0.0067626818864166705,0.002615894531888646,0.004444048096788097,576215,0,0
202.0,209,2033.11426,0.03349282296650718,0.03904647983595352,0.0375886524822695,4.522388059701493,0.4868560941542054,0.006638709008194656,0.0025636086125394543,0.004727116458960034,569414,0,0
205.0,209,2039.159584,0.019138755980861243,0.03898740647139835,0.01841903300076746,4.414179104477612,0.4961190899823952,0.006707245006500414,0.002275144781940669,0.004830989244770122,557669,0,0
202.0,209,2045.293852,0.03349282296650718,0.0389711503071827,0.043509789702683106,4.373134328358209,0.49778164361690647,0.006790396229194285,0.002459861540727648,0.005111209309176609,574656,0,0
206.0,209,2051.221697,0.014354066985645933,0.03889853354222241,0.01639344262295082,4.447761194029851,0.49400106026622637,0.006564262218045113,0.002643327067669173,0.0050370065789473685,576638,0,0
201.0,209,2057.205708,0.03827751196172249,0.03889670700816212,0.05371596762325239,4.440298507462686,0.4989478995514367,0.006779214313952297,0.0026794734761409725,0.004919689005373589,569856,0,0
201.0,209,2063.171837,0.03827751196172249,0.038894891186911563,0.04807692307692308,4.451492537313433,0.49951096441296367,0.006569534876930713,0.0026862098163450026,0.005226429968758212,568631,0,0
194.0,209,2069.322447,0.07177033492822966,0.03899101821539495,0.08727272727272728,4.541044776119403,0.4921342608374119,0.006536423455424213,0.002736854364409247,0.005546497408722996,578807,0,0
201.0,209,2075.480478,0.03827751196172249,0.038988938022235554,0.048104956268221574,4.645522388059701,0.48436023242469883,0.006183501952302846,0.002743384668979432,0.005922227221923853,584312,0,0
197.0,209,2081.574843,0.05741626794258373,0.03904250584177145,0.08199233716475096,4.664179104477612,0.4811192242772258,0.006238239976841801,0.0027789839339991316,0.005948762483716891,585754,0,0
198.0,209,2087.692148,0.05263157894736842,0.03908189445946883,0.06758720930232558,4.626865671641791,0.4813017433648898,0.006335873455721048,0.002670015009814109,0.005686410345225724,583624,0,0
203.0,209,2093.635768,0.028708133971291867,0.039051912492739996,0.035493827160493825,4.641791044776119,0.4814628101128968,0.006432487660272553,0.002806118777971248,0.005453943676159503,598228,0,0
203.0,209,2099.623803,0.028708133971291867,0.03902210333273582,0.0408781226343679,4.67910447761194,0.47835337539745626,0.006284615605360576,0.0027548999913909375,0.005395012483140586,595437,0,0
199.0,209,2105.753572,0.04784688995215311,0.039047461914975524,0.051262433052792655,4.787313432835821,0.4666886097867302,0.00612364614482137,0.0027041334611477546,0.005880417209162577,594351,0,0
208.0,209,2111.745384,0.004784688995215311,0.038949287780534955,0.008149959250203748,4.772388059701493,0.4698953217911793,0.006105476384074407,0.0025819888446669804,0.005677522431919659,593421,0,0
206.0,209,2117.719611,0.014354066985645933,0.038879015721120985,0.021986353297952996,4.6940298507462686,0.47848722055734294,0.00597380061729273,0.0024748602557355596,0.005134623863911132,574025,0,0
206.0,209,2123.720558,0.014354066985645933,0.03880914407230197,0.023443223443223443,4.615671641791045,0.483503312668079,0.00602725738516302,0.0024818118644788904,0.005105441549785146,559497,0,0
199.0,209,2129.821056,0.04784688995215311,0.03883481948673336,0.06204906204906205,4.652985074626866,0.4745406578303167,0.006264848964815025,0.002630388052947166,0.0052466342346419274,585176,0,0
200.0,209,2135.954237,0.0430622009569378,0.03884679507163479,0.06222222222222222,4.626865671641791,0.4785838955484635,0.006021547833935018,0.0025665613718411553,0.0050485108303249095,576958,0,0
200.0,209,2142.03684,0.0430622009569378,0.03885870299786446,0.05025868440502587,4.664179104477612,0.4723592082548999,0.006074924063449207,0.002601529980875239,0.005231184610192373,578858,0,0
198.0,209,2148.099214,0.05263157894736842,0.03889749983152504,0.06995884773662552,4.720149253731344,0.46518720180059164,0.006156219324077969,0.0026644229420838593,0.005370915720095358,590037,0,0
203.0,209,2154.145452,0.028708133971291867,0.0388688780173109,0.03709311127933384,4.623134328358209,0.4772974112200641,0.006152727476123223,0.002642876120425657,0.00515990099702152,588681,0,0
201.0,209,2160.229236,0.03827751196172249,0.03886722152976023,0.05672105672105672,4.779850746268656,0.4620925342589389,0.006093649775497113,0.002663357224530775,0.005340658727724015,601558,0,0
193.0,209,2166.4348,0.07655502392344497,0.038972494720804045,0.08453922315308454,4.690298507462686,0.46931810989928624,0.006230269653858456,0.002544953898785932,0.0048673981670769185,609379,0,0
198.0,209,2172.57711,0.05263157894736842,0.03901054230917887,0.06153846153846154,4.705223880597015,0.46877938119834645,0.00611608071562305,0.002690520768323972,0.004964981624020526,613285,0,0
201.0,209,2178.667142,0.03827751196172249,0.03900850611376927,0.04272151898734177,4.690298507462686,0.47128596201579154,0.006126739136447875,0.0025170801869830997,0.004550106491854064,587344,0,0
192.0,209,2184.864851,0.08133971291866028,0.03912576707444764,0.09921875,4.7164179104477615,0.4742601292940521,0.005876024166183894,0.002482827112472068,0.0044690888024497225,562081,0,0
190.0,209,2191.095765,0.09090909090909091,0.039268814930344446,0.12689969604863222,4.57089552238806,0.48719133026726585,0.005970724191063174,0.0024075500770416023,0.004319832709663218,565166,0,0
200.0,209,2197.156846,0.0430622009569378,0.03927926502959126,0.06222222222222222,4.630597014925373,0.47548489959576834,0.0060640983426627154,0.002593019427066184,0.0044314564811766,590895,0,0
195.0,209,2203.270726,0.06698564593301436,0.03935538146064462,0.08976157082748948,4.585820895522388,0.47738070430862967,0.0060068689024807415,0.002695565316147394,0.004570146272046851,605539,0,0
193.0,209,2209.425113,0.07655502392344497,0.03945729828930983,0.08505917159763314,4.537313432835821,0.4795242524883342,0.006141164910748403,0.0025792892625143295,0.004626344232763797,609399,0,0
202.0,209,2215.465352,0.03349282296650718,0.03944100190864643,0.04176334106728538,4.604477611940299,0.47946525440800886,0.006083453550722665,0.0025858079969514683,0.00480415906802036,600185,0,0
203.0,209,2221.58747,0.028708133971291867,0.03941175703688252,0.04394046775336641,4.690298507462686,0.46465396436951956,0.006188841085218713,0.002727976004668775,0.004777351013151287,623913,0,0
199.0,209,2227.734851,0.04784688995215311,0.03943467859371749,0.05629838142153413,4.656716417910448,0.46889046866544437,0.0061044937736870605,0.002625879805089334,0.00468327016783974,613782,0,0
206.0,209,2233.801594,0.014354066985645933,0.03936670945656825,0.021402214022140223,4.649253731343284,0.46786172148194954,0.006155009043543989,0.0026725697162756795,0.004940204627055044,614429,0,0
199.0,209,2239.904243,0.04784688995215311,0.03938962886331308,0.06197398622800306,4.574626865671642,0.47355079559376184,0.005855825536784007,0.0026250252406273137,0.004940432119539611,587281,0,0
206.0,209,2246.004551,0.014354066985645933,0.03932214756445144,0.022727272727272728,4.593283582089552,0.46552819027447195,0.006094696003544052,0.0026043414640694847,0.005222107368675411,612672,0,0
192.0,209,2252.213636,0.08133971291866028,0.039435098008952,0.1111864406779661,4.585820895522388,0.46355692646454366,0.006105807211815272,0.002771715115889828,0.005663939584644431,635408,0,0
197.0,209,2258.331076,0.05741626794258373,0.039483304898854495,0.07848633496846531,4.574626865671642,0.4642159201846247,0.0060363247863247866,0.0027911324786324787,0.00562232905982906,638562,0,0
205.0,209,2264.215527,0.019138755980861243,0.03942890770923419,0.02359208523592085,4.597014925373134,0.4668163404451517,0.006046480655257375,0.0027302390623959514,0.005540387560764467,631778,0,0
204.0,209,2270.108281,0.023923444976076555,0.03938755980861244,0.02663622526636225,4.593283582089552,0.4716361334249286,0.006123072427579062,0.002643148401492914,0.005166757428043937,633555,0,0
202.0,209,2276.061381,0.03349282296650718,0.039371882317011095,0.04598540145985401,4.708955223880597,0.4641647902429623,0.006199414499741691,0.0025963359870713066,0.004689300711343074,625027,0,0
199.0,209,2282.023585,0.04784688995215311,0.03939436244336426,0.06731488406881077,4.649253731343284,0.47305759387590063,0.006156691769058,0.0024177566389219185,0.004201347602061038,595424,0,0
202.0,209,2287.980246,0.03349282296650718,0.039378749905065694,0.041223404255319146,4.675373134328358,0.47236669162934936,0.0060480683075950035,0.002516734306646287,0.004203341590681494,598610,0,0
203.0,209,2294.024046,0.028708133971291867,0.039350595245609826,0.039568345323741004,4.6940298507462686,0.471830139247698,0.0059662264274919505,0.002523161837177213,0.004389250279256193,594718,0,0
202.0,209,2300.108945,0.03349282296650718,0.03933518005540166,0.05186267348429511,4.656716417910448,0.4768839532667804,0.005989750579970379,0.0024509482679528683,0.004534909629474291,587613,0,0
208.0,209,2306.120349,0.004784688995215311,0.039244496351831616,0.0037064492216456633,4.548507462686567,0.4844009142120615,0.0059996078687667475,0.002431213646166917,0.004470296059081106,567983,0,0
200.0,209,2312.215964,0.0430622009569378,0.03925449034294446,0.04110671936758893,4.597014925373134,0.48415419594058773,0.005892705821002542,0.002411837559481129,0.004354344566847012,566830,0,0
204.0,209,2318.239639,0.023923444976076555,0.039214461503866475,0.03655750190403656,4.623134328358209,0.47780486162654406,0.0058510707459465084,0.002405440195555787,0.004641849458450896,587034,0,0
204.0,209,2324.314456,0.023923444976076555,0.03917464114832536,0.03775038520801233,4.563432835820896,0.4849913511577179,0.005757784031226901,0.002347204751468624,0.004629569592675684,561705,0,0
206.0,209,2330.196189,0.014354066985645933,0.039110172124526194,0.022382671480144403,4.623134328358209,0.4803644465637458,0.005561375599787892,0.0024832188724634306,0.004901770586789793,571218,0,0
204.0,209,2336.092561,0.023923444976076555,0.03907082827181,0.03461841070023604,4.641791044776119,0.47825664413164354,0.005546740967196832,0.002386388555654451,0.004927569882486488,584835,0,0
199.0,209,2342.063491,0.04784688995215311,0.03909350543377471,0.06499261447562776,4.701492537313433,0.47256515234236274,0.005622603638609403,0.0023674120583618537,0.005300944391549369,596525,0,0
196.0,209,2348.307563,0.06220095693779904,0.039153060721156215,0.07692307692307693,4.723880597014926,0.4629705363040252,0.005813804255756051,0.002489796966041223,0.005441618111347827,616944,0,0
199.0,209,2354.433913,0.04784688995215311,0.03917540989655724,0.07209136331192005,4.58955223880597,0.4724032079394437,0.005747788573549932,0.0024962556165751375,0.0054917623564653024,606810,0,0
189.0,209,2360.633014,0.09569377990430622,0.039320328794013,0.13354037267080746,4.619402985074627,0.4750695739222462,0.005606211529129313,0.0024646898066559395,0.005414655326539473,614427,0,0
203.0,209,2366.704979,0.028708133971291867,0.03929318763078354,0.0416036308623298,4.690298507462686,0.4745930577566598,0.005515291240494721,0.002496529060362506,0.0051841190182017344,595929,0,0
198.0,209,2372.850203,0.05263157894736842,0.03932721413924421,0.061683599419448475,4.485074626865671,0.4939785777475739,0.0056792915496715664,0.002439427242811948,0.004637452831387297,583794,0,0
187.0,209,2379.088842,0.10526315789473684,0.03949499007755335,0.12217898832684825,4.544776119402985,0.48211928634124396,0.005703855806525211,0.0026110984358759855,0.004715187466727508,590714,0,0
199.0,209,2385.230274,0.04784688995215311,0.03951618779297112,0.06420664206642067,4.492537313432836,0.48940596944194575,0.005727434791953776,0.0024528087188499612,0.004652750559467968,580558,0,0
192.0,209,2391.353284,0.08133971291866028,0.03962207013506147,0.1031636863823934,4.619402985074627,0.47415258711098107,0.00577662861827584,0.0025099325219146117,0.004717159614050577,595973,0,0
194.0,209,2397.531797,0.07177033492822966,0.03970325262191291,0.07927272727272727,4.619402985074627,0.4738482235473324,0.005762528466638986,0.002503806036814756,0.0049572843140955475,606566,0,0
194.0,209,2403.726781,0.07177033492822966,0.039784026128981714,0.0831043956043956,4.567164179104478,0.47353903048948864,0.005911663926298746,0.0026106711181956245,0.005221342236391249,634980,0,0
194.0,209,2409.936895,0.07177033492822966,0.03986439373903008,0.08415841584158416,4.656716417910448,0.4684058460827567,0.005571763056080734,0.0027796211201121866,0.005246221843815343,631078,0,0
206.0,209,2415.991693,0.014354066985645933,0.03980045808300656,0.02039274924471299,4.630597014925373,0.46649742816631284,0.00560738326277272,0.00267256128782486,0.004895532826296005,624232,0,0
204.0,209,2422.093138,0.023923444976076555,0.03976076555023923,0.029850746268656716,4.582089552238806,0.4720401634550599,0.0054934788295526735,0.002628399167881211,0.0049827472376895,613847,0,0
205.0,209,2428.074636,0.019138755980861243,0.03970933909246024,0.026462395543175487,4.57089552238806,0.47421628391768056,0.005342809572326732,0.0025471534007604187,0.004634576675529932,599476,0,0
200.0,209,2434.011527,0.0430622009569378,0.039717679544859434,0.06470588235294118,4.514925373134329,0.4783450313736312,0.005341959792766664,0.002416895961924593,0.004548722143724746,596693,0,0
199.0,209,2439.913745,0.04784688995215311,0.039737851282842795,0.0695517774343122,4.462686567164179,0.4876147091413012,0.00515572260481448,0.00239858557634055,0.004636441191379928,586383,0,0
204.0,209,2445.88631,0.023923444976076555,0.03969870671277654,0.03106936416184971,4.58955223880597,0.47859010151362713,0.005179749645433804,0.002429549238453475,0.0046617746808904235,595227,0,0
203.0,209,2451.983584,0.028708133971291867,0.0396715694961309,0.0380818053596615,4.634328358208955,0.4836072538975256,0.005031492963291015,0.002251254797756126,0.004711642554866647,574964,0,0
208.0,209,2458.02533,0.004784688995215311,0.03958564121903505,0.003849114703618168,4.638059701492537,0.4768291137673899,0.00522725041719839,0.0022700500638068127,0.00489594581329145,594837,0,0
204.0,209,2464.134171,0.023923444976076555,0.039547159164384046,0.03837298541826554,4.705223880597015,0.4749647913489913,0.005287637698898409,0.002203182374541004,0.004834761321909424,593687,0,0
198.0,209,2470.249629,0.05263157894736842,0.039579228820714886,0.07686567164179105,4.656716417910448,0.4754808382616475,0.005323695328335246,0.002246697111040563,0.004957386016752546,606939,0,0
199.0,209,2476.404254,0.04784688995215311,0.0395994431511096,0.05988455988455989,4.664179104477612,0.47298336773748645,0.005310790893698917,0.0021925283506096446,0.004701755240751794,599446,0,0
205.0,209,2482.500947,0.019138755980861243,0.03954953903606022,0.029839883551673944,4.593283582089552,0.4781107591232706,0.005285412262156448,0.002247819008043547,0.0045806906272022555,602924,0,0
205.0,209,2488.570024,0.019138755980861243,0.03949987776341983,0.03182827535159141,4.574626865671642,0.4847469739201341,0.005284400111505691,0.0022422339922673227,0.004108742288533094,586647,0,0
204.0,209,2494.513655,0.023923444976076555,0.0394620708877224,0.038729666924864445,4.611940298507463,0.48465516451451907,0.005210915114071889,0.0022971551546952644,0.004425046245360351,594980,0,0
198.0,209,2500.670408,0.05263157894736842,0.039493958316438246,0.07352941176470588,4.638059701492537,0.48293521195839456,0.005174347778890109,0.0023157920129298387,0.004317987190775428,608277,0,0
202.0,209,2506.803036,0.03349282296650718,0.039479462820423916,0.048291233283803865,4.5783582089552235,0.48774138391645633,0.00530615682641287,0.002237970906378217,0.004018721950163035,602808,0,0
202.0,209,2512.861613,0.03349282296650718,0.03946503718222171,0.049167927382753406,4.5559701492537314,0.48862825933265464,0.005125250561136918,0.002340571099348241,0.0035048551846650583,581613,0,0
201.0,209,2518.964592,0.03827751196172249,0.039462182554287815,0.04736440030557677,4.567164179104478,0.48173142719514966,0.005076993079004718,0.0024187561366956437,0.003711952487008166,591531,0,0
201.0,209,2525.05246,0.03827751196172249,0.039459341617614996,0.057569296375266525,4.5335820895522385,0.4782955954678887,0.005064803201337872,0.0024726751478229706,0.003738875948157439,593082,0,0
205.0,209,2531.126498,0.019138755980861243,0.039410727776378746,0.023581429624170966,4.645522388059701,0.4756606072977987,0.0049690181124880835,0.0023355576739752144,0.003836987607244995,578513,0,0
204.0,209,2537.170072,0.023923444976076555,0.03937376528759521,0.025423728813559324,4.600746268656716,0.48083938135296395,0.004921306642575246,0.0023893300366126195,0.0039108934430126955,573170,0,0
196.0,209,2543.30855,0.06220095693779904,0.039428115743905215,0.0828125,4.541044776119403,0.49015173438970316,0.0049217267552182165,0.002194022770398482,0.003913662239089184,559169,0,0
201.0,209,2549.279363,0.03827751196172249,0.039425382718294336,0.05405405405405406,4.57089552238806,0.48789893909756665,0.005193975461719572,0.0021533110114646064,0.0038215354763904827,570358,0,0
203.0,209,2555.287465,0.028708133971291867,0.039399986394249305,0.03075768942235559,4.58955223880597,0.48390330915526286,0.005216939710117558,0.002195363769415986,0.003906803267078986,585978,0,0
208.0,209,2561.143009,0.004784688995215311,0.03931815353987807,0.0038729666924864447,4.690298507462686,0.47881073441983674,0.005027551452927047,0.002131116658032308,0.004073847313144634,579327,0,0
199.0,209,2567.073958,0.04784688995215311,0.03933826848424664,0.05731080088170463,4.66044776119403,0.47759024216143015,0.005191998214516451,0.002137881617742068,0.0041935370194171335,581816,0,0
195.0,209,2573.039063,0.06698564593301436,0.039403321137067265,0.08842105263157894,4.6716417910447765,0.47278230439203706,0.005215291939151021,0.0021798748329934603,0.0045003867519864986,594054,0,0
196.0,209,2578.999252,0.06220095693779904,0.03945683671406429,0.06207928197456993,4.652985074626866,0.47602095356513724,0.005121489207455391,0.00222165056944412,0.004490072729823905,587517,0,0
204.0,209,2584.88897,0.023923444976076555,0.03942045874746479,0.028869286287089013,4.66044776119403,0.4746677815368961,0.005097636656323636,0.002239693908499172,0.004351072020157245,592027,0,0
201.0,209,2590.852542,0.03827751196172249,0.0394177883110495,0.05377906976744186,4.690298507462686,0.4696090928381747,0.005213727931849128,0.002315919326870483,0.0045969252970544765,605388,0,0
192.0,209,2596.899616,0.08133971291866028,0.039515508415029946,0.10863309352517986,4.638059701492537,0.4710932543142522,0.005260163262462407,0.0023572034045913214,0.004644735772593737,599773,0,0
206.0,209,2602.802966,0.014354066985645933,0.03945699343496161,0.02635658914728682,4.667910447761194,0.4716222094686752,0.005108601216333623,0.0023284100781928757,0.004483058210251955,588097,0,0
200.0,209,2608.797154,0.0430622009569378,0.039465358185592644,0.046395431834404,4.604477611940299,0.47889748995655007,0.005062120774342676,0.0023114706732158337,0.004599826639699509,586197,0,0
204.0,209,2614.81516,0.023923444976076555,0.03942938153464469,0.030780243378668574,4.567164179104478,0.4798123976008513,0.005107864728060972,0.002248382893841737,0.0044275847755652666,572746,0,0
204.0,209,2620.772521,0.023923444976076555,0.03939357105760412,0.03443328550932568,4.574626865671642,0.4766346931947933,0.0051764002162584975,0.0023121254299287956,0.0037845237136645464,588348,0,0
201.0,209,2626.757325,0.03827751196172249,0.03939099949286706,0.04582409460458241,4.608208955223881,0.4802246127282953,0.005164459338490142,0.0021920260747813713,0.003282300824018179,586198,0,0
202.0,209,2632.820642,0.03349282296650718,0.039377440466369686,0.04725609756097561,4.604477611940299,0.4792330370060786,0.005232664651461024,0.0021526060272968766,0.0034235595859668407,590828,0,0
193.0,209,2638.841204,0.07655502392344497,0.03946271015319784,0.10108303249097472,4.5783582089552235,0.4836425118431586,0.0050497549383632856,0.002227833061042626,0.003507408973026083,587830,0,0
197.0,209,2644.802068,0.05741626794258373,0.039503793809466455,0.07359009628610728,4.675373134328358,0.4743224405954478,0.005004217677769419,0.0022000319175614984,0.0036021247976654584,578154,0,0
208.0,209,2650.797267,0.004784688995215311,0.03942452644687684,0.0029476787030213707,4.686567164179104,0.4737958661548385,0.004946891987172197,0.002115222780721905,0.003661837287056201,564457,0,0
207.0,209,2656.681454,0.009569377990430622,0.03935651927499428,0.011527377521613832,4.731343283582089,0.4651223688499053,0.0051054560306781184,0.002178327906422664,0.003959564788237029,594898,0,0
199.0,209,2662.61771,0.04784688995215311,0.03937581557198782,0.06630265210608424,4.645522388059701,0.4725193629295012,0.005082635272809599,0.002162100973511433,0.003746887027394159,597852,0,0
199.0,209,2668.614464,0.04784688995215311,0.03939502435743037,0.07171314741035857,4.57089552238806,0.47988238256180077,0.005138978303346548,0.0022024192728628063,0.0038627045708670756,610505,0,0
202.0,209,2674.703665,0.03349282296650718,0.03938167096061833,0.04372355430183357,4.473880597014926,0.4893029492063219,0.005161086758093778,0.0020734497019416053,0.003910255687900745,598154,0,0
201.0,209,2680.792259,0.03827751196172249,0.03937917850238155,0.049964311206281226,4.496268656716418,0.48608247854464026,0.0051269366553484295,0.002136223606395179,0.004047581570011918,602481,0,0
196.0,209,2686.962083,0.06220095693779904,0.03943057890426312,0.07868383404864092,4.552238805970149,0.48339389618441875,0.004958603513652987,0.0020978707173147254,0.0035787206354192377,593560,0,0
199.0,209,2693.048563,0.04784688995215311,0.0394494919627977,0.0599250936329588,4.544776119402985,0.48913290572437435,0.0049811388338538345,0.001947681251888915,0.003324490412706941,579552,0,0
201.0,209,2699.088914,0.03827751196172249,0.03944686420494775,0.052142857142857144,4.630597014925373,0.4849929403353034,0.004835935580423954,0.001999151198373875,0.0034287118318479305,573131,0,0
202.0,209,2705.159871,0.03349282296650718,0.03943354420217719,0.046636085626911315,4.604477611940299,0.4943261900833208,0.00473590372186316,0.0018275016714954313,0.0033875640739915312,555445,0,0
202.0,209,2711.152502,0.03349282296650718,0.03942028366370472,0.04527027027027027,4.585820895522388,0.48473481566601934,0.00482533188054524,0.0020235262724867136,0.0034355473527384315,596898,0,0
203.0,209,2717.046558,0.028708133971291867,0.03939642586928954,0.0391020999275887,4.667910447761194,0.4781716077689511,0.004758999389871873,0.0021077153474957015,0.003372344555993122,595604,0,0
199.0,209,2723.067812,0.04784688995215311,0.03941520467836257,0.05942773294203962,4.615671641791045,0.4833112040066973,0.0048813424245107585,0.0021141415035862924,0.0034866731603648278,589092,0,0
208.0,209,2729.08544,0.004784688995215311,0.039338418612546285,0.001467351430667645,4.67910447761194,0.475923645472568,0.004892216626910505,0.0021534587861118475,0.003843095679830374,589516,0,0
192.0,209,2735.28994,0.08133971291866028,0.039431341830037686,0.10681114551083591,4.768656716417911,0.4683175285563767,0.004859825443004496,0.002137882394428282,0.0038349642951600107,600600,0,0
202.0,209,2741.220418,0.03349282296650718,0.03941823251687316,0.0365296803652968,4.802238805970149,0.4650950525462476,0.004904008972357223,0.0020671607327425066,0.003738482176236448,596741,0,0
202.0,209,2747.2883,0.03349282296650718,0.03940518095398689,0.053158705701078585,4.645522388059701,0.4763563961802399,0.0049041119936806075,0.002106464212050731,0.003828937552113047,582760,0,0
198.0,209,2753.456616,0.05263157894736842,0.03943424996056575,0.06285714285714286,4.67910447761194,0.4744176892208524,0.004904429312723053,0.0020252665688700105,0.0035360059553784513,579466,0,0
204.0,209,2759.579129,0.023923444976076555,0.03940023503735415,0.033310201249132546,4.791044776119403,0.46779085008212606,0.004817039868924085,0.0020207536865101037,0.003637356635718187,582008,0,0
196.0,209,2765.727008,0.06220095693779904,0.03945012720781464,0.07605421686746988,4.690298507462686,0.4748654421779711,0.004915745645586728,0.001951038737383646,0.0036404856887493732,596901,0,0
200.0,209,2771.862231,0.0430622009569378,0.039458013831721025,0.06959152798789713,4.6716417910447765,0.47969052911164833,0.0047419137319731144,0.001968546755704435,0.0035346834011267484,575040,0,0
202.0,209,2777.955345,0.03349282296650718,0.03944501777319115,0.05198555956678701,4.559701492537314,0.4869782540841396,0.004633849893649347,0.0020619004210617703,0.0032664843512610147,571864,0,0
206.0,209,2784.045531,0.014354066985645933,0.03939047222800083,0.018037518037518036,4.5335820895522385,0.48764668251856985,0.004785932390584057,0.0019598501418455075,0.003378305216882864,571898,0,0
198.0,209,2790.162365,0.05263157894736842,0.0394191948022294,0.06334519572953737,4.526119402985074,0.49184922968039757,0.004754084190509119,0.0019448526233900943,0.003263030512576714,584722,0,0
198.0,209,2796.290015,0.05263157894736842,0.03944779303630978,0.05473372781065089,4.406716417910448,0.4981931175290242,0.004733153638814016,0.0020161725067385445,0.0033638814016172507,583363,0,0
205.0,209,2802.336527,0.019138755980861243,0.03940392902539089,0.03358778625954199,4.3283582089552235,0.5048509344624288,0.0047119573987413265,0.001925662955193373,0.003195094400516379,569432,0,0
206.0,209,2808.234326,0.014354066985645933,0.0393499422537535,0.017897091722595078,4.391791044776119,0.4972841025207494,0.004637133564474405,0.0019106707742510278,0.003359775013149279,575322,0,0
205.0,209,2814.159976,0.019138755980861243,0.039306477337037606,0.022048364153627313,4.470149253731344,0.49054324717802306,0.004659083606452027,0.0020457125720283616,0.0034380823854508065,588646,0,0
202.0,209,2820.151571,0.03349282296650718,0.03929400168388197,0.05371596762325239,4.496268656716418,0.49361990494924646,0.0045849008207934335,0.002073358413132695,0.0036123461012311903,578638,0,0
203.0,209,2826.234499,0.028708133971291867,0.03927133387293423,0.03674911660777385,4.391791044776119,0.5062543816559465,0.0044896609826065624,0.0019408985720531934,0.0036258544752642073,549550,0,0
203.0,209,2832.2589,0.028708133971291867,0.03924876293297346,0.04322344322344322,4.514925373134329,0.4910901266859999,0.004586374954774725,0.0018409347266265137,0.003852129312362994,564044,0,0
201.0,209,2838.258989,0.03827751196172249,0.03924669203538017,0.051809794180269694,4.5111940298507465,0.48641442794526873,0.004693389965489779,0.0019325723387310857,0.0038651446774621715,575315,0,0
206.0,209,2844.149662,0.014354066985645933,0.03919372900335946,0.022048364153627313,4.4664179104477615,0.4941675036154027,0.004598383149150782,0.0019177588709591972,0.003793136330405484,561761,0,0
200.0,209,2850.105089,0.0430622009569378,0.0392019423196091,0.053429602888086646,4.485074626865671,0.4893272830468123,0.004620378300081412,0.0019877142343599666,0.004017720260940358,571972,0,0
193.0,209,2856.274531,0.07655502392344497,0.03928108020436299,0.10439164866810655,4.5559701492537314,0.4871736944524128,0.004431595163230422,0.0020047692405090003,0.00419946398801359,563348,0,0
203.0,209,2862.361035,0.028708133971291867,0.03925872725249603,0.043170559094125975,4.600746268656716,0.4898633552626014,0.004432652115775398,0.0019478400033692367,0.0042326036829969365,555245,0,0
198.0,209,2868.458254,0.05263157894736842,0.03928694001978479,0.07721423164269493,4.705223880597015,0.4794482812570968,0.004496979248752298,0.0019753086419753087,0.003866561597058051,559902,0,0
202.0,209,2874.557878,0.03349282296650718,0.03927474187862,0.05139833711262283,4.75,0.4749544083267158,0.004550363295134047,0.001887247449594766,0.0038374031475093577,569649,0,0
207.0,209,2880.574774,0.009569377990430622,0.039212335651964136,0.014394580863674851,4.779850746268656,0.47462013020584226,0.0044254268496819555,0.0018413123535319718,0.0038081687311683965,566526,0,0
202.0,209,2886.693204,0.03349282296650718,0.03920034505933215,0.04529115744069015,4.776119402985074,0.47722093508782726,0.00442653414904057,0.0018165493913515544,0.0035495792704570606,572717,0,0
201.0,209,2892.869399,0.03827751196172249,0.03919841444615724,0.04639175257731959,4.824626865671642,0.46977675623452747,0.004271411753674977,0.0017919093210538926,0.003406711325491994,584642,0,0
204.0,209,2898.856936,0.023923444976076555,0.039166525157075645,0.028888888888888888,4.798507462686567,0.4694746730448004,0.004407896788680854,0.001840088989614413,0.003368298489463671,604032,0,0
202.0,209,2904.779729,0.03349282296650718,0.03915470494417863,0.0441400304414003,4.746268656716418,0.4765251493489047,0.00438828545641281,0.00190885230255309,0.003464981897025718,623533,0,0
198.0,209,2910.882263,0.05263157894736842,0.039182723393249706,0.08053691275167785,4.705223880597015,0.4764104534523583,0.004399995858827427,0.0019463511093166029,0.0035717613442246172,624885,0,0
196.0,209,2917.002027,0.06220095693779904,0.03923047906450396,0.08377760853008377,4.731343283582089,0.4743387967110564,0.004422081477884427,0.001963073553266451,0.00367817992085714,615254,0,0
196.0,209,2923.169961,0.06220095693779904,0.03927803698970747,0.07653061224489796,4.720149253731344,0.47879962461678977,0.0044028334862811006,0.0018147510388418588,0.0037016796758194736,588320,0,0
203.0,209,2929.27037,0.028708133971291867,0.03925619834710744,0.0346124905944319,4.835820895522388,0.4644045648955655,0.004362768299960899,0.0018932768094169943,0.003910028193361184,604797,0,0
200.0,209,2935.389143,0.0430622009569378,0.03926404577516895,0.06102635228848821,4.850746268656716,0.4635662502582203,0.004507834801716879,0.0019407307005113671,0.0036966299057359375,616519,0,0
201.0,209,2941.48798,0.03827751196172249,0.039262015870203004,0.05637982195845697,4.798507462686567,0.46494728569634314,0.004498550011784357,0.001987969709080103,0.0038324776865771054,628649,0,0
192.0,209,2947.701138,0.08133971291866028,0.03934841771219162,0.1183206106870229,4.75,0.46880547494378,0.004602215199582732,0.001922703238936786,0.0037022264494421093,623592,0,0
202.0,209,2953.595731,0.03349282296650718,0.03933641854263079,0.04911742133537989,4.753731343283582,0.4692874155956861,0.004541696859595228,0.001837090864555373,0.0036129453669589,615922,0,0
204.0,209,2959.51368,0.023923444976076555,0.039304899169284056,0.03134796238244514,4.641791044776119,0.4809277897960059,0.004532260528593981,0.001731425370474105,0.0036563629882364924,613867,0,0
197.0,209,2965.615492,0.05741626794258373,0.03934186114637243,0.05697589481373265,4.574626865671642,0.4822310661982647,0.0046553231282145105,0.0017991095932182717,0.0037405216401374237,623876,0,0
197.0,209,2971.764081,0.05741626794258373,0.03937867256550931,0.07394366197183098,4.563432835820896,0.48237524306661966,0.004706884833483805,0.0018868115927327322,0.0037330465920733624,613769,0,0
202.0,209,2977.782707,0.03349282296650718,0.03936670945656825,0.044194756554307116,4.58955223880597,0.48831795167056447,0.004596025551472449,0.0018019659651147487,0.0036039319302294975,598718,0,0
205.0,209,2983.803594,0.019138755980861243,0.039325679124974526,0.02617397998460354,4.67910447761194,0.47517617755218167,0.004606712060291354,0.001838643848625058,0.003768209645808498,598774,0,0
199.0,209,2989.725826,0.04784688995215311,0.03934292853960444,0.06338028169014084,4.776119402985074,0.46533979903683814,0.00461763371477542,0.0018349548822906689,0.003740484952361748,609988,0,0
191.0,209,2995.876497,0.0861244019138756,0.03943743656662317,0.1126228269085412,4.742537313432836,0.4721690597467022,0.004628884237642891,0.0018616164868781194,0.0036326678473675737,612087,0,0
200.0,209,3002.000242,0.0430622009569378,0.03944474455934558,0.06231231231231231,4.697761194029851,0.47291391138557937,0.004649714790712621,0.0018578774001767493,0.0034245199646501163,608812,0,0
197.0,209,3008.171924,0.05741626794258373,0.0394809045661529,0.06865464632454923,4.720149253731344,0.47197600778149784,0.0047307387770238445,0.001904322812785022,0.003347599049843144,612753,0,0
188.0,209,3014.420918,0.10047846889952153,0.0396033896350954,0.12333071484681854,4.735074626865671,0.4751018471331653,0.004681825912105721,0.0018607256830163765,0.003301287502125829,613526,0,0
203.0,209,3020.464027,0.028708133971291867,0.039581555455408424,0.03283582089552239,4.567164179104478,0.494002644586034,0.004572501098198954,0.0018469709676131145,0.0031747933389241643,590021,0,0
204.0,209,3026.51271,0.023923444976076555,0.03955023923444976,0.02997694081475788,4.731343283582089,0.4705390043636831,0.004573170731707317,0.001912960306073649,0.0034672405547584886,609232,0,0
