#{"t_start": 1710068840.2473967, "env_id": "PhyRMSA-v0"}
r,l,t,episode_service_blocking_rate,service_blocking_rate,episode_bit_rate_blocking_rate,number_cuts_total,rss_total_metric,C_BVTs,L_BVTs,S_BVTs,total_path_length,num_moves,num_defrag_cycle
209.0,209,73.095496,0.0,0.0,0.0,1.4067164179104477,0.876415740812084,0.7285714285714285,0.0,0.0,152587,28,15
209.0,209,180.985933,0.0,0.0,0.0,1.6753731343283582,0.8272073665623287,0.6229116945107399,0.007159904534606206,0.0,261788,48,15
209.0,209,313.831289,0.0,0.0,0.0,1.8395522388059702,0.7935211271988037,0.5127388535031847,0.04617834394904458,0.0,332211,42,17
209.0,209,460.64827,0.0,0.0,0.0,1.8582089552238805,0.7810287459409966,0.4074074074074074,0.07407407407407407,0.0,377305,86,20
209.0,209,609.554235,0.0,0.0,0.0,1.8880597014925373,0.7637714673593721,0.3441682600382409,0.08317399617590822,0.0,416050,75,18
209.0,209,765.738659,0.0,0.0,0.0,2.2238805970149254,0.7194532600050819,0.29800796812749003,0.12031872509960159,0.0,495444,100,21
209.0,209,915.907827,0.0,0.0,0.0,2.205223880597015,0.7156970143168699,0.26639344262295084,0.11953551912568305,0.0,519958,123,21
209.0,209,1039.843842,0.0,0.0,0.0,2.332089552238806,0.6967405412562878,0.24267782426778242,0.10340705319784818,0.011356843992827256,549582,125,20
209.0,209,1180.507659,0.0,0.0,0.0,2.3022388059701493,0.6893523977122041,0.2359192348565356,0.09086078639744952,0.011689691817215728,571534,124,21
209.0,209,1314.070298,0.0,0.0,0.0,2.451492537313433,0.6633623758664292,0.21138211382113822,0.08560497369679579,0.021042563366810138,591051,131,21
209.0,209,1458.031052,0.0,0.0,0.0,2.5074626865671643,0.6558401259112806,0.20173913043478262,0.07391304347826087,0.030869565217391304,600035,115,20
209.0,209,1560.690823,0.0,0.0,0.0,2.4477611940298507,0.6544306265042795,0.1873256277401355,0.0685532084495815,0.031486648066958944,608393,145,19
209.0,209,1687.449637,0.0,0.0,0.0,2.6791044776119404,0.6204150198761387,0.17660044150110377,0.06475349521707138,0.04083885209713024,650695,118,21
209.0,209,1799.226034,0.0,0.0,0.0,2.7388059701492535,0.601684737441006,0.17389818927229245,0.062179706183805944,0.04953877690468056,687190,143,20
209.0,209,1896.230122,0.0,0.0,0.0,2.9813432835820897,0.5921699139584412,0.16326530612244897,0.054209183673469385,0.060267857142857144,688295,152,21
209.0,209,1985.790728,0.0,0.0,0.0,2.9477611940298507,0.5859059988799957,0.16053811659192826,0.05082212257100149,0.06427503736920777,711295,159,20
209.0,209,2080.640899,0.0,0.0,0.0,3.0223880597014925,0.5858560244706731,0.15559932470455826,0.0469893078221722,0.062464828362408555,705984,153,20
209.0,209,2175.643663,0.0,0.0,0.0,3.2276119402985075,0.5663246762619653,0.15439808663300558,0.039596066967844804,0.06324740898219505,705595,138,21
209.0,209,2255.56322,0.0,0.0,0.0,3.08955223880597,0.5697065544472878,0.15256797583081572,0.03700906344410876,0.062185297079556896,724697,164,21
209.0,209,2311.042081,0.0,0.0,0.0,3.0223880597014925,0.5818634174266385,0.14470222434824204,0.036594116240133936,0.054293231284381724,708044,198,21
209.0,209,2397.789536,0.0,0.0,0.0,3.033582089552239,0.5833191862483974,0.13644646924829157,0.03690205011389522,0.05353075170842825,722809,146,20
209.0,209,2449.621042,0.0,0.0,0.0,3.388059701492537,0.5505660530838971,0.12872363557295063,0.03370297890845836,0.0563165905631659,737931,172,20
200.0,209,2513.955776,0.0430622009569378,0.0018722696068233825,0.06899166034874905,3.2276119402985075,0.5573779770992172,0.1239841633673682,0.032715148989372785,0.053344446759741614,737195,142,21
208.0,209,2565.638792,0.004784688995215311,0.001993620414673046,0.007982583454281567,3.2574626865671643,0.5543473809114534,0.12023167565408428,0.030756940283602957,0.05632115038945476,753688,186,21
208.0,209,2625.218423,0.004784688995215311,0.002105263157894737,0.008746355685131196,3.044776119402985,0.5668396230061891,0.12272291466922339,0.02953020134228188,0.052348993288590606,764854,170,21
207.0,209,2687.298832,0.009569377990430622,0.0023923444976076554,0.015105740181268883,3.08955223880597,0.5599850003102375,0.11951309479896717,0.02729620066396164,0.05090372556252305,758923,174,21
209.0,209,2744.105552,0.0,0.002303739145844409,0.0,2.970149253731343,0.5710809358761398,0.11898419463683182,0.028058959332267805,0.0500799147575919,753744,173,21
206.0,209,2808.573167,0.014354066985645933,0.002734107997265892,0.01750700280112045,2.9813432835820897,0.5643733997548821,0.11684084289874935,0.027411341442521844,0.047798526640397465,768587,163,21
209.0,209,2862.819553,0.0,0.002639828411153275,0.0,3.0671641791044775,0.5642470327121974,0.11230565663248429,0.026959973536222297,0.04283824015878267,763005,162,20
203.0,209,2908.997947,0.028708133971291867,0.0035087719298245615,0.0440771349862259,3.171641791044776,0.5547462057861227,0.11105776924307889,0.027364378300528083,0.043686989918386945,779954,179,21
204.0,209,2962.139253,0.023923444976076555,0.004167309770026238,0.033200531208499334,3.220149253731343,0.5328782716905806,0.10816674415000775,0.027429102742910275,0.04679993801332714,788459,154,20
206.0,209,3010.816159,0.014354066985645933,0.004485645933014354,0.023323615160349854,3.175373134328358,0.5389466685843013,0.10662261600840967,0.028532812734644843,0.04505180958101817,792148,165,20
209.0,209,3055.454004,0.0,0.004349717268377556,0.0,3.1343283582089554,0.5542874293818841,0.10381479324403028,0.02781013395457193,0.04295282469423413,758900,170,21
209.0,209,3107.568324,0.0,0.004221784407542921,0.0,2.9776119402985075,0.5755316887655559,0.10258584145824502,0.025858414582450192,0.03984739296311997,737072,203,21
209.0,209,3187.034711,0.0,0.004101161995898838,0.0,3.0261194029850746,0.5709769840948994,0.10197639308262421,0.026351907768322812,0.03870436453472413,734037,154,21
209.0,209,3262.135108,0.0,0.003987240829346092,0.0,3.0634328358208953,0.5619267811118459,0.1019346230820547,0.02695130086724483,0.03655770513675784,749737,149,21
209.0,209,3331.127706,0.0,0.00387947756368809,0.0,3.216417910447761,0.5451654117910314,0.10033748701973001,0.026220145379023882,0.03803219106957425,765385,164,21
208.0,209,3365.247614,0.004784688995215311,0.0039032989171493325,0.00906344410876133,3.0111940298507465,0.5707982445514581,0.09959555106167846,0.024266936299292215,0.03425176946410516,743547,200,21
209.0,209,3400.349141,0.0,0.003803214329530119,0.0,2.8358208955223883,0.5893275989837143,0.09740179780815171,0.024381233838197267,0.033247137052087185,713876,219,21
209.0,209,3471.154954,0.0,0.003708133971291866,0.0,2.705223880597015,0.6109488593228709,0.09471788715486194,0.02509003601440576,0.032052821128451384,694187,195,20
209.0,209,3552.184946,0.0,0.0036176916793091377,0.0,2.9141791044776117,0.5837322211128602,0.09439044384588359,0.025881250731935822,0.028808994027403678,739062,165,20
209.0,209,3613.938773,0.0,0.0035315561631351104,0.0,2.9440298507462686,0.579236769136446,0.09167809785093736,0.02423411065386374,0.03017832647462277,714503,177,20
209.0,209,3666.122135,0.0,0.0034494269500389453,0.0,3.0559701492537314,0.5701227801202042,0.09032041978340963,0.022105615719548957,0.029139220721223623,729712,201,21
209.0,209,3749.944894,0.0,0.0033710308829926054,0.0,2.970149253731343,0.5679411040075224,0.09066113899192668,0.021056076805585862,0.028802094697796203,755427,149,21
209.0,209,3819.493372,0.0,0.00329611908559277,0.0,3.246268656716418,0.535127914541804,0.09066666666666667,0.02016,0.026026666666666667,772132,173,21
209.0,209,3881.628405,0.0,0.003224464322862492,0.0,3.216417910447761,0.5398837050770374,0.0907762938230384,0.01951168614357262,0.026085141903171953,775324,165,21
209.0,209,3930.657246,0.0,0.0031558586989718007,0.0,3.3134328358208953,0.5351609681850427,0.08822628408046564,0.017972020831205963,0.027264372510977228,749260,198,21
202.0,209,3994.30251,0.03349282296650718,0.003787878787878788,0.03532008830022075,3.08955223880597,0.54740392430376,0.09024512256128064,0.0176088044022011,0.026113056528264133,782857,182,21
204.0,209,4061.312207,0.023923444976076555,0.004198808710086906,0.021536252692031587,3.0597014925373136,0.5522631279485986,0.0907932150210805,0.017844886753603295,0.024610255907441907,790965,149,21
206.0,209,4125.122055,0.014354066985645933,0.004401913875598086,0.01588502269288956,2.970149253731343,0.5617012566775977,0.08976453628063431,0.019221528111484865,0.024603555982700625,789134,146,20
209.0,209,4169.762123,0.0,0.004315601838821653,0.0,2.985074626865672,0.5612744648530222,0.08743169398907104,0.019314113435085736,0.024401733559449783,777966,188,20
209.0,209,4226.430574,0.0,0.004232609495767391,0.0,2.8917910447761193,0.581401550305627,0.08657488681511595,0.01912593550771505,0.02300656010348332,772714,176,20
208.0,209,4285.881592,0.004784688995215311,0.004243026090096596,0.008029197080291971,2.9776119402985075,0.5755881117054779,0.08385459160547548,0.019309219472395975,0.022119481461336233,764745,174,21
209.0,209,4346.009322,0.0,0.004164451532872586,0.0,3.0261194029850746,0.5649375356182218,0.08380782918149467,0.019572953736654804,0.022330960854092526,769776,171,21
208.0,209,4410.764611,0.004784688995215311,0.004175728577642453,0.009456264775413711,3.082089552238806,0.5613343548565115,0.08394479385045422,0.018518518518518517,0.0220125786163522,767142,151,20
209.0,209,4465.283643,0.0,0.004101161995898838,0.0,3.041044776119403,0.5780896780571253,0.0841554430814103,0.017843355923479454,0.019730633953847474,759539,198,21
209.0,209,4544.852479,0.0,0.004029211785444472,0.0,3.074626865671642,0.5660376398626563,0.08478004382268667,0.01744480026967807,0.019804483397943703,766281,166,21
209.0,209,4604.515548,0.0,0.003959742616729912,0.0,3.014925373134328,0.5810082351502223,0.08339544513457557,0.015817805383022774,0.01904761904761905,738729,191,21
207.0,209,4679.830465,0.009569377990430622,0.0040548211823858565,0.014234875444839857,3.1305970149253732,0.5700342929182952,0.0836183032079466,0.01579547304999186,0.018970851652825273,746747,178,21
208.0,209,4762.29002,0.004784688995215311,0.004066985645933014,0.0067618332081141996,3.175373134328358,0.5524541510269091,0.08254603682946357,0.01577261809447558,0.020576461168935148,754089,150,21
201.0,209,4833.294492,0.03827751196172249,0.004627813946191858,0.05784526391901663,3.0223880597014925,0.5679436206299177,0.08328736900165472,0.015128831455362068,0.0200141832794894,750537,144,19
209.0,209,4886.105103,0.0,0.004553171785769409,0.0,3.1343283582089554,0.5474494575626594,0.0827906976744186,0.014031007751937984,0.019224806201550388,749203,185,20
208.0,209,4957.294448,0.004784688995215311,0.00455684666210982,0.009077155824508321,3.2238805970149254,0.5352908422455527,0.08254501068050046,0.01350320415013732,0.020979554470552334,766334,149,21
206.0,209,5017.696334,0.014354066985645933,0.004709928229665072,0.021994134897360705,3.1791044776119404,0.5302719073412359,0.08277001652395974,0.013219167793300285,0.022682890190776628,793675,148,21
203.0,209,5076.633456,0.028708133971291867,0.005079131394920868,0.042877906976744186,3.291044776119403,0.5296406666297586,0.08285862247540135,0.012650736110083598,0.021750388399792854,806229,159,21
202.0,209,5135.767968,0.03349282296650718,0.005509641873278237,0.052428681572860444,3.2388059701492535,0.5352041748252141,0.08090968729499234,0.013412056272323055,0.02091989212041694,802733,163,21
209.0,209,5172.835578,0.0,0.005427408412483039,0.0,3.1977611940298507,0.5353208605113674,0.08091614014933945,0.011918437679494543,0.019959793222286044,783484,185,20
208.0,209,5231.032295,0.004784688995215311,0.005417956656346749,0.00904977375565611,3.2388059701492535,0.5349179630964868,0.08099886813808715,0.011247877758913413,0.0194538766270515,796983,161,21
203.0,209,5285.826684,0.028708133971291867,0.00575549545801262,0.041158536585365856,3.279850746268657,0.5297342906355793,0.08027059069670131,0.011646558337401492,0.01869028523606946,804723,137,21
205.0,209,5328.030908,0.019138755980861243,0.005946684894053315,0.02453531598513011,3.324626865671642,0.5337762657655611,0.07962046204620463,0.011413641364136414,0.015814081408140813,788861,181,21
203.0,209,5382.1193,0.028708133971291867,0.006267268683873576,0.04043321299638989,3.332089552238806,0.5289747722778978,0.08062656811554893,0.012002441174476165,0.015867634095070183,827825,131,19
199.0,209,5427.607733,0.04784688995215311,0.006844763423710792,0.07423904974016332,3.16044776119403,0.5438226635739735,0.08008831794460056,0.0117088184129533,0.016994513582229358,816739,165,20
201.0,209,5478.063497,0.03827751196172249,0.0072753490201219115,0.05335255948089401,3.126865671641791,0.5454653913157997,0.08094012015580643,0.010959265861226645,0.017363174225919323,825870,169,21
207.0,209,5514.822393,0.009569377990430622,0.00730634941161257,0.01639344262295082,3.1082089552238807,0.5493302945555996,0.08004428813338543,0.010616126090920932,0.01615214276410056,806407,195,21
205.0,209,5558.241722,0.019138755980861243,0.007464114832535885,0.02973168963016679,3.074626865671642,0.5610684363862958,0.07963236711870943,0.010347708721640208,0.015103798444630117,793894,192,21
209.0,209,5616.680432,0.0,0.007365902795265676,0.0,3.1791044776119404,0.5500625612550541,0.07965499746321664,0.010020294266869609,0.016362252663622526,812042,162,20
209.0,209,5667.130309,0.0,0.007270241720002486,0.0,3.08955223880597,0.5688732027011933,0.07861300619640733,0.009513675909119359,0.016648932840958877,783131,197,21
208.0,209,5713.155624,0.004784688995215311,0.007238375659428291,0.007674597083653108,3.16044776119403,0.5647250917190892,0.07692307692307693,0.008958912573370404,0.01754711152301514,765666,188,21
209.0,209,5754.895666,0.0,0.007146750651081097,0.0,3.048507462686567,0.5695467251830033,0.07600341588385995,0.00914968891057704,0.015859460778333535,763159,217,21
209.0,209,5806.077486,0.0,0.0070574162679425834,0.0,3.1641791044776117,0.5668270520340023,0.07450460760103596,0.009275432150816118,0.01704511232909715,748606,186,21
209.0,209,5869.622628,0.0,0.006970287672042058,0.0,3.175373134328358,0.5685543402120617,0.07435165358077564,0.008922198429693077,0.017963359505115392,750564,188,20
209.0,209,5937.25919,0.0,0.006885284163846423,0.0,3.3544776119402986,0.5491684675276505,0.07473121438223371,0.008812643205452088,0.016156512543328828,776289,126,20
205.0,209,5989.356615,0.019138755980861243,0.007032916354412866,0.02440828402366864,3.2761194029850746,0.5552140274186803,0.07413212585626379,0.008185301288749565,0.015615929409032857,762039,179,20
209.0,209,6030.375915,0.0,0.006949191159717476,0.0,3.1492537313432836,0.5691331271100754,0.07381703470031546,0.007800401491253227,0.0131344995698308,749395,199,21
209.0,209,6091.156869,0.0,0.006867435969603152,0.0,3.212686567164179,0.5521335694695759,0.07413284969394696,0.008104738154613466,0.012922239854908184,766559,167,21
209.0,209,6127.483412,0.0,0.0067875820629798595,0.0,3.1455223880597014,0.5617126156363066,0.07438525737971209,0.007617767322018709,0.014059261748725705,750874,197,21
209.0,209,6168.993248,0.0,0.006709563878347907,0.0,3.2761194029850746,0.5425171517915609,0.07474255342708448,0.007529620197098881,0.014948510685416897,768101,175,21
205.0,209,6220.513917,0.019138755980861243,0.00685080469769465,0.023952095808383235,3.156716417910448,0.550409412699893,0.07461542672578968,0.0077735807740734655,0.015382930968412985,784599,170,21
208.0,209,6264.520331,0.004784688995215311,0.006827589914520725,0.00804093567251462,3.126865671641791,0.548500789736505,0.07523680649526387,0.006820027063599458,0.014451962110960758,763766,198,21
209.0,209,6319.0245,0.0,0.006751727804359384,0.0,3.1455223880597014,0.5549371976231458,0.07466281310211946,0.007439520445300792,0.013862128023977734,752688,182,21
206.0,209,6381.083976,0.014354066985645933,0.00683526999316473,0.019711902956785442,3.235074626865672,0.5459180434123816,0.07554261514028586,0.0069348861831656965,0.01439915299100053,757874,165,20
206.0,209,6434.669804,0.014354066985645933,0.00691699604743083,0.01805869074492099,3.212686567164179,0.5474086938161439,0.07582739840804358,0.00754084625052367,0.013248847926267281,782798,157,20
206.0,209,6500.398785,0.014354066985645933,0.006996964552142821,0.02635542168674699,3.1641791044776117,0.5458958180095499,0.07620971920008289,0.006838669567920423,0.012123096052222568,792069,155,21
209.0,209,6559.765156,0.0,0.006922528759034918,0.0,3.1641791044776117,0.548715729168357,0.07595715237558301,0.007739224027471682,0.013018297370713956,806511,166,21
205.0,209,6610.469497,0.019138755980861243,0.007051120624527827,0.029503105590062112,3.175373134328358,0.5472407156942305,0.07582673970379387,0.007455873402312843,0.011716372489348752,804676,170,21
208.0,209,6655.110932,0.004784688995215311,0.007027511961722488,0.007037297677691766,3.138059701492537,0.5493036555911969,0.07558723147962257,0.007578799437863883,0.011092150170648464,787650,199,21
209.0,209,6700.042925,0.0,0.006955063384797514,0.0,3.003731343283582,0.5638795010430939,0.07470322356330403,0.007251775691650524,0.010877663537475785,751035,206,21
209.0,209,6762.008002,0.0,0.006884093350258764,0.0,3.171641791044776,0.5524266679797154,0.0747714089076787,0.0072264280798348245,0.010864221807098614,753052,185,21
209.0,209,6832.728981,0.0,0.006814557053791504,0.0,3.1455223880597014,0.5620699001117617,0.07425429419492968,0.007055617731497251,0.010705075178823414,727008,171,21
209.0,209,6903.51528,0.0,0.006746411483253588,0.0,3.037313432835821,0.5824361265717771,0.07369942196531792,0.007080924855491329,0.010067437379576109,722272,186,21
209.0,209,6981.490984,0.0,0.006679615329954048,0.0,3.1529850746268657,0.563167495872924,0.07272640564643044,0.007916448090037675,0.009776336496733273,723655,153,20
209.0,209,7043.296446,0.0,0.006614128905150577,0.0,3.0858208955223883,0.5778946890121665,0.07191425063745396,0.007743885163849278,0.010199263386533194,706242,172,20
209.0,209,7129.40925,0.0,0.006549914061411251,0.0,3.0708955223880596,0.5728787969191292,0.07219338850703698,0.007527937532145696,0.011455557114134755,731141,160,20
209.0,209,7184.776536,0.0,0.006486934118513066,0.0,3.126865671641791,0.5739313351377637,0.07223559918503426,0.00671420633450639,0.01148360807556955,730070,182,21
209.0,209,7256.494003,0.0,0.006425153793574846,0.0,3.4141791044776117,0.5411678800350043,0.07200183444164182,0.007383627608346709,0.01137353817931667,760676,133,21
207.0,209,7311.060028,0.009569377990430622,0.006454816285998014,0.012693935119887164,3.2574626865671643,0.567013536694762,0.07173359985462475,0.007041613665273487,0.01122115209885517,732220,185,21
209.0,209,7378.66673,0.0,0.006394490900147565,0.0,3.294776119402985,0.5606076601985094,0.07123891814049772,0.00724539849691733,0.012420683137572566,735935,173,21
209.0,209,7442.560261,0.0,0.006335282651072124,0.0,3.4440298507462686,0.5377672637767186,0.07119928666963887,0.007400802496656264,0.013152028533214444,772723,147,20
203.0,209,7496.861065,0.028708133971291867,0.006540538167771388,0.04049416609471517,3.5223880597014925,0.5220055669148077,0.071267618079795,0.007334423187381258,0.01285733221402377,792588,152,21
208.0,209,7542.331908,0.004784688995215311,0.006524575902566333,0.008112094395280236,3.3694029850746268,0.5378234033499278,0.0706624053237599,0.007398975526465566,0.012433781358084147,769195,180,21
202.0,209,7591.824899,0.03349282296650718,0.006767533083322557,0.0498812351543943,3.470149253731343,0.5431876126847263,0.0699995660287289,0.006856746083409278,0.012064401336631515,740329,158,20
209.0,209,7635.255771,0.0,0.0067071086807928915,0.0,3.1194029850746268,0.571811403303419,0.06988646137966627,0.006494065026664373,0.01195596077756752,707038,203,20
209.0,209,7698.290559,0.0,0.006647753736715078,0.0,3.123134328358209,0.5749978959423251,0.0704147308298879,0.006350965431993521,0.011593708708068709,721527,176,21
209.0,209,7770.103529,0.0,0.006589440107445647,0.0,3.298507462686567,0.5460204149610813,0.0703844528939586,0.005618926911702577,0.011618081960287284,718807,162,21
209.0,209,7818.823131,0.0,0.006532140628250468,0.0,2.925373134328358,0.5829584061478417,0.07102474978014155,0.004899702667615897,0.009841283135809707,686181,201,21
209.0,209,7921.092175,0.0,0.006475829071110378,0.0,3.0708955223880596,0.5787495878343382,0.07115576220524743,0.004815675855197609,0.009755895051477914,708334,127,21
209.0,209,7992.489058,0.0,0.006420480104690631,0.0,3.1641791044776117,0.5740555023995324,0.07050253117668848,0.004527307898094415,0.010124706753920238,718379,170,21
209.0,209,8066.792263,0.0,0.0063660692563457955,0.0,3.205223880597015,0.5783932879133196,0.07002366767322288,0.00452950297886232,0.010772871949726598,719805,155,21
209.0,209,8119.797966,0.0,0.0063125728760403685,0.0,3.208955223880597,0.5751768497283464,0.07064535707060489,0.0044102771596196645,0.01080315597815092,726517,184,21
209.0,209,8196.419761,0.0,0.006259968102073365,0.0,3.3544776119402986,0.5607487370018364,0.07073503450489488,0.004814636494944632,0.010471834376504573,733048,159,21
209.0,209,8245.213102,0.0,0.006208232828502511,0.0,3.1791044776119404,0.5770657394770186,0.07070385548879958,0.004257350893247921,0.009748139895754586,704581,193,20
209.0,209,8322.881009,0.0,0.006157345674170523,0.0,3.25,0.5610239337586561,0.07071265093520637,0.004419540683450398,0.010378028569173704,719135,136,20
209.0,209,8382.370673,0.0,0.006107285953242308,0.0,3.126865671641791,0.576958189646977,0.07040820320144026,0.004618214551289578,0.010723650737740205,705416,189,21
209.0,209,8449.88424,0.0,0.0060580336471677725,0.0,3.253731343283582,0.5566488822862744,0.07057453416149069,0.004425465838509317,0.010326086956521738,717294,170,21
209.0,209,8510.260176,0.0,0.006009569377990431,0.0,3.0,0.5846069054857945,0.07093072509530594,0.004197312179906812,0.011051638492048212,705588,165,20
209.0,209,8576.305123,0.0,0.005961874382927015,0.0,3.1791044776119404,0.5705446931100745,0.07074642829857132,0.003781801512720605,0.01168920467568187,709767,170,21
209.0,209,8642.782575,0.0,0.0059149304901480616,0.0,3.138059701492537,0.5736059310832217,0.07064084587107287,0.0034107704551483687,0.011520824648501156,698953,177,21
208.0,209,8695.58444,0.004784688995215311,0.005906100478468899,0.008921933085501859,3.2388059701492535,0.5606050167389699,0.07068997931942095,0.003008084226358338,0.011468321112991163,707904,175,21
208.0,209,8749.755938,0.004784688995215311,0.005897407366195616,0.006531204644412192,3.279850746268657,0.5592706405695445,0.07021602059470955,0.002462410924150282,0.01029735477371936,700002,181,21
209.0,209,8813.9013,0.0,0.005852042694147957,0.0,3.1828358208955225,0.5629179571208215,0.07052421146157263,0.002776543758329631,0.010217681030653044,729149,153,21
203.0,209,8874.827802,0.028708133971291867,0.006026516673362796,0.040770941438102296,3.279850746268657,0.5482864563350264,0.07058607385632923,0.002278155428991365,0.010214954988058056,726908,155,20
195.0,209,8938.461028,0.06698564593301436,0.006488328258663187,0.08577555396711938,3.361940298507463,0.5343290039292596,0.07063115651222182,0.0026267785479751915,0.00977745348412988,748987,113,19
207.0,209,8997.112401,0.009569377990430622,0.006511494046120085,0.016763848396501458,3.1865671641791047,0.5526061383616011,0.0708983597059782,0.0024260419306948618,0.010392149762827244,750684,156,21
202.0,209,9054.86554,0.03349282296650718,0.006712847247018496,0.04982698961937716,3.3470149253731343,0.5349310471064765,0.07085085732772566,0.002300585930479169,0.01071210323879363,758440,171,21
202.0,209,9117.686979,0.03349282296650718,0.006911217437533227,0.04978038067349927,3.3059701492537314,0.534803817292398,0.0709111023874951,0.0021769387245280324,0.010385068341600943,756840,149,21
201.0,209,9167.276165,0.03827751196172249,0.0071418519560934425,0.050597329585382995,3.3022388059701493,0.5315118855554054,0.07068953298844873,0.0024803344908227625,0.010275671461980015,759742,145,21
193.0,209,9234.305202,0.07655502392344497,0.007648517444906227,0.09689349112426035,3.264925373134328,0.5280742415757519,0.0711244061235263,0.002393102234735175,0.009994721098011614,780228,129,21
208.0,209,9295.615332,0.004784688995215311,0.007627765064836003,0.009569377990430622,3.1529850746268657,0.5400173399617882,0.07025818397791986,0.0019914055130489466,0.009991964504070153,749706,179,21
205.0,209,9348.689984,0.019138755980861243,0.0077105779491239545,0.024709302325581394,3.287313432835821,0.5305924290841787,0.07027889551824615,0.0018384903565977521,0.009990287220757597,762540,174,21
209.0,209,9405.197377,0.0,0.007655502392344498,0.0,3.1940298507462686,0.5499376725169552,0.07018631401315563,0.0014119915969280574,0.010228329372869098,744113,174,21
209.0,209,9465.353137,0.0,0.007601208049136381,0.0,3.298507462686567,0.5388211167578447,0.06951377966217602,0.0013335156944539424,0.01077070368597415,746564,173,20
209.0,209,9525.385356,0.0,0.0075476784149875326,0.0,3.3955223880597014,0.5299741227320627,0.06902053980648447,0.0012561534544219997,0.010388728569003565,745112,160,20
209.0,209,9581.346295,0.0,0.0074948974470505575,0.0,3.1641791044776117,0.5502191119431266,0.06903991370010787,0.0012473031283710895,0.010012135922330098,742091,163,21
209.0,209,9631.947341,0.0,0.007442849548112706,0.0,3.156716417910448,0.5494188800123222,0.06905901650319686,0.0011046764636963144,0.008469186221671744,745498,184,21
206.0,209,9688.739994,0.014354066985645933,0.007490513116647418,0.01943198804185351,3.220149253731343,0.5326283537742384,0.06885202300608398,0.0015957977326373882,0.008976362246085308,771027,167,21
204.0,209,9741.292011,0.023923444976076555,0.007603067444451727,0.026158445440956652,3.171641791044776,0.5429099039292838,0.06865237922266618,0.0016510913713964931,0.008750784268401413,758036,163,20
209.0,209,9778.185526,0.0,0.0075513458972105586,0.0,3.175373134328358,0.546850644118434,0.06847697756788666,0.0016069788797061523,0.008330053784599238,763409,207,21
209.0,209,9837.154592,0.0,0.007500323289796974,0.0,3.126865671641791,0.5430296386179388,0.06875997524510602,0.0014657503012931174,0.008859646265593955,772093,199,21
209.0,209,9893.246569,0.0,0.007449985549596994,0.0,3.167910447761194,0.5354830232078935,0.06890973794888386,0.001229375606599806,0.008637981235846005,774997,161,21
209.0,209,9956.883561,0.0,0.007400318979266348,0.0,3.1417910447761193,0.5388877264812315,0.0692181625373566,0.0015746007262444166,0.00854783251389826,793120,154,21
209.0,209,9995.172405,0.0,0.007351310244304319,0.0,3.1641791044776117,0.5409480945173076,0.06917134831460674,0.0014044943820224719,0.008650408580183861,787496,191,20
208.0,209,10046.458558,0.004784688995215311,0.007334424578191891,0.004640371229698376,3.343283582089552,0.5306987573929993,0.06906392694063927,0.0015537798072044647,0.008339675291730086,801616,163,20
203.0,209,10103.076227,0.028708133971291867,0.007474122025205617,0.04654545454545454,3.291044776119403,0.5430427982410887,0.06884274866883014,0.001039730300261508,0.008727433126437506,774740,159,21
209.0,209,10133.095925,0.0,0.007425588765301684,0.0,3.1641791044776117,0.5562556863782055,0.06879929886064855,0.001001627644923,0.008764241893076249,782163,215,21
208.0,209,10171.269614,0.004784688995215311,0.007408550702268869,0.006474820143884892,3.205223880597015,0.5535076556430157,0.06869635526806817,0.0011195422316208484,0.008272173155865157,773303,198,21
209.0,209,10213.100618,0.0,0.00736105999263894,0.0,3.216417910447761,0.552925727104851,0.06825274215974046,0.0011123126834543487,0.007971574231422833,766252,210,21
209.0,209,10287.035487,0.0,0.00731417426020175,0.0,3.0597014925373136,0.563315544209671,0.06821391293669798,0.0008595812611285074,0.007644133357892798,750499,179,21
209.0,209,10354.1422,0.0,0.007267882018048574,0.0,3.1977611940298507,0.5536653514514326,0.06832809687948022,0.0007930939816368239,0.007717414513619864,750649,161,21
209.0,209,10432.473181,0.0,0.007222172068249526,0.0,3.2574626865671643,0.5413928240305341,0.06877424830261882,0.0005758971871968962,0.007880698351115422,772285,162,21
207.0,209,10488.718244,0.009569377990430622,0.007236842105263158,0.0099361249112846,3.2723880597014925,0.5376041686668909,0.06903822404289287,0.00048194222717551734,0.007500225910418989,784244,164,21
209.0,209,10546.71646,0.0,0.007191892775416803,0.0,3.16044776119403,0.5507285740868016,0.06884578544061302,0.0005088601532567049,0.007782567049808429,777994,177,20
209.0,209,10607.594004,0.0,0.007147498375568551,0.0,3.216417910447761,0.5490004283031035,0.06880447392688223,-0.0002082279798911265,0.0077936758187821635,776613,168,20
209.0,209,10660.794561,0.0,0.007103648692282854,0.0,3.048507462686567,0.5630254497009484,0.06879323597232898,0.00017737834801631881,0.007686395080707148,779213,188,21
209.0,209,10728.415518,0.0,0.007060333761232349,0.0,3.1305970149253732,0.5571266246443138,0.06831203173204055,-8.814455707360071e-05,0.007727339503452328,755356,193,21
209.0,209,10783.823605,0.0,0.007017543859649123,0.0,3.0111940298507465,0.5727819647542841,0.06798271229996496,-0.00035042635206167504,0.0074757621773157345,725810,194,21
209.0,209,10845.260564,0.0,0.006975269499048827,0.0,3.074626865671642,0.5710769378902889,0.06800568890952892,-0.000870751458508693,0.00789481322381215,722579,185,21
209.0,209,10935.114105,0.0,0.006933501418216199,0.0,3.220149253731343,0.5527729285870596,0.06817263862443021,-0.000721250937626219,0.008655011251514627,744526,140,20
209.0,209,10994.773371,0.0,0.006892230576441102,0.0,3.328358208955224,0.5491763755202801,0.06790743024289524,-0.0005448653609016088,0.008603137277393823,756371,187,21
209.0,209,11038.979418,0.0,0.006851448146994706,0.0,3.235074626865672,0.5527874197512886,0.06773090079817559,-0.00031356898517673887,0.009007981755986317,771333,205,21
209.0,209,11096.201491,0.0,0.006811145510835914,0.0,3.212686567164179,0.5445073877247405,0.06772648700728272,-0.0003117118648870753,0.00855790756326334,779607,174,21
209.0,209,11169.74718,0.0,0.006771314250538628,0.0,3.123134328358209,0.5546347239801744,0.06817285480872162,-0.00016902360696377262,0.008084962533100455,794742,158,20
209.0,209,11217.001541,0.0,0.006731946144430845,0.0,2.962686567164179,0.5822740863476606,0.06791385442630296,-0.00039207998431680063,0.0071974682835298405,751340,183,20
209.0,209,11289.22154,0.0,0.006693033160937024,0.0,2.8544776119402986,0.5834243182455462,0.06765786835950552,-0.0005011693952555964,0.007127742510301815,736985,190,21
209.0,209,11386.369965,0.0,0.006654567453115548,0.0,3.0522388059701493,0.5573897339743419,0.06790311418685122,-0.0005536332179930796,0.007252595155709343,757893,151,21
209.0,209,11451.286857,0.0,0.006616541353383459,0.0,3.16044776119403,0.546096462245659,0.06795288159850278,-0.0006330159079649915,0.007541146034017725,779919,164,20
209.0,209,11509.683029,0.0,0.006578947368421052,0.0,3.1156716417910446,0.5412097436635008,0.06802944476370304,-0.0006020304846345401,0.007662206168075965,787834,173,21
205.0,209,11554.652513,0.019138755980861243,0.006649906739112805,0.0285935085007728,3.2574626865671643,0.535528314778264,0.06775878959399151,-0.0009252204201589202,0.00783716120605203,782031,188,21
200.0,209,11611.969823,0.0430622009569378,0.006854470189774743,0.05846153846153846,3.1156716417910446,0.5500160977777087,0.06817689726101549,-0.001488578542816932,0.007984194002381725,771825,178,21
209.0,209,11679.085478,0.0,0.006816177060222929,0.0,3.0634328358208953,0.5543458628748885,0.06827784805016551,-0.001345641467287456,0.008181500121107733,783497,186,21
205.0,209,11735.005682,0.019138755980861243,0.006884635832004253,0.03283582089552239,3.298507462686567,0.5432307296519002,0.06819763395963814,-0.0014988490980140249,0.008190139714148064,770631,170,21
207.0,209,11794.446902,0.009569377990430622,0.006899468661608819,0.010714285714285714,3.246268656716418,0.5405651520785075,0.06859378743112672,-0.0014639729564268412,0.007985307035055497,784827,151,20
208.0,209,11857.75859,0.004784688995215311,0.006887848993112151,0.007874015748031496,3.246268656716418,0.5546724407667533,0.06848082166397544,-0.0018000370595865208,0.007120734838658443,742969,166,20
209.0,209,11936.286634,0.0,0.006850210474024106,0.0,3.093283582089552,0.5624321364640693,0.06870952456168061,-0.0017901332069709894,0.005817932922655715,755158,168,21
209.0,209,12001.318355,0.0,0.0068129810692739755,0.0,2.9291044776119404,0.5751413122090328,0.06872627307239168,-0.0019636078020683337,0.006021730593009556,728801,182,20
209.0,209,12086.893911,0.0,0.006776154144575197,0.0,3.074626865671642,0.5579830669362256,0.06850848869909384,-0.00161441516508697,0.00695240079158421,758875,150,21
207.0,209,12143.066087,0.009569377990430622,0.006791171477079796,0.013937282229965157,3.25,0.5414070137548339,0.06837429747999275,-0.0014244645308331822,0.007303618139908316,770185,176,21
203.0,209,12191.805552,0.028708133971291867,0.006908374485070235,0.041968162083936326,3.208955223880597,0.5351841059118498,0.06850620909980935,-0.001133611583449271,0.006183335909723296,790736,169,21
204.0,209,12241.710887,0.023923444976076555,0.006998880179171333,0.03260099220411056,3.253731343283582,0.5313904391612637,0.06837869701163565,-0.0012045722487057256,0.006074119637090573,788324,163,21
207.0,209,12277.429605,0.009569377990430622,0.007012480696691223,0.014437689969604863,3.1007462686567164,0.5558682162581661,0.06796685787125557,-0.0010962396430847674,0.005940089228808158,767432,206,21
209.0,209,12332.815812,0.0,0.006975572903550743,0.0,3.138059701492537,0.5526822372821689,0.06813916924481411,-0.0011665060607597504,0.006238271542323883,773349,175,21
209.0,209,12381.746464,0.0,0.006939051579448383,0.0,3.074626865671642,0.5629055908258017,0.06828443861463562,-0.0010846807759251318,0.006180157909340867,759053,183,20
209.0,209,12445.637538,0.0,0.006902910685805423,0.0,3.1791044776119404,0.5549217453167566,0.06782595603733815,-0.0009284352102780287,0.005997189601525645,747292,156,20
209.0,209,12515.385318,0.0,0.006867144309195032,0.0,3.4029850746268657,0.5365758050715206,0.06824592496442924,-0.001173210853448491,0.006040787798607124,750387,150,21
206.0,209,12581.856619,0.014354066985645933,0.006905736694125191,0.014514896867838044,3.298507462686567,0.5459693654915581,0.06792162316537115,-0.0008691981026647131,0.006183723644671815,752612,165,21
208.0,209,12649.456968,0.004784688995215311,0.006894859526438474,0.00529500756429652,3.373134328358209,0.5327540058654162,0.06784434836318715,-0.0011612106238418777,0.00592958616429895,755105,148,21
209.0,209,12724.507628,0.0,0.006859681671711747,0.0,3.3208955223880596,0.5307021512935854,0.06838069019762069,-0.0009340281191623243,0.006194081211286993,774745,148,21
200.0,209,12778.797254,0.0430622009569378,0.00704345080513929,0.06682206682206682,3.2686567164179103,0.5446794723963585,0.06838861168183152,-0.0009049995108110753,0.005943645435867332,766993,179,21
205.0,209,12830.715787,0.019138755980861243,0.007104538205016674,0.01711309523809524,3.361940298507463,0.5378587363042905,0.06809608411010246,-0.0008031346589111441,0.006181703132225169,769866,178,21
208.0,209,12876.944865,0.004784688995215311,0.007092880671299079,0.0091324200913242,3.264925373134328,0.5518795467803258,0.0680436835605492,-0.0010170230283071408,0.0061021381698428455,776275,167,21
209.0,209,12918.658138,0.0,0.0070574162679425834,0.0,3.0522388059701493,0.5799178232061966,0.06808654170481376,-0.0013973883293981592,0.006023225557750687,750460,208,21
209.0,209,12966.346878,0.0,0.007022304744221476,0.0,3.1865671641791047,0.5618336275311719,0.06786527627951576,-0.001462303727675896,0.005513604219105837,751719,180,20
209.0,209,13039.135139,0.0,0.006987540859349093,0.0,2.985074626865672,0.5814158482135237,0.06809941799446617,-0.0016458353210571511,0.00548611773685717,753173,170,20
209.0,209,13118.41701,0.0,0.0069531194758055016,0.0,3.1194029850746268,0.5738338839416103,0.06818883060783709,-0.0020411553888875704,0.005387700852063703,731029,159,21
209.0,209,13185.263233,0.0,0.006919035556806455,0.0,3.0261194029850746,0.5773477979109805,0.0680648056303434,-0.0019366114023900618,0.005786216994945917,744101,171,21
209.0,209,13254.615567,0.0,0.006885284163846423,0.0,3.156716417910448,0.5676808067954457,0.06801250264388616,-0.0021621113487344597,0.005828300157458109,742604,180,21
209.0,209,13322.073886,0.0,0.006851860454313188,0.0,3.1417910447761193,0.5639791166372092,0.06821796071094481,-0.0023152478952291862,0.00617399438727783,751146,174,21
209.0,209,13391.887699,0.0,0.006818759679171578,0.0,3.373134328358209,0.538220258762678,0.06828178454234449,-0.0022807140031185272,0.006586143498801461,762810,162,21
209.0,209,13440.989056,0.0,0.006785977180714023,0.0,3.3171641791044775,0.536794440498649,0.06834499050442355,-0.00199175506044745,0.006600583630552596,752681,179,21
207.0,209,13484.590101,0.009569377990430622,0.006799294887937547,0.012649332396345749,3.2686567164179103,0.5429079032037055,0.06829549383427452,-0.002166647458799124,0.006891782874265299,753564,170,21
209.0,209,13535.417582,0.0,0.006766917293233083,0.0,3.0223880597014925,0.5586095967049328,0.06812864155617745,-0.0020874432261320367,0.006399963297701519,758488,204,21
209.0,209,13586.550203,0.0,0.006734846595160888,0.0,3.1791044776119404,0.5462471434640003,0.06791772253042029,-0.002031824304271397,0.006689039563500217,773659,169,20
208.0,209,13653.768714,0.004784688995215311,0.006725647738557371,0.0066273932253313695,3.048507462686567,0.5502418314529518,0.06857376564949672,-0.0018404489786644248,0.006725591329440367,791490,139,19
203.0,209,13705.333027,0.028708133971291867,0.006828851899274435,0.03602941176470588,3.167910447761194,0.5255795249035855,0.0680327498077532,-0.001696295291084272,0.006739946623241507,795303,159,21
209.0,209,13761.2355,0.0,0.006796941376380629,0.0,3.074626865671642,0.5432409072897834,0.06789275825585846,-0.0016658037503095244,0.006100443463971366,783204,184,21
209.0,209,13817.972916,0.0,0.006765327695560253,0.0,2.9776119402985075,0.563863360004326,0.06773167234271375,-0.001770030471410647,0.005690984047320308,764363,192,21
209.0,209,13890.546957,0.0,0.006734006734006734,0.0,3.0074626865671643,0.5560726838193046,0.06772819517851966,-0.0016279743984300083,0.005686759884926741,762349,179,21
209.0,209,13934.378994,0.0,0.006702974444909929,0.0,3.2276119402985075,0.5405728602075227,0.0674583795782464,-0.001997780244173141,0.006503884572697003,752186,184,21
208.0,209,13986.03753,0.004784688995215311,0.006694174970370045,0.0014958863126402393,3.1641791044776117,0.5504112503572294,0.06741349595651598,-0.001833929912943568,0.006407706924742587,764253,155,21
207.0,209,14036.564604,0.009569377990430622,0.0067073037512835635,0.01308139534883721,3.2388059701492535,0.5383398458600472,0.06748047948971736,-0.0018475750577367205,0.006576487407896184,763299,183,21
205.0,209,14066.686248,0.019138755980861243,0.006763810352327098,0.026792179580014484,3.093283582089552,0.5580413639786392,0.06706809721918108,-0.001992555287935187,0.00632800525509087,730861,199,21
209.0,209,14120.233296,0.0,0.006733204875619736,0.0,3.294776119402985,0.5359265129837746,0.06693694282787332,-0.0019834782798230127,0.006364567667124393,747649,154,20
209.0,209,14160.293529,0.0,0.006702875123927756,0.0,3.291044776119403,0.5442496211071095,0.06678528033327548,-0.002278250303766707,0.006075334143377886,736392,185,20
209.0,209,14217.76968,0.0,0.006672817387946017,0.0,3.2761194029850746,0.5497120644218398,0.06706698058189516,-0.0023111648702939715,0.005183921204397693,746760,167,21
202.0,209,14261.095866,0.03349282296650718,0.006792549555707451,0.04905395935529082,3.25,0.5493556665321748,0.06709821716596055,-0.0020860663670186456,0.00479580206025936,743427,177,21
207.0,209,14313.429628,0.009569377990430622,0.006804891015417331,0.01177336276674025,3.3358208955223883,0.5346761517415439,0.0672718708517107,-0.002205284117672248,0.005074294523187599,762471,157,21
206.0,209,14357.382141,0.014354066985645933,0.006838294448913918,0.025423728813559324,3.0634328358208953,0.5637335146957122,0.0672962141882674,-0.002216916780354707,0.005094645293315143,743374,181,21
209.0,209,14408.656903,0.0,0.006808169803764518,0.0,3.123134328358209,0.5498601069412853,0.0675707221833153,-0.0022707497718639246,0.004902272871967912,777200,170,21
200.0,209,14459.544261,0.0430622009569378,0.006967178712331067,0.06299212598425197,3.1828358208955225,0.5416941895953292,0.0678979734156083,-0.002240020286976184,0.004543437374527165,810469,161,21
209.0,209,14505.08263,0.0,0.006936754351141848,0.0,3.1902985074626864,0.5293512489054907,0.06844098464127919,-0.0023143277929728594,0.005070481800967809,828871,182,21
207.0,209,14537.562657,0.009569377990430622,0.006948200540877887,0.01496792587312901,3.1156716417910446,0.541002338274029,0.06866790958795065,-0.002681358275551459,0.005048494878186731,804216,200,21
205.0,209,14566.881345,0.019138755980861243,0.007000973508150541,0.027516292541636494,3.156716417910448,0.5348849147881097,0.06849943681949022,-0.002503024487922907,0.0052563514246381044,790456,207,20
208.0,209,14623.92063,0.004784688995215311,0.006991420557663752,0.005087209302325582,3.2574626865671643,0.5302411084044606,0.06847352024922118,-0.00245067497403946,0.0053167185877466255,795317,155,20
209.0,209,14684.835585,0.0,0.006961414460849745,0.0,3.216417910447761,0.528820443386657,0.068653197956947,-0.002626191608594057,0.005066275150437354,803074,142,19
204.0,209,14719.006187,0.023923444976076555,0.007033901770743876,0.026915113871635612,3.1455223880597014,0.5486673582811206,0.06840598809793465,-0.002718118732368264,0.0054156456561579806,770865,205,21
209.0,209,14749.492666,0.0,0.007003970273847093,0.0,2.985074626865672,0.5670060499943572,0.06835889444763389,-0.002952513737390306,0.00565898466333142,756664,217,21
209.0,209,14817.544544,0.0,0.006974292433703674,0.0,2.9440298507462686,0.5705594165007576,0.0679855454155693,-0.0026336742818643963,0.005430677201363794,762021,169,21
209.0,209,14873.285605,0.0,0.006944865039468637,0.0,3.1343283582089554,0.5523757346240623,0.06781866232974182,-0.0028664362675340518,0.005976824557836958,768721,171,21
209.0,209,14936.078695,0.0,0.006915684934260786,0.0,3.1902985074626864,0.5412146918010848,0.06803781453065852,-0.0030567420393125366,0.006113484078625073,757301,160,21
204.0,209,14986.399126,0.023923444976076555,0.006986847110167964,0.02583276682528892,3.2761194029850746,0.5363650509541102,0.06820152006935064,-0.0030441707154809186,0.00580610043747354,768032,171,21
201.0,209,15029.044772,0.03827751196172249,0.0071172248803827755,0.0415065334358186,3.1007462686567164,0.5571218490486004,0.06838808127861216,-0.0031925146574572323,0.005099991968516585,753167,170,21
209.0,209,15089.95572,0.0,0.007087692826937203,0.0,3.037313432835821,0.5594562832512616,0.06836222582128647,-0.0030192150040989343,0.004958710735208846,755757,170,20
209.0,209,15147.232656,0.0,0.007058404840049033,0.0,3.0111940298507465,0.5583224903569947,0.0683365855601131,-0.0031062084345505952,0.004659312651825893,753618,177,20
209.0,209,15226.287718,0.0,0.007029357906550889,0.0,2.9738805970149254,0.5707795884871844,0.0686284229937935,-0.0032519680355336997,0.004521028732327338,727238,178,21
209.0,209,15314.07346,0.0,0.007000549062671582,0.0,2.925373134328358,0.5698799486120546,0.06868088467614535,-0.003278041074249605,0.004541864139020537,724346,142,20
209.0,209,15381.526485,0.0,0.006971975393028024,0.0,2.843283582089552,0.580362901393304,0.06851658833015399,-0.003126905150543767,0.004739522901138666,713563,186,21
209.0,209,15455.749649,0.0,0.0069436340296417315,0.0,2.951492537313433,0.5602502045088281,0.06841239374828627,-0.0029965921109326647,0.0052489325864702886,730519,164,21
209.0,209,15530.355899,0.0,0.006915522150979215,0.0,2.861940298507463,0.5744419749117428,0.06827003725593461,-0.002808824389958453,0.005266545731172099,725061,164,21
209.0,209,15594.06191,0.0,0.006887636981015589,0.0,2.921641791044776,0.5545898682761836,0.06845908773020437,-0.0029528323879089284,0.0053034423809153785,752365,164,21
209.0,209,15654.37262,0.0,0.006859975788320747,0.0,3.0671641791044775,0.5545873258869835,0.0681048660152849,-0.002786108155170746,0.005069169004546774,748930,188,21
209.0,209,15698.153865,0.0,0.006832535885167464,0.0,3.138059701492537,0.5530391988390889,0.06810035842293907,-0.0030253979265425675,0.00481751262188307,750998,203,21
206.0,209,15744.84426,0.014354066985645933,0.00686250214453192,0.015317286652078774,3.2425373134328357,0.5318586188470167,0.06804222648752399,-0.003109404990403071,0.005009596928982726,761659,181,20
209.0,209,15799.115486,0.0,0.00683526999316473,0.0,3.1641791044776117,0.5342546627308293,0.06845858265308073,-0.0031352157372536273,0.0052763386797683,768494,165,20
209.0,209,15865.862951,0.0,0.006808253115721391,0.0,3.1641791044776117,0.5391901178001985,0.06854792642522564,-0.003027533417114132,0.005198217753912944,785618,157,21
203.0,209,15927.114157,0.028708133971291867,0.006894473119089779,0.03458009880028229,3.253731343283582,0.527649779671605,0.06889095426869749,-0.003110714895392728,0.004969556723127407,804397,127,20
193.0,209,15988.443529,0.07655502392344497,0.007167651749695093,0.1107850330154072,3.2425373134328357,0.525428913945714,0.06905544846354462,-0.0030804701969233093,0.0047435461314585935,809367,127,20
208.0,209,16040.033079,0.004784688995215311,0.007158343301435406,0.006716417910447761,3.2686567164179103,0.5245846182643261,0.06946274613154625,-0.0032754790858777905,0.004969692406159407,820862,177,21
208.0,209,16077.915063,0.004784688995215311,0.0071491072924617875,0.009022556390977444,3.235074626865672,0.5338975535225873,0.06921057566097881,-0.00318769923120195,0.004669041815113444,797974,197,21
209.0,209,16134.502851,0.0,0.007121397574273951,0.0,3.2761194029850746,0.530494547465467,0.0688096527764807,-0.0033246792058125854,0.0050990866471170545,791811,193,21
209.0,209,16179.150706,0.0,0.007093901830743936,0.0,3.287313432835821,0.5418112620318082,0.06885837612562327,-0.003535015256381633,0.005060653419662127,770488,193,21
209.0,209,16228.59884,0.0,0.007066617592933383,0.0,3.037313432835821,0.5647535805054705,0.06885112218989195,-0.003354523046129325,0.00509665103693682,765447,188,21
209.0,209,16276.446639,0.0,0.007039542429742067,0.0,3.138059701492537,0.5516020758205656,0.06882546246723037,-0.0033969648857216706,0.004633903186500757,768729,185,20
209.0,209,16327.737285,0.0,0.007012673947185799,0.0,3.212686567164179,0.5329918000809595,0.06909425287356322,-0.003549425287356322,0.004358620689655172,775288,155,20
209.0,209,16397.456152,0.0,0.006986009787690796,0.0,3.2238805970149254,0.5411342520693542,0.06928770335629489,-0.003609116224534662,0.004067125897698959,766934,143,21
209.0,209,16458.753155,0.0,0.006959547629404089,0.0,3.3656716417910446,0.5250326040399095,0.06909641742558356,-0.0033945941999890495,0.003923858887084117,780456,180,21
209.0,209,16527.406107,0.0,0.006933285185519545,0.0,3.332089552238806,0.5265173187993681,0.06908839678557144,-0.003308970582887895,0.003945311079597106,772385,149,21
209.0,209,16593.826624,0.0,0.006907220203619096,0.0,3.3582089552238807,0.5184687955603897,0.06927967252902502,-0.0029704225607215954,0.0039303761931499155,792612,165,21
206.0,209,16644.563759,0.014354066985645933,0.006935111015536799,0.022487702037947997,3.3544776119402986,0.5280750976605921,0.06936499630077413,-0.0032481007633036792,0.003879675911723839,780750,190,21
207.0,209,16700.064627,0.009569377990430622,0.006944940369920731,0.0156128024980484,3.25,0.5331975414183486,0.06952035092765713,-0.0033618581907090463,0.003955127283187114,774972,164,21
209.0,209,16744.793238,0.0,0.006919122747727717,0.0,2.91044776119403,0.5835842028276891,0.0694392205326599,-0.003456737055146598,0.003868679813013809,760318,204,21
209.0,209,16808.257452,0.0,0.0068934963671805774,0.0,3.1492537313432836,0.5444770151381366,0.06944791406445167,-0.0033367831269405087,0.00430034616894472,770795,185,21
209.0,209,16869.709683,0.0,0.006868059111213121,0.0,3.1343283582089554,0.5573181934358293,0.06917210360704698,-0.0035021599616006827,0.004337700663099323,748819,168,19
209.0,209,16928.087921,0.0,0.006842808893892485,0.0,3.264925373134328,0.5425867399539767,0.0691817215727949,-0.0033475026567481403,0.0045341834927382215,763635,156,20
203.0,209,16985.965253,0.028708133971291867,0.006922901659743765,0.04291845493562232,3.406716417910448,0.5301850195493101,0.06930448440781463,-0.0033708063462929956,0.004482642994546706,772402,169,21
203.0,209,17045.093208,0.028708133971291867,0.007002409806866203,0.04198740377886634,3.3208955223880596,0.5404839821771613,0.06939120036577216,-0.003165336053177646,0.00437871487356241,791356,158,21
207.0,209,17094.24023,0.009569377990430622,0.0070117442366246195,0.008118081180811807,3.417910447761194,0.5234897273013164,0.06929721584637219,-0.0031363341685210168,0.004713261962749462,796050,181,21
207.0,209,17141.762183,0.009569377990430622,0.0070210110255876845,0.012779552715654952,3.291044776119403,0.547075339153498,0.06911662011173185,-0.0031773743016759778,0.004469273743016759,778468,172,21
204.0,209,17189.617094,0.023923444976076555,0.0070820306427374635,0.028404952658412235,3.332089552238806,0.5235538953578934,0.06914967643170274,-0.0030965138125391414,0.004436016978637534,814143,182,21
205.0,209,17234.702354,0.019138755980861243,0.007125400158342226,0.02897473997028232,3.2723880597014925,0.5321630550783775,0.06893861914749778,-0.0030681759087521016,0.0042815788105184695,781052,178,21
209.0,209,17296.552815,0.0,0.007099861089674332,0.0,3.2425373134328357,0.5468347642294098,0.06882793878890463,-0.0031607309406197106,0.003817057584027082,770134,145,21
208.0,209,17358.489408,0.004784688995215311,0.0070915926179084075,0.0071633237822349575,3.466417910447761,0.520927788648493,0.06889133652290641,-0.003390355557085327,0.00452621071834234,780778,151,21
195.0,209,17412.521841,0.06698564593301436,0.00730473871511519,0.09657794676806084,3.3656716417910446,0.5228532162518648,0.06903826692509563,-0.003310406339513902,0.004579681309068455,798126,120,20
196.0,209,17468.160488,0.06220095693779904,0.007499406155621161,0.07447633824670287,3.3917910447761193,0.5266260029393549,0.06921722481494777,-0.0033335042822708856,0.00411986939501171,804183,123,20
202.0,209,17514.480572,0.03349282296650718,0.00759125568498825,0.04548844146159582,3.3059701492537314,0.5356196503245175,0.06896199253820337,-0.00328796061261691,0.003884222899879044,775566,190,21
207.0,209,17561.41995,0.009569377990430622,0.00759822090437361,0.010452961672473868,3.1865671641791047,0.5512783813841128,0.06890639323668217,-0.003412216073065562,0.0036159304654873868,751270,188,21
205.0,209,17613.35166,0.019138755980861243,0.007638714009905146,0.02215868477483917,3.451492537313433,0.5326360690903751,0.06892118218267328,-0.0037218115071644873,0.004009406032718107,753162,171,21
206.0,209,17661.012661,0.014354066985645933,0.007662194265065078,0.019157088122605363,3.25,0.5438191253141683,0.06895156531854274,-0.003708886154053644,0.004046057622603975,753046,192,21
209.0,209,17708.50596,0.0,0.00763549672407182,0.0,3.208955223880597,0.5470928115535472,0.06921345294493163,-0.003729462755770588,0.0042502435910358495,764182,188,21
209.0,209,17761.660548,0.0,0.0076089845826687935,0.0,3.3171641791044775,0.5360200042505593,0.06927262074160877,-0.0039005608102452498,0.004185151083954131,762328,166,20
198.0,209,17822.271161,0.05263157894736842,0.007764772106422079,0.06428049671292914,3.33955223880597,0.522207209354161,0.069310730315519,-0.0037875627784359203,0.004388233527438974,774996,130,20
206.0,209,17864.643776,0.014354066985645933,0.007787493812902162,0.015636105188343994,3.2611940298507465,0.5348411582366811,0.06899017276642445,-0.0035584229867473686,0.0043732020818437285,764329,196,21
209.0,209,17911.351116,0.0,0.0077607326657787865,0.0,3.3470149253731343,0.5279652331952138,0.06866839000463976,-0.003347252601577517,0.004291774375289985,778321,169,20
209.0,209,17948.337142,0.0,0.007734154814183654,0.0,3.294776119402985,0.5246321045629542,0.06859652889013657,-0.0029889195303598264,0.004475122611754215,788821,182,20
208.0,209,17995.439152,0.004784688995215311,0.007724088377941441,0.007806955287437899,3.2574626865671643,0.5336523419983888,0.06837817822759812,-0.002781206286513618,0.004443347321648976,793897,160,21
203.0,209,18052.13003,0.028708133971291867,0.0077954626826807275,0.0424597364568082,3.126865671641791,0.5512366544008683,0.06864256659231072,-0.002624327516074006,0.004280934260595722,784346,140,21
205.0,209,18093.996911,0.019138755980861243,0.007833914524369476,0.025910364145658265,3.08955223880597,0.5622957246348282,0.06836349369820019,-0.0025828388341261666,0.004135811550847596,775352,189,21
200.0,209,18138.916206,0.0430622009569378,0.007952929005560584,0.06406480117820323,3.0,0.5596068136336991,0.06858064621250387,-0.002721066266925195,0.004252684405194467,776601,179,21
208.0,209,18188.401743,0.004784688995215311,0.007942261530778278,0.006102212051868803,2.970149253731343,0.5792746401884886,0.06846267517578473,-0.002971695815267696,0.0038161121125022328,759517,168,21
209.0,209,18227.701959,0.0,0.007915609646446806,0.0,2.921641791044776,0.5793047152693886,0.06863570156983331,-0.0031720343097588607,0.0034633435831040622,748414,205,21
209.0,209,18278.710092,0.0,0.007889136035589125,0.0,2.888059701492537,0.5727463151860595,0.06856562202616172,-0.0027097211245342666,0.0038710301779060954,766445,182,21
209.0,209,18336.63361,0.0,0.007862838915470495,0.0,2.8544776119402986,0.5799462763718569,0.0684156378600823,-0.0027809927983539094,0.0036329732510288065,764183,186,21
207.0,209,18378.184116,0.009569377990430622,0.007868508480503585,0.01326053042121685,3.0261194029850746,0.5755562597256434,0.06818873668188737,-0.0029640310822718896,0.0037010334054313867,751209,187,20
207.0,209,18447.256103,0.009569377990430622,0.007874140498748376,0.016679904686258934,3.123134328358209,0.5638018641279938,0.06821883683050685,-0.0030340774807575614,0.0036089553192168887,754371,132,20
203.0,209,18498.414775,0.028708133971291867,0.007942899553113206,0.043348281016442454,3.16044776119403,0.5588230712077928,0.06810982888977318,-0.003119777158774373,0.0034699562276163947,745046,185,21
207.0,209,18560.953738,0.009569377990430622,0.007948249811130698,0.016332590942835932,3.0970149253731343,0.5616179289323208,0.06807653255489275,-0.003061936794009392,0.0035220205609848964,745641,172,21
209.0,209,18637.449279,0.0,0.007922189975684368,0.0,3.014925373134328,0.5671259270267526,0.06815199000648313,-0.0031783178634113944,0.003225755443462311,734163,166,21
209.0,209,18710.016423,0.0,0.007896300465959908,0.0,3.0597014925373136,0.5642541891670831,0.06803782505910165,-0.0032624113475177305,0.0035618597320724982,744026,165,20
209.0,209,18786.808634,0.0,0.007870579617536587,0.0,3.2723880597014925,0.544368403063738,0.0679872445373003,-0.003345952653984511,0.0035344570288568782,743919,127,20
209.0,209,18836.37043,0.0,0.00784502578760952,0.0,3.2388059701492535,0.5431761135733734,0.06796830963862967,-0.003335003444604497,0.004008267050792259,761277,173,21
205.0,209,18871.987192,0.019138755980861243,0.007881575076260819,0.029306647605432452,3.3358208955223883,0.5339128705483256,0.06784448987873207,-0.003417976370702168,0.004385622649165795,760213,202,21
206.0,209,18926.556692,0.014354066985645933,0.007902454082420126,0.02225519287833828,3.332089552238806,0.5318658552063943,0.0679537640598018,-0.0033914653308234417,0.004293781794987477,777240,152,21
199.0,209,18980.270824,0.04784688995215311,0.008030892782965891,0.06004288777698356,3.3059701492537314,0.5316328607877265,0.0679921833803778,-0.003256924842581966,0.004544185613697695,798670,151,20
207.0,209,19021.722777,0.009569377990430622,0.00803582382529751,0.01791044776119403,3.175373134328358,0.5521188774834532,0.06791373579655252,-0.0034629357656334545,0.00471515807374198,759084,178,20
205.0,209,19079.395806,0.019138755980861243,0.008071296451992602,0.020456333595594022,3.1977611940298507,0.5369820385629704,0.06785329018338727,-0.003421174294960703,0.004761904761904762,771719,160,21
205.0,209,19120.468913,0.019138755980861243,0.008106543138390272,0.023408924652523776,3.029850746268657,0.5569373121723116,0.06787003610108304,-0.0035179353252938013,0.004378216452876565,763408,181,20
209.0,209,19176.661735,0.0,0.00808080808080808,0.0,2.9738805970149254,0.5565654752699162,0.06800502266323656,-0.0033076074972436605,0.003583241455347299,804669,178,21
209.0,209,19227.135323,0.0,0.00805523590333717,0.0,2.873134328358209,0.5639367464009766,0.06809335551722559,-0.003327583838322165,0.0035412818829850565,797032,203,21
209.0,209,19297.876251,0.0,0.00802982506452538,0.0,2.873134328358209,0.5752852251834404,0.06822677337877728,-0.0031496302607954716,0.0033930799427893247,807878,168,21
209.0,209,19359.337702,0.0,0.008004574042309892,0.0,2.746268656716418,0.5775688905062927,0.06832901063232774,-0.003048641761841926,0.003245817597184936,802235,177,21
209.0,209,19406.442879,0.0,0.007979481333713309,0.0,2.735074626865672,0.581950296182858,0.06818869065618385,-0.0030390081644995465,0.0034623525854248563,790988,194,21
209.0,209,19473.472124,0.0,0.007954545454545454,0.0,2.9291044776119404,0.5553459309171844,0.06789853652654901,-0.0030294352590091787,0.0036021643129512124,802106,151,20
209.0,209,19523.940353,0.0,0.007929764939110734,0.0,2.91044776119403,0.5651735143090568,0.06770035157306409,-0.0029147510442020493,0.0034556326812704707,770641,184,20
209.0,209,19584.614036,0.0,0.007905138339920948,0.0,2.8694029850746268,0.5796689662066015,0.06765318196114847,-0.0029805143259394613,0.003429838093669028,754854,180,20
209.0,209,19656.407596,0.0,0.007880664227413453,0.0,2.985074626865672,0.5777007784570157,0.06745699952221691,-0.003001075011944577,0.0036281653129479215,739485,150,20
209.0,209,19715.724468,0.0,0.007856341189674524,0.0,3.220149253731343,0.5568376142169735,0.06735134330579742,-0.0030661606013247006,0.003914564262856292,749952,178,21
207.0,209,19765.688098,0.009569377990430622,0.007861612072138388,0.014040561622464899,3.1902985074626864,0.5501423105892379,0.06744123931623931,-0.0030419040835707504,0.004065764482431149,765441,175,21
209.0,209,19824.942781,0.0,0.007837496697683976,0.0,3.1977611940298507,0.545205830287912,0.06755817221638734,-0.003165633644472715,0.004186328604606441,762742,172,21
205.0,209,19865.558622,0.019138755980861243,0.007872057123626415,0.02042360060514372,3.156716417910448,0.5488690051761864,0.06754564492817745,-0.0032298026723298822,0.004350647435330207,760977,185,21
208.0,209,19909.157846,0.004784688995215311,0.007862644415917844,0.006382978723404255,3.1641791044776117,0.5412968661180922,0.06767724292057517,-0.003146411033022613,0.004205016614226483,789955,189,21
201.0,209,19964.354552,0.03827751196172249,0.007955090821832144,0.05202312138728324,3.1940298507462686,0.5329408076536489,0.06777101810452246,-0.0033277138459283147,0.004221945319944294,786252,159,21
209.0,209,20015.410429,0.0,0.00793098448600841,0.0,3.1007462686567164,0.5350682710254931,0.06771016017771542,-0.003215246112475155,0.004311352741728049,792993,198,21
202.0,209,20088.771321,0.03349282296650718,0.008008210584136805,0.041379310344827586,3.1977611940298507,0.5262663855250239,0.06759828636376883,-0.0032203538017660945,0.0045318101011278525,796554,114,19
207.0,209,20127.357031,0.009569377990430622,0.008012912895601545,0.015527950310559006,3.1156716417910446,0.5493906631452061,0.06746763906847006,-0.0035157555242398266,0.003995176732090712,763495,190,20
208.0,209,20185.922068,0.004784688995215311,0.008003218529534319,0.00909090909090909,3.1156716417910446,0.542169329182566,0.06726437913703452,-0.003432742862936516,0.0038382989817644588,769312,190,21
209.0,209,20244.380502,0.0,0.007979256797409965,0.0,3.205223880597015,0.5386165747244193,0.06746570397111913,-0.003581227436823105,0.0037689530685920576,766128,185,21
207.0,209,20304.189539,0.009569377990430622,0.007984003427836893,0.018223234624145785,2.9440298507462686,0.5686185258335539,0.06768216306491787,-0.0037289258102135136,0.003671336222410988,747328,170,21
209.0,209,20382.740453,0.0,0.007960241512873091,0.0,3.1194029850746268,0.5632575025397244,0.06776619871960497,-0.0038182183561565183,0.0036459679039990813,758455,170,21
209.0,209,20439.438272,0.0,0.007936620618176139,0.0,3.0671641791044775,0.5714013933918242,0.06766368515205724,-0.003964221824686941,0.003677996422182469,730591,206,21
209.0,209,20502.837795,0.0,0.00791313949208686,0.0,3.044776119402985,0.5690001371848328,0.06780434906683408,-0.0039666685691455966,0.0037811768734661265,757857,180,21
209.0,209,20563.979085,0.0,0.007889796897714922,0.0,3.0559701492537314,0.5771309231529097,0.06760274849558277,-0.003855291423043546,0.0035423157355639963,739890,179,21
209.0,209,20638.800054,0.0,0.007866591612721643,0.0,3.1194029850746268,0.5610299742161817,0.06777112706022524,-0.003730390627216249,0.0038154945958979885,761423,164,21
209.0,209,20704.002389,0.0,0.007843522429106624,0.0,2.996268656716418,0.5663571866704534,0.06769809506300292,-0.0037335068094073057,0.0038042171656460805,747258,166,20
205.0,209,20766.815672,0.019138755980861243,0.007876549427795965,0.02327272727272727,3.235074626865672,0.5415293244918697,0.06755880196288566,-0.0037791189576400247,0.004061142760448982,760059,164,20
206.0,209,20819.675145,0.014354066985645933,0.007895434318635179,0.018950437317784258,3.2388059701492535,0.5399047684356126,0.06730688113382638,-0.0037822333455189675,0.003950957509631338,762922,192,21
200.0,209,20877.103635,0.0430622009569378,0.007997663291420942,0.05900383141762452,3.287313432835821,0.5352569837800875,0.0673424749726592,-0.003897815540786854,0.00412215024817027,778759,140,21
199.0,209,20922.121355,0.04784688995215311,0.008113168296234657,0.07340116279069768,3.0970149253731343,0.5610835305470573,0.06733686609527272,-0.003928915982718362,0.0034535311307168524,775534,188,21
204.0,209,20985.75632,0.023923444976076555,0.008158862737505877,0.03780864197530864,3.279850746268657,0.5556808843633082,0.06753572673405368,-0.0042662948762635065,0.0034576507493900314,769278,166,21
207.0,209,21045.13269,0.009569377990430622,0.008162927622960992,0.016654049962149888,3.3022388059701493,0.5525647963778719,0.06743869209809264,-0.004226213646221432,0.0032669743646777513,760730,169,21
209.0,209,21090.749819,0.0,0.008139470934389265,0.0,3.3358208955223883,0.5421692877345374,0.06732648563230341,-0.0041307994067174,0.0030495834546235842,757773,187,21
209.0,209,21148.307487,0.0,0.008116148668101616,0.0,3.126865671641791,0.566193803846792,0.06724257083621285,-0.004215618521078093,0.0030269523151347615,753902,177,21
209.0,209,21205.267596,0.0,0.00809295967190704,0.0,2.8843283582089554,0.5909380965678429,0.06740721344009702,-0.004575586763874916,0.00278394134428534,712812,195,21
209.0,209,21289.706952,0.0,0.008069902806744913,0.0,3.0,0.5854354049889077,0.06740600263852242,-0.004658641160949868,0.0029133685136323658,715387,161,20
209.0,209,21365.966089,0.0,0.008046976946498478,0.0,3.0858208955223883,0.5681008116718096,0.06766515477479206,-0.004604190361346725,0.003028351398385793,741642,160,20
209.0,209,21420.795217,0.0,0.008024180977811513,0.0,3.1902985074626864,0.5513644945632107,0.06769054190692209,-0.004673024895471812,0.0031836690077337196,763012,180,21
209.0,209,21486.905168,0.0,0.008001513799908091,0.0,3.123134328358209,0.5527171220410356,0.06779753389195449,-0.004537093807480074,0.0031746031746031746,771228,170,21
209.0,209,21538.924103,0.0,0.007978974324415392,0.0,3.1791044776119404,0.5493115486186163,0.06775446986576816,-0.004578555513287321,0.003301451008097386,778841,172,21
208.0,209,21594.973094,0.004784688995215311,0.007970001612816515,0.00757002271006813,3.1791044776119404,0.54477890043761,0.06759063566899691,-0.004579201213894759,0.0032650517531024764,769797,160,21
209.0,209,21663.327653,0.0,0.007947676678326833,0.0,3.1902985074626864,0.5437273977358823,0.06773753394307021,-0.004444684616527742,0.0030531876089217925,788213,139,21
209.0,209,21714.822631,0.0,0.007925476464141563,0.0,3.0261194029850746,0.566041267358944,0.06749292738784858,-0.0044186986393641384,0.0030176478512730703,777197,186,21
208.0,209,21773.048564,0.004784688995215311,0.007916727752528954,0.00805860805860806,3.2238805970149254,0.5477209663529983,0.06766705177463124,-0.004433219592143798,0.0033584996910180284,801687,168,21
208.0,209,21813.435032,0.004784688995215311,0.00790802764486975,0.00870253164556962,3.123134328358209,0.5615956593090895,0.06769284355491252,-0.004621814966642553,0.003134796238244514,770616,195,21
209.0,209,21877.032155,0.0,0.00788612175111665,0.0,3.25,0.5522672937053207,0.06743704495357691,-0.004475318949969942,0.003085966201322557,765020,149,20
203.0,209,21934.208849,0.028708133971291867,0.007943641121890613,0.044072948328267476,3.376865671641791,0.5295628268604975,0.06730794851981134,-0.004423246023075488,0.0031708811852167655,778021,140,20
205.0,209,21994.632932,0.019138755980861243,0.007974481658692184,0.03185185185185185,3.3694029850746268,0.5374444679309583,0.06740363790972988,-0.004451058288933473,0.00314895765515592,771667,151,21
200.0,209,22052.848298,0.0430622009569378,0.008070876491929124,0.05119214586255259,3.4365671641791047,0.5287634695541821,0.06745027364403748,-0.004452513152140784,0.0032598757006745025,786209,147,21
196.0,209,22112.507074,0.06220095693779904,0.00821917808219178,0.08284023668639054,3.264925373134328,0.5402992911492384,0.06753988289562378,-0.004374892610264476,0.0031985619688338464,800333,120,19
207.0,209,22152.614978,0.009569377990430622,0.008222867152979318,0.014694508894044857,3.093283582089552,0.5662532945019285,0.06756649882687897,-0.004310231197110695,0.0030712044921308622,785271,203,21
206.0,209,22209.632167,0.014354066985645933,0.008239573419553342,0.01913536498936924,3.2388059701492535,0.5419602264110461,0.06771216742033863,-0.00431170470080976,0.003325796613734357,804103,179,21
205.0,209,22265.992037,0.019138755980861243,0.00826919076346994,0.02322308233638283,3.216417910447761,0.5504660877082458,0.06787104894004746,-0.004470548133775581,0.003238197621825714,784925,167,21
209.0,209,22330.549995,0.0,0.008246781032403625,0.0,3.0671641791044775,0.5590101238014794,0.06784248097691081,-0.004379886515179249,0.0030724577046779803,784546,175,21
209.0,209,22374.077127,0.0,0.00822449243501875,0.0,3.1902985074626864,0.5504245334837615,0.06764456613860095,-0.004511376230523502,0.003024969033183389,763196,190,21
209.0,209,22429.334342,0.0,0.008202323991797676,0.0,3.235074626865672,0.5445375184148137,0.06765577863310102,-0.004551128679912618,0.0033678352231353375,768416,158,20
192.0,209,22474.111842,0.08133971291866028,0.008398929876009672,0.1152542372881356,3.156716417910448,0.5477160998013099,0.06783750129708416,-0.00442305696793608,0.0034502438518211062,784259,168,20
189.0,209,22528.580013,0.09569377990430622,0.008632964326487679,0.1296426068675543,3.156716417910448,0.556257802000075,0.06767160509801384,-0.004386362166008928,0.003286536844148282,780687,159,21
202.0,209,22584.398065,0.03349282296650718,0.008699434536755112,0.0441400304414003,3.1455223880597014,0.5554785595018581,0.06784363828771278,-0.004478170531831146,0.0031360099113399665,777663,158,21
209.0,209,22634.765814,0.0,0.008676236044657098,0.0,3.1007462686567164,0.5582261096227278,0.06784133031301483,-0.004517607084019769,0.0032948929159802307,783090,191,21
207.0,209,22683.715143,0.009569377990430622,0.008678611422172453,0.013138686131386862,3.082089552238806,0.5504361896877991,0.06771241158877066,-0.004364401884394696,0.0032219555087737313,787442,178,21
209.0,209,22722.019074,0.0,0.00865559123272372,0.0,2.8843283582089554,0.5803888551472189,0.06773607128226136,-0.0044935477263416635,0.003174928308070463,763720,207,21
209.0,209,22756.819517,0.0,0.008632692843219159,0.0,2.9029850746268657,0.5840517869763391,0.0675936211233258,-0.0045964683801279355,0.0030898481888637784,748969,212,21
209.0,209,22830.171261,0.0,0.00860991528954312,0.0,2.9029850746268657,0.5879800829675762,0.06755380109512288,-0.00450783140201197,0.0029033490385839806,742975,187,21
209.0,209,22907.290479,0.0,0.008587257617728532,0.0,2.966417910447761,0.574803122561625,0.06757769339209287,-0.004483165902538768,0.0029210429393312083,747327,166,21
209.0,209,22981.82183,0.0,0.008564718883823732,0.0,2.873134328358209,0.5828630034545246,0.0674874601003192,-0.004521963824289405,0.0025079799361605107,723551,179,20
209.0,209,23068.469694,0.0,0.008542298153761367,0.0,2.9029850746268657,0.5822046211225825,0.06742296954154402,-0.004598456232550501,0.0026024230327071516,726678,150,20
209.0,209,23141.732461,0.0,0.008519994503229354,0.0,3.029850746268657,0.5759564075342647,0.06747221732227907,-0.004661945921427312,0.002658569160597737,740477,173,21
209.0,209,23198.745973,0.0,0.00849780701754386,0.0,2.8656716417910446,0.5933012381971215,0.06744580584354383,-0.004800502670436695,0.0025636192271442037,724117,200,21
209.0,209,23252.66719,0.0,0.008475734791524265,0.0,2.985074626865672,0.581624562261248,0.06735686353153514,-0.005063671914168255,0.002757445101774792,707300,206,21
209.0,209,23336.791026,0.0,0.008453776929370058,0.0,2.917910447761194,0.6004412897935013,0.06720588051454503,-0.005112947382896004,0.0028377483029765104,692199,153,21
209.0,209,23409.469202,0.0,0.008431932544539644,0.0,2.917910447761194,0.586489940999637,0.06735492880476796,-0.004962469763846288,0.0028677589087553928,715950,174,21
209.0,209,23496.999787,0.0,0.008410200759631037,0.0,3.2313432835820897,0.5406376873112633,0.06754051062665556,-0.005049060451928219,0.003133899590851998,763646,135,21
209.0,209,23558.442717,0.0,0.008388580706264375,0.0,3.294776119402985,0.5385507817779159,0.06748945671049367,-0.00502356735301414,0.0033118332919871,772597,175,21
203.0,209,23621.229747,0.028708133971291867,0.008440682124892651,0.04503105590062112,3.3507462686567164,0.5356907713692329,0.06736943691770907,-0.005085186147507517,0.0030065699120299916,780032,159,21
208.0,209,23670.580276,0.004784688995215311,0.008431331758832095,0.00529500756429652,3.2313432835820897,0.5414524392070986,0.0673569374683763,-0.005109155755204798,0.002875442731794005,774493,173,20
209.0,209,23711.337438,0.0,0.00840982325944732,0.0,3.16044776119403,0.5590613316761465,0.0672821270310192,-0.0049729197439684885,0.0027326440177252585,748337,195,20
209.0,209,23782.337312,0.0,0.00838842421807468,0.0,3.2611940298507465,0.5399228811176454,0.06735503198320421,-0.005021547225871404,0.0028115753416248206,753982,161,20
207.0,209,23835.444799,0.009569377990430622,0.008391421562674568,0.014760147601476014,3.1791044776119404,0.551993481571355,0.06728225727441951,-0.005070049965709807,0.002694229450377192,734836,188,21
203.0,209,23905.781261,0.028708133971291867,0.008442856277633094,0.0405777166437414,3.25,0.5500232179878928,0.06761626699568771,-0.005228502669223909,0.002516522312757302,748872,154,21
199.0,209,23977.94192,0.04784688995215311,0.00854236141317481,0.056,3.1865671641791047,0.5493387517666455,0.0676838333861415,-0.005191449950035341,0.002412927441565722,757461,126,21
209.0,209,24051.609522,0.0,0.008520844130018199,0.0,3.324626865671642,0.5252697345082437,0.06758481529653446,-0.005032394520281523,0.0026620637679750083,786594,144,21
195.0,209,24111.274189,0.06698564593301436,0.0086677406169604,0.09123055162659123,3.3582089552238807,0.5249602448153593,0.06760689772258738,-0.0050932550750648784,0.0027649098978923627,787610,151,21
204.0,209,24168.607013,0.023923444976076555,0.008705975464978234,0.035498489425981876,3.2313432835820897,0.5436524269672862,0.06768199743546319,-0.005177461108557327,0.002709699271768321,782326,167,21
207.0,209,24223.489423,0.009569377990430622,0.008708133971291866,0.01279317697228145,3.1641791044776117,0.5433143763384708,0.06768187467570862,-0.005248995450870609,0.002823597552882121,771772,153,20
200.0,209,24280.779308,0.0430622009569378,0.008793804961281008,0.059192200557103065,3.324626865671642,0.5217304451689064,0.06756707955653461,-0.0052845088055084085,0.0030214389753590214,774632,151,20
206.0,209,24314.200293,0.014354066985645933,0.008807636458854054,0.022058823529411766,3.2276119402985075,0.53823365866284,0.06759207002965933,-0.005451554413477587,0.0030139651052486223,757834,198,20
208.0,209,24376.604394,0.004784688995215311,0.008797653958944282,0.005409582689335394,3.343283582089552,0.5385889465875588,0.06735180327476134,-0.005593685244409309,0.002766897840382335,730503,179,21
202.0,209,24442.956488,0.03349282296650718,0.008858780614903595,0.036127167630057806,3.373134328358209,0.5314218780046037,0.06751185938414846,-0.005484591762358255,0.0026885253737050268,766615,117,21
207.0,209,24476.819164,0.009569377990430622,0.00886053517632465,0.015514809590973202,3.16044776119403,0.5629628916201119,0.06735720415752837,-0.005626013159149423,0.002538857633260227,718458,207,21
209.0,209,24547.365265,0.0,0.00883871119805784,0.0,3.1305970149253732,0.5599877550955481,0.06733250104036621,-0.005564472980203317,0.002687117293858867,738079,136,21
209.0,209,24595.415033,0.0,0.008816994462927477,0.0,3.033582089552239,0.5743821992440248,0.06731978081931826,-0.005586260881941314,0.002763479374718315,725200,201,21
207.0,209,24665.96264,0.009569377990430622,0.008818838540200769,0.011940298507462687,3.16044776119403,0.5514813177518104,0.06737970445214798,-0.005406940287029259,0.002839531004129151,753686,150,21
206.0,209,24719.511753,0.014354066985645933,0.008832372106082053,0.020202020202020204,3.175373134328358,0.5509633740789702,0.06746373647125474,-0.005417399412229868,0.0027264036257627438,756804,153,21
208.0,209,24772.629398,0.004784688995215311,0.008822499708250671,0.00727802037845706,3.123134328358209,0.554414739503302,0.06747512803908871,-0.0053334903161240945,0.0026608583034084888,766250,181,21
209.0,209,24820.089765,0.0,0.008801033772220863,0.0,3.2238805970149254,0.546677004230033,0.06745043690688715,-0.005414356854270413,0.0027013060227379497,760017,171,20
209.0,209,24870.01385,0.0,0.008779672039764017,0.0,3.1492537313432836,0.5591248557640482,0.0674844469438684,-0.005330802666572938,0.00272983960727801,763473,181,20
208.0,209,24932.916071,0.004784688995215311,0.008769998957331696,0.008088235294117648,3.328358208955224,0.5423083261162942,0.06734376643564241,-0.005399656385502741,0.002828391440025245,764681,158,21
205.0,209,25007.246645,0.019138755980861243,0.008795044264151815,0.0274888558692422,3.208955223880597,0.5507932619309612,0.06753258867150153,-0.005421728890236224,0.002693374997085092,757385,128,21
209.0,209,25062.486582,0.0,0.008773851386406871,0.0,3.1343283582089554,0.552245455958827,0.06747310264611805,-0.005187554521663274,0.002814771735969759,755093,175,21
209.0,209,25115.013076,0.0,0.00875276039749724,0.0,3.220149253731343,0.5443881658639422,0.06743711129676042,-0.005024134410099322,0.0027731365450663695,755497,164,21
205.0,209,25173.018064,0.019138755980861243,0.00877766686172593,0.022743425728500355,3.1940298507462686,0.5514226784970415,0.0675433214876894,-0.005070089942006506,0.002697102640382456,752325,172,21
204.0,209,25219.403446,0.023923444976076555,0.008813900780659783,0.03758290346352248,3.156716417910448,0.5594388499504557,0.06748813414479231,-0.005346852516947097,0.0027369417851327476,726939,184,21
209.0,209,25268.049549,0.0,0.008792865217937445,0.0,2.951492537313433,0.5809950467577774,0.06759060851132462,-0.005449183198543812,0.0025575447570332483,718387,202,21
209.0,209,25327.73753,0.0,0.008771929824561403,0.0,2.8544776119402986,0.5990831873467121,0.06749721299605797,-0.005562515084299687,0.0022410959533852044,689811,202,21
209.0,209,25411.477005,0.0,0.008751093886735842,0.0,3.033582089552239,0.5797902220081754,0.067622105021784,-0.005434533363907361,0.002487961476725522,712304,152,20
209.0,209,25469.504045,0.0,0.008730356697430781,0.0,2.8955223880597014,0.5863895528295688,0.06754051859222912,-0.005421542051264454,0.002733646730489883,715860,179,20
209.0,209,25544.785539,0.0,0.008709717556302102,0.0,2.638059701492537,0.6159395549906677,0.06752778475090714,-0.005385791551610032,0.0026700746251626007,699137,171,21
209.0,209,25602.987028,0.0,0.00868917576961271,0.0,2.5597014925373136,0.6256998906435325,0.06756064521269935,-0.005350211162589502,0.0026181884412672034,696333,206,21
209.0,209,25689.551853,0.0,0.0086687306501548,0.0,2.8917910447761193,0.5808721214459179,0.06760470609612065,-0.005405650949395839,0.003043517761424548,726262,154,21
209.0,209,25757.340918,0.0,0.008648381517173214,0.0,2.9776119402985075,0.5795747613095642,0.06764855831869937,-0.005404180592533847,0.0030702996657791877,733796,166,21
209.0,209,25824.772491,0.0,0.008628127696289905,0.0,2.985074626865672,0.5713500402209075,0.0675904785586726,-0.005187964825824536,0.0030517440151909036,756317,152,21
209.0,209,25887.199199,0.0,0.008607968519429415,0.0,3.0597014925373136,0.5575391297165864,0.06761160538096365,-0.005141909948919184,0.002830305695567358,761019,161,21
208.0,209,25951.054525,0.004784688995215311,0.008599056445946399,0.002158273381294964,3.138059701492537,0.5486565952198323,0.06775714076790676,-0.005309873890495101,0.0028686818688056157,762551,145,20
206.0,209,25999.536367,0.014354066985645933,0.00861244019138756,0.024031007751937984,3.0559701492537314,0.5611184923769769,0.06773516504483877,-0.00530882072348115,0.002828378059867336,748808,192,21
200.0,209,26057.11583,0.0430622009569378,0.008692370030750785,0.046395431834404,3.2313432835820897,0.550496096500344,0.06770664188046631,-0.005173746038500734,0.0029788234767125434,756338,137,19
208.0,209,26108.739,0.004784688995215311,0.008683324472798157,0.007874015748031496,3.093283582089552,0.5652376622224009,0.06760516172280878,-0.005251103290318976,0.0029383833305401934,727124,158,20
209.0,209,26168.163043,0.0,0.008663270605655436,0.0,3.029850746268657,0.5732661216652103,0.06755913235392469,-0.005183137525915688,0.002641728158369931,722702,195,21
209.0,209,26229.280513,0.0,0.008643309152647013,0.0,3.08955223880597,0.5620642297454699,0.06766900570488084,-0.005137728945875916,0.0027690357305694873,752833,157,21
209.0,209,26296.478602,0.0,0.008623439476434031,0.0,3.1902985074626864,0.5508015934897267,0.06771180047042116,-0.005181289664048285,0.002962321927839169,753638,161,21
203.0,209,26359.053525,0.028708133971291867,0.008669505289495632,0.04043321299638989,3.33955223880597,0.5262408101032107,0.06761498865334588,-0.005202856035866497,0.0031881330602756405,764312,139,21
201.0,209,26412.238055,0.03827751196172249,0.008737258165175786,0.0405777166437414,3.2574626865671643,0.54768620103319,0.06757532915083503,-0.005323849076610409,0.003004329769373509,739225,174,21
209.0,209,26454.14077,0.0,0.008717310087173101,0.0,3.111940298507463,0.5687648677073452,0.06755193123588077,-0.00544382610612155,0.0030084302165408563,722579,195,21
209.0,209,26515.15785,0.0,0.008697452888796852,0.0,3.126865671641791,0.567522883999696,0.06757261912615169,-0.005343360379972293,0.002968533544429052,730806,174,21
209.0,209,26584.611779,0.0,0.008677685950413223,0.0,3.0261194029850746,0.5679054260099504,0.06761515088358215,-0.005374987659467108,0.0030823908822658315,748455,162,21
209.0,209,26655.832601,0.0,0.008658008658008658,0.0,2.925373134328358,0.5842261289226108,0.06747143545068511,-0.005264194720483299,0.0029549533774022676,753967,180,20
209.0,209,26732.714223,0.0,0.008638420403126285,0.0,3.0186567164179103,0.5715096717350984,0.06755768117841036,-0.005328616197682925,0.003232111464168332,745622,164,20
208.0,209,26801.384308,0.004784688995215311,0.008629721235162605,0.007851534618129907,3.2425373134328357,0.5496185550068335,0.06770963840983124,-0.005371013955920644,0.0031485254224362397,782185,146,21
203.0,209,26863.013342,0.028708133971291867,0.008674942885469201,0.03934191702432046,3.212686567164179,0.5528857336460131,0.06753848160709627,-0.00538090268719019,0.0026415340464388207,779657,157,21
198.0,209,26916.240633,0.05263157894736842,0.008773721842911671,0.07265917602996255,3.167910447761194,0.5586351821284191,0.06741512094587265,-0.005434428896843475,0.0028202625013558956,756315,167,21
209.0,209,26957.876812,0.0,0.008754049820842363,0.0,3.1417910447761193,0.565956717060158,0.06736003636402992,-0.005616943906319332,0.0025649628242729898,740728,214,21
209.0,209,27029.434306,0.0,0.00873446581676889,0.0,3.25,0.561227603959892,0.06725120939875605,-0.00573384588804423,0.0026239633724948167,732956,150,21
200.0,209,27088.306407,0.0430622009569378,0.00881109022556391,0.05945945945945946,3.3171641791044775,0.5392643656218178,0.0673541074045341,-0.0056999396603741054,0.002747607964830618,761394,170,21
209.0,209,27150.888282,0.0,0.008791466416598288,0.0,3.205223880597015,0.5596212555974269,0.06748228818388037,-0.0058161411354913616,0.0028059386993775333,750825,166,20
209.0,209,27219.021528,0.0,0.008771929824561403,0.0,3.1940298507462686,0.5620171714310572,0.0676206208568425,-0.005867461866861176,0.003024907214725506,758687,161,21
209.0,209,27292.03138,0.0,0.0087524798692963,0.0,3.1977611940298507,0.5659769080337507,0.06774763204366673,-0.005972066142237919,0.00309305934606946,759620,159,20
209.0,209,27348.066342,0.0,0.008733115975780158,0.0,3.1641791044776117,0.5662837535921426,0.06769253769595489,-0.005926701123403528,0.0031822647473409935,751922,184,20
209.0,209,27422.194356,0.0,0.00871383757406762,0.0,3.138059701492537,0.5684798738499055,0.06773358336973778,-0.005902848070919417,0.002834219470874666,747700,171,21
209.0,209,27501.512548,0.0,0.008694644099234872,0.0,3.0858208955223883,0.564267727947946,0.06779570921307222,-0.005921626161467968,0.002764134294401565,745811,146,20
209.0,209,27567.282472,0.0,0.008675534991324466,0.0,3.1417910447761193,0.5517078020722,0.0678893827370029,-0.005866066977119156,0.002853475618164653,749570,180,21
209.0,209,27600.991627,0.0,0.00865650969529086,0.0,3.0858208955223883,0.5694502760851831,0.06773920406435224,-0.006022438611346317,0.003048264182895851,729727,225,21
209.0,209,27680.230096,0.0,0.008637567660946678,0.0,3.3059701492537314,0.5378718471836383,0.06765305368099779,-0.0059035368416605945,0.0031154621972985246,760609,134,21
207.0,209,27735.440866,0.009569377990430622,0.00863960218131673,0.01664145234493192,3.08955223880597,0.5701261096664869,0.0675581689428427,-0.005932810655875906,0.002971674253920081,735878,198,21
208.0,209,27798.098096,0.004784688995215311,0.008631203677643307,0.007942238267148015,3.171641791044776,0.5604551627524037,0.06764173956931359,-0.0058882907133243605,0.0030808378196500673,757283,143,21
207.0,209,27865.005743,0.009569377990430622,0.00863324318701893,0.015151515151515152,3.279850746268657,0.548568165600619,0.06763122829474037,-0.005917470176579828,0.0026439760363441787,758244,155,21
209.0,209,27911.213972,0.0,0.0086145159783703,0.0,3.1828358208955225,0.5577913851216854,0.06770309882747069,-0.006030150753768844,0.0026277219430485763,772356,192,20
209.0,209,27968.53481,0.0,0.008595869839888979,0.0,3.1902985074626864,0.5625080986716733,0.0677433170721516,-0.006225908554356569,0.002611538823136145,764787,177,20
209.0,209,28030.430767,0.0,0.008577304246282306,0.0,2.917910447761194,0.596995575520688,0.06762700911005023,-0.006160228480893911,0.0022618774625278826,745152,161,20
209.0,209,28095.840266,0.0,0.008558818676786008,0.0,2.888059701492537,0.5923719626487262,0.06756321050058764,-0.006178039876439202,0.002184155511872445,722343,176,21
209.0,209,28191.108543,0.0,0.008540412615115501,0.0,3.0074626865671643,0.5676456810074231,0.06769687409190916,-0.006143883100170202,0.0023662252480385238,738690,153,21
209.0,209,28246.73877,0.0,0.00852208554941783,0.0,3.1082089552238807,0.570931847404446,0.06742608605602445,-0.006047739864340082,0.0024335939522601357,728722,190,21
209.0,209,28312.397226,0.0,0.008503836972224215,0.0,3.0671641791044775,0.5832998084933408,0.06734246801826937,-0.006169012338024676,0.0025626717920102507,728094,181,21
209.0,209,28372.204138,0.0,0.008485666380403222,0.0,3.037313432835821,0.569248394285934,0.06744480991513976,-0.006196962354227029,0.002567460276543312,739771,182,21
209.0,209,28441.161945,0.0,0.008467573275114517,0.0,3.0634328358208953,0.5610910665507681,0.06747468927483743,-0.006142480862622438,0.002829450983620051,758211,169,21
209.0,209,28501.135348,0.0,0.008449557161763209,0.0,3.1156716417910446,0.5520186317855155,0.06746337306598495,-0.006057432675229207,0.0029979158324863193,766492,155,21
209.0,209,28548.355717,0.0,0.008431617549954794,0.0,3.111940298507463,0.5535517771791846,0.06746235016904006,-0.006126421473209712,0.0029505173650240754,768897,195,20
201.0,209,28590.732527,0.03827751196172249,0.00849485037709837,0.04967602591792657,3.2238805970149254,0.5333415490503711,0.06749752072875238,-0.006154726973448794,0.0027093067241925756,784697,155,19
207.0,209,28627.021003,0.009569377990430622,0.008497122105667783,0.012738853503184714,3.1305970149253732,0.5617875209659087,0.06746719990205881,-0.006223346732232855,0.002581158562712971,756280,209,21
209.0,209,28692.246504,0.0,0.008479195687723337,0.0,3.138059701492537,0.5529389593933425,0.0676188827919004,-0.006179563663758437,0.0025247640669062476,761529,170,21
199.0,209,28751.357213,0.04784688995215311,0.008562075044069504,0.06878306878306878,3.167910447761194,0.5530380943670277,0.06760408835063905,-0.006085790339950826,0.002397740434438055,761713,130,21
209.0,209,28801.7472,0.0,0.008544087491455913,0.0,3.1156716417910446,0.5622400483594656,0.0674811172504689,-0.006154002129061692,0.0023014143052668933,753375,173,21
209.0,209,28848.367081,0.0,0.008526175358350135,0.0,3.171641791044776,0.5577225480825757,0.06739913398891183,-0.006130872890615515,0.002377483711707337,735884,194,21
209.0,209,28908.125044,0.0,0.00850833817140798,0.0,3.328358208955224,0.5413707388083552,0.06736797472060412,-0.006148223678232865,0.0023825628703825225,741437,170,21
207.0,209,28958.8413,0.009569377990430622,0.008510553285852703,0.017037037037037038,3.1044776119402986,0.567298765091293,0.06750957082409832,-0.0062159983880717305,0.002367519645375781,737635,176,21
209.0,209,29035.584271,0.0,0.008492822966507177,0.0,3.1007462686567164,0.5693395811114831,0.06751852335903648,-0.006202937598648825,0.0024831857161527714,749648,171,21
209.0,209,29094.21523,0.0,0.008475166369903211,0.0,3.1865671641791047,0.550686168275789,0.06750737374345392,-0.006159834667629768,0.0025983667409057165,760135,175,20
209.0,209,29161.86186,0.0,0.00845758303718557,0.0,3.2574626865671643,0.5344256416667649,0.06773654229279086,-0.0062971157407870895,0.0022625566890586363,783551,135,20
209.0,209,29202.264367,0.0,0.008440072513299058,0.0,3.2574626865671643,0.5352296549831167,0.06776494565217392,-0.006363890664961637,0.0022878037084398976,773833,192,21
207.0,209,29254.655798,0.009569377990430622,0.008442405789078256,0.01580135440180587,3.201492537313433,0.5341304649127976,0.06776467304068672,-0.006300908248008534,0.002322961426876564,773557,148,21
205.0,209,29324.977543,0.019138755980861243,0.008464460119370592,0.021497919556171984,3.220149253731343,0.5388647302502486,0.0676762048792136,-0.006168663190989772,0.0021192342898077765,778495,135,20
196.0,209,29392.546554,0.06220095693779904,0.0085750290428653,0.08086053412462908,3.25,0.5346870104301321,0.06762392755004766,-0.0061566571337782015,0.0021051795360660947,788281,115,20
205.0,209,29434.588861,0.019138755980861243,0.00859672047394948,0.026717557251908396,3.1529850746268657,0.549162362989585,0.06763519606774421,-0.006124329841738596,0.0021603623066327087,774469,196,21
207.0,209,29479.415527,0.009569377990430622,0.008598713624598008,0.010744435917114352,3.216417910447761,0.5433226980134038,0.06764508089718739,-0.006230467977372522,0.0022449463981961313,764043,173,21
209.0,209,29534.966215,0.0,0.008581129343157112,0.0,3.1343283582089554,0.5473016304414933,0.06766345916604984,-0.006296570441648162,0.0021613619541080683,762742,166,20
199.0,209,29594.965436,0.04784688995215311,0.008661263548481594,0.06428049671292914,3.1641791044776117,0.5427863322349517,0.06769827823962807,-0.006254678696662858,0.002285173949016981,782623,148,21
192.0,209,29659.929238,0.08133971291866028,0.008809284830294585,0.10211267605633803,3.2388059701492535,0.5464960686777125,0.06765897203979708,-0.0062133784262063,0.0022218726650674427,763844,142,20
202.0,209,29717.396848,0.03349282296650718,0.008859454623254366,0.04794007490636704,3.208955223880597,0.5489169759707961,0.06761317922251221,-0.006269746266606487,0.0021684098981534176,763799,163,20
207.0,209,29786.914469,0.009569377990430622,0.008860894630084338,0.010007698229407237,3.1044776119402986,0.572039259675554,0.06772093023255814,-0.006325581395348837,0.0022129742962056303,765370,138,21
209.0,209,29854.905595,0.0,0.0088429575964202,0.0,2.9925373134328357,0.5654833504699963,0.0678171477710243,-0.006273574764985244,0.002374577364316845,784910,169,21
202.0,209,29925.49957,0.03349282296650718,0.008892755304238558,0.04308390022675737,3.171641791044776,0.5444235096286428,0.0676152765857845,-0.006124678161816338,0.0024771787469766715,786129,156,21
197.0,209,29975.556611,0.05741626794258373,0.008990584966815866,0.07582582582582582,3.16044776119403,0.5489581313568769,0.06764136158780529,-0.006268677056057936,0.002248547204890347,776085,184,21
206.0,209,30054.758442,0.014354066985645933,0.009001376681139468,0.021497919556171984,3.25,0.5411994933430395,0.06767114504706671,-0.006294990236936438,0.0023897648121703145,761910,148,21
201.0,209,30119.787856,0.03827751196172249,0.009060164101381604,0.051846032992930086,3.156716417910448,0.5473677570203591,0.06774287376381617,-0.006331200310257902,0.0023754120612759356,773899,158,20
206.0,209,30179.304357,0.014354066985645933,0.009070773125197764,0.017164179104477612,3.082089552238806,0.5601462907897256,0.06761751785265031,-0.006289551603351847,0.002399705842509628,755052,171,21
209.0,209,30243.470734,0.0,0.009052631578947368,0.0,3.0111940298507465,0.5520887258812979,0.06763555598474241,-0.006160977258461687,0.0025010863792187727,768317,180,21
